122140263
3
26
1680
73
2
95
16696
4
11
89
53
712
45147
7446
74
364
818
161
7
1
55
2
37
8735
1553
45
1253
122
5351
838
1
52
12
128661
6375
32
352
2
2
1
90
166
1
419
662
11
1
37
1940
12
4
62
13
187
1
1048
264
34
3622
5
39
1
10
1
3692
8
49979
2
8
3
2166
253
192
8
2
3
2
12774
2
28322
233
48
64374
12
2648
329
7
31
16
3
491
3263
104
2
7
25038
6129
662
121
214
3
16
136
36
566
11
90
152
1
53
351
1
364
2108
35
14568
22
78
6955
1024
57
33
8
73
15
8
1
157
1
2
1
2
430
2
5
11569
9970
56
200
3
2171
14027
1
4
3660
2
6
4
1
4
1894
4
27312
8
1224
30
3
8
18657
1
1355
4
192
348
91
4
279
2
564
2
160
74
263
3
12
1188
415
136
168
317
29
10
3839
23
26396
1
245
25349
18187
1
19983
6120
2
6
48
65
2
3
2994
3
1
5
12
41
1
291
34040
2
299
6192
578
1
238
2104
1307
1111
16
1094
60
2172
2
14
3
20052
1
1
541
3
2345
7
5821
3524
1
34
2
79
1
143280
159
5
698
5
18384
11
3
8
901
3344
414
1
873
1
3
2
88
8
87
51
3339
15947
35
53
19
37
5543
10
573
3509
757
54
26
2
1
790
1
119336
67
61621
6464
5
1
371
1
27
575
8
53
545
38
31
54
9
228
322
97
25
940
8
24
4
43839
1
4
6
213
10
2
2
27532
347
3
312805
6
1
1
22
969
1
55207
23
1
322
15
27670
26
7
2
1
384
5720
181
76856
49
5
738
873
16
364
5955
1468
2
117845
27
8
22688
6
3
1
183
66
9
144
10
2
44
226
3449
6
55
4
1630
563
312
1
16
1439
9
20817
3
124
300
306
23357
23
68689
1242
278
347
47
391
1
1988
377
94
1
9
3
2332
391
6
2
14334
8
41
617
10
2
1
559
33055
19
42
33657
3413
4
1
2
6
24
1010
14341
6
8
2
89
654
6684
55
12
6
243
25
108
13859
27
1
92
292
1
315
163
1
101
554
10066
3
1
1
124
23
23
24
48
26
285
27875
11
1
2
2600
570
30756
170397
600
7
4967
5
3
51
910
1
1408
19
5
3
9
79279
124624
4
2
4
3
1
47081
4
4
24457
2
35
15720
2
7
2
24
18
128
204
6007
297
1
532
1
201
29
34
1
101
4
10
2
178
799
513
3574
4774
945
741
374
1
153
4351
18256
36
3
586
163
1
2
144
88
2307
103
9
4377
3
528
1
712
68801
157
3
2
27
3
3
24646
8009
91
1
508
6
4
22
136
37
1
4
1108
4
2638
126
47
833
7
1
1
73
1576
11456
1130
241
12963
59471
9
2
59737
59
1
412
871
16998
4101
681
8997
8649
5815
39
174
509
2715
5
1
6
2954
2
6
534
3
111
1
902
2
577
11813
113
475
370
2
1
3
527
6
14
7
18
14
2
7655
4
1995
6151
611
1
19
856
302
2
2
4
27
1
39
12911
39259
9
8
294
37
12
23
1
2294
6
6201
43
3
2
569
157
2
7
1
49
514
16990
4
29
16
1
4
5719
1
10
1
124
2
2
2
2
1106
1
2
233
246482
4
61
2317
5
140
175
15
10
109
103
333
250
12808
45
107
18
294
90
213
1
1337
5839
11
2
12
6
64
105
2
10500
12849
1
1
19
516
21
74
25
710
1549
6
10370
90
6
15
5288
9
42
4
487
4896
116
90
3
84
13
17083
86
3
798
11
324
15734
2
2
1
2
65557
266
4
213
25
2355
283
184
5
16754
10328
37
65096
124
2958
3
995
18796
1
10746
78
3
40
9
1853
973
1851
79782
33452
1
10
31075
542
997
65
318
127
13
944
3236
62
11
321
16
11
19
4
61
16
41
1
2
2
13
3
91480
61
2
224
276
81
323
28735
39
5
4
6
2041
173
1
28
51
149
4
19388
4985
54
6289
251
14
558
15
2
1
19
65
152
15064
4
13
1
142
218
90
1098
25
1245
57
13
8949
18581
4208
1
96
8
38
42038
11488
2
13
1
1
2
1122
3393
44
266
23
1683
12
4017
99
546
41
331
1
453
37337
6285
7
13
1
5763
56
1
1656
96
6258
78
58115
25
1
24
267
3062
52
4
1596
32
2
2
4
1
824
1382
39
325
16010
4
216
2
2816
2071
18
11715
2
418
58
2
59
272
6
24632
111
3
28
6
1
5
4
20
282
43
50469
3
107
2
14196
3
608
1
754
6
6902
29
31231
2
202369
1
6
4
26
22
2
1
23
34
1391
38
91
14
1801
21
3775
18366
411
226
377
11
718
13999
2066
1
49
3
35
57
81
43
30502
2945
393
4853
71270
3
66
541
2428
21
1638
26
1
30
444
10810
4
4
1
769
4
1
39
874
1836
8
39455
2
159
51
14143
5106
2000
115
38
1010
577
1743
7974
280
36040
27
5426
178
66
5212
261
1367
7
12
209
824
2
3
506
19
2027
78
140
7
3
36
58
42
4596
17
16750
39681
26
20
2
1
1
6482
457
1
2
323
825
86053
22295
3865
65
11042
54
7
9
7
2378
26
5
13
719
1869
31037
2
722
399
3
449
410
2
63
57284
2
40170
2659
273
630
10267
2998
118
97471
5030
270
176
311
2137
3
14
9
45
3853
1355
2
216
2
75
57
5441
1
1
72
149
948
1
2776
30717
1465
5
14
580
2
3
1
29
417
23047
1
2
143
4
5
5
91
3
23792
7
2
428
32
1
633
296
756
2520
25
2
2942
1
4
67
2030
12
154
30
25
2
44
392
15
9
62398
2
4
149
54
55
4205
3
6
269
1
341
2717
171
5936
376
77
61
1
224
5836
1736
1
1
3
45
1457
98
10717
3
2
49
8
216
142
86081
2
98
233
865
1
1176
11
1
3
12
12
421
1
17
3
64
6
2
596
58
182
2
2
1
1
1
471
652
615
7
82
44
7
177
18
9
1566
80443
448
17
740
22
7
1
33
192
29925
2
13066
4
5
4
99
35738
1
19
2
10
1
1
6
6469
2445
17
2
45
1
3
10991
61
4
1
580
17201
20
3553
639
13
18
23386
10
1
8316
31900
131742
287
7
10
19
3904
1978
4215
28
551
14547
4
6
3
2474
2
1
1
1
79
7305
3
59
3540
1
264
297481
59
3
29
6
6
21
1
188
1960
4
134
805
102
2
8335
6
204
72
34
682
55232
41720
3246
3
1
1566
2861
11
1
72
55
37
90
9
17
20035
7
191
794
47
373
36
2
3151
1
3
21098
7782
5404
1719
3753
1155
29
2892
12
1437
1
10
29
5787
3
120
6713
2
22450
45
158
1
4
1
1337
32
661
918
10
14665
51
659
1
274
1
76
148
10
2501
330
30
2
469
1
1
3
32
10003
9
9
11323
9
10745
4
1
2
354
8
610
1
625
61
15
2
10138
33
140
5871
12831
61461
54
615
4
1
10
4
2
1
7
1211
4
2829
1
1183
481
4
2968
22
9
599
1936
66
1
41308
16
454
4
25198
73
199
1614
2
20
388
304
4
8
3
32181
58854
49639
2
19
162687
381
2030
5
6503
83
95
730
407
50833
163
14028
1
9
4067
178
3089
16
40011
7035
1
607
9
3
108
11
17394
29
10623
4
305
4
2
1
14
277
1
3529
1
104
23
36
11
6
294
1
3150
2996
15
266
885
31
51
3515
82
28
2
3365
36
324
44875
1
2
1
20940
5
401
1
1
2
1
55613
2815
10
7
18
48
450
1
1
85
474
3590
126
11256
1
18
21354
20
92
1
97635
165
43
6
84
1
4
8
13054
8
1
10
135
147
21209
54
111
341
29711
16
3975
2
12102
33
14
151
1
2127
70
6396
1
27
17
271
3982
18
23
7352
1
1
20
13
1301
534
148
996
2
3526
15
115
1
1
13
2
10
76
8
2
1
2
17
8
15434
959
204
21
99
5
1398
7
67
2
155
14
1081
2
4659
11479
3
24
5886
1
6598
9
364
6831
5
11
116
28
64
2555
3010
678
7
52089
299
3
654
819
6133
83
8
2
18
2849
22924
68940
130
262550
1522
36
27
7
27
16
41470
2244
4
47
6
4
5534
4
6895
2
3
5510
26
7117
28
3
566
2
147079
22
15
10
1
174
7
1785
5
742
3082
41313
2582
7
11
1195
156208
632
8
48
6
2
212292
13
1302
354
544
14940
337
4
112997
33
115
20
4861
158
16
5
50
4
798
5
148354
25
2
1
217
259
1882
23
2
12
4
488
40
1
222
36
279
87
14747
10
221
103
75
10254
296
33
99
1
453
1
46
3
6
57
624
31270
1411
15972
269
1812
5225
51
25054
5
2
17
53
6
4
312
53025
39
423
17920
1
6
1
6
2
1
16
7
1
114
51
51
114
1
1
6300
1
67
50
2220
1
2
45
1742
19
12
51
8
40
46454
57
4987
12
8
42
1813
1
2
116
262
19302
13501
1185
59
641
49
16
4212
968
4
6
18
14
18
4534
60
22618
517
375
4
9
12
9
1713
2
47
2561
3834
461
4
19671
1
1
1514
1
34
60
32
4693
12
2
1
90
4
142
46974
1
18102
12
5
8
660
13
74
44
699
11549
755
1
3
1
14692
150
2
2
82
33873
1
14000
62
15638
177
4278
5
6673
2
7782
6
5648
78
1
3
1
97
164
1
3179
1
6
116
23
124
8
816
67
4579
1
188
1
89
59
48
2466
272
1
278
3644
5
552
2
115
42
256
1
13749
253
812
87
10
12
235
74
90
5040
828
116
1
2581
11
5
22082
481
8655
85
577
1
6
2
7
8
5444
3557
1464
2
2
6
4125
16416
5
304
13
2
4392
9
5
45581
980
186
1
1
39
3
4300
2
137
2
507
379
35742
2350
11259
2
13953
76
4
10252
10317
118
4259
658
9797
14
461
15908
20725
417
9775
145
780
1516
21
1
13
2
798
1
21
1
1419
1174
214
221
93
836
116
34297
1
1650
55284
2
1
2405
378
10
5
62
50660
939
9883
2
35
16152
59999
1
18
1
1
2
18854
128061
61
668
97
3
137
52
8289
1
3121
13938
113
94
10
514
1
9430
2
20
24
37
10
23989
4
1438
2
2497
1
38
136
1
32694
4
5814
6097
131
4
22
1
1654
30
3
488
57855
9723
568
286
131
2
58
192
993
1
29
200
7
42
14
3187
3
6
177
2
2016
105
144
1
4
3912
211
1
1310
8
6
53
18
650
1
3227
4806
1
239
43
32
2
26476
30
15806
5175
152
736
8
1
1
20537
10
22
13431
52331
16
1
4080
4
50558
4
751
290
1
2253
191
15
1
270
39
27
401
12
29
2174
609
4
849
25
10
193
25830
9
2003
166
7
18
1
26653
2308
1285
18033
1
25
2
57
86
113
18519
503
9
2
26
1
25
2
12
5
135
5
20807
34
36
4
1
2
69
1
123
1
43
28
150
403
19
6
241
74
9
20
16
1
12
3903
9530
24
2
5
34
48
610
232
3
24
11
3
4
67
53
63
7243
5
13
131
158
1
1
3
260901
3
3
503
15106
4
47
166
148
6389
3084
7012
5192
14
12968
1
39
75183
61
696
3
5
20838
28554
182
1
1680
1121
226515
5
137
2435
1
6740
2005
33
1
33
12
865
30
6
1
16
1189
40557
220
3
1
728
4
1
2
12249
180
50
92
8
1103
3
2
14
1
1
177
625
32
32
6
97
21
9111
201
1
738
112
2
64
1173
201
2
2
75
1822
34
2387
1
346
2
2
134
184
5635
135
1067
1
3
14
63
16099
28822
6048
8316
2820
92
8
190
70
3
4
1286
1639
46
37
788
23
24
375
78
118
6733
2
26
30
205
13691
31
3
5370
811
76
12
1
138
76
81
104
39
1
555
7704
2
1367
23
1091
7
19
11471
3
14823
242
25800
12
7163
467
2090
43
2
375
455
35
72
7
8
1656
1519
338
289
54
1
46
1023
1
271
12
728
17468
4
8
1
18846
27
5
18
1
31
72
130
1
22
14
9575
259
99895
225
77
5
41567
1
3691
121
919
33
5
27
176
37
88
1138
57
1
29
37
4
1701
29
4
28
16
1
2
17
62
778
3373
5
70
32
374
33
57692
32
78
26231
1747
19
2
34
3
1
1
333
2
92
18
1
37402
20
17
1097
1
14
1
1
23
4
1658
6
9445
26
3
1
4
36
110548
48
1
7
2
4
2
1
27
69182
11
2795
79
457871
2914
1
72
4
112
2
30
335
293
29
183
15
29124
190
9130
393
49
6161
1148
4
2
17
2
292
317207
1
5
31228
132
1
38697
5
8110
39
8
35
4354
116
2033
86784
11112
1
1702
23
7326
4
63
2
48
1
3953
74
24
154
12
1
6
1
18
2594
5
5
1475
13
810
12
13
1
6
1414
35
8
9
749
305
16
114
13
7
3700
3
6
19
2
4171
28986
189
31560
48
50
45519
976
713
3
9
40
3
1
571
1
5682
1467
1002
2
168
1
803
4364
20
9
4859
5
7
6
4
2
2
20
11113
3458
2
21
1
4
61
2
3
50918
2
1
534
303
24
17
2
3
12949
15
6936
8718
14107
62
149
1429
146
1
58
8
2
4
18
3222
1
13
16
4
556
4
7
8792
663
2021
260
2969
2
634
235
271
62
244
8
9
1
2
1
2338
2
2
1
7
61937
16
139
1
1
399
32
2
378
7
783
3
1893
2
1
315
301
9
11
590
5
159
39459
507
2696
25125
3
7
785
2
5105
3585
471
358
57
4304
3
1
8
72
4
8
2
687
620
106
3197
751
150
5
13372
36
16
17174
155
36116
1
1820
3210
5
48
3
67
13
8880
96
1670
769
1
199
13
5903
7029
1
1471
123
51
73
3
2416
1
490
1393
11
1
4
12341
1035
13
53
95
5
562
20295
5
3
103
836
209
7677
2
1
1
1475
2517
165937
2
393
1
1416
7
488
10
3865
2892
5
33
805
3
44
5
850
11
4
48
54
245
8
320
1309
19
1386
10694
25
11
2
19
11830
22
28360
581
12
76
7
1081
362
13651
3
145
3
103
48
2
3407
25182
31
1333
3
32
2
5836
2858
4
328
321
3
130
17
2913
1
10547
12
40
1379
7
2
96
289
1
22
1530
2
1439
2
15
9
11
1
55071
241
68
49
2689
3281
445
2
1579
14
11509
266
6
17978
1
158
35
21
2
59
19057
2
159
1
423
10
14295
798
87
36750
2452
6
1
3
771
5138
44
30
1
10
203
16
1
1
4
7
190
78
140
8973
952
3
5576
56
2
21522
539
2
1
3
70
26
322
1
3
9
35908
11343
20591
43
21
67
53
121
18
6970
1
3
233
10
2
2257
25
8808
6
176
36190
1
2
3374
16
141
1321
314
764
430
2
37
2
12
3
23
2
1
1140
2
34
1932
33218
13
12
19
3
2
7
304
1
20
1
1618
1920
820
48493
3
60
135
123
23
4
173
37
1
10
16
113092
1
1348
764
15
18491
133
33
8
20
1
11
140
11
1675
59
3
5
11
635
1
12
1
2708
580
2
4
833
1
115
5871
429
8
10
8
419
26
84
39
1
1
1
486
16
85
178
149
3493
1
12810
3518
48453
3
7
9027
4
1972
1
4
244
154600
13
2
303
1
8
293
37
12
269
170
31790
2
26
29
305
2
784
4450
585
36
1
23700
150
12
17643
586
24
21916
529
3
375
102
370
2
126
147
12
71
656
57
2
17304
162
15
6614
391
784
1
1
18757
18
876
289
25
3
2
5
24950
7447
1
74
11248
18
72510
262
62950
15
726
4
19
112
12
5
2668
1
38
2
3
57
201
1
18906
1561
2547
3519
4
2
75
7939
8
95
9848
52579
6
207
1449
116
1118
63
58313
21
85
138
14
12
8143
1
64
3927
3
2
2
93493
1342
194
1354
12
2
13840
53
2915
108
3
89672
192
226
1361
3
88
103909
11
2
15
65622
255
1
5
52
14
132
14
110
19
6
6
10
71695
905
1
10
844
2
40607
21
28671
36541
30
9
75967
39
63
199
1142
1
30987
14
4490
5024
1
179
23
11
59
1
543
795
2
1
1
2
215698
36
399
4
426
1
2023
102
1
47214
450
14
336
35
1
96
6084
326
8277
76
104
13
20
74
1
14
24
468
1
2
34
937
2636
178
99
1
1192
41
115
126
2
1
3
2
4
40
6
3
6
4
1
3
2
2
38
74
599
12
11
1172
2
6
12
125
1
11
6
389
3
1
1
555
5
19721
5
2
15
12
225
16
318
176
30758
6
4259
9
4
337
17
20
100
1
1
27
86455
89
137
9485
1
45
3
9
13
151
114
13
415
3
5138
31706
6
4
35
48
27
1
1
4831
38
142
11935
479
3208
1559
26
8
1886
113
39
49
2
1
2
158
1
1
1
1776
60849
1425
10188
69673
1
47
16826
3
12
1
2
242
14992
358
355
3
1348
1
4
1909
16
5489
79
286
3
423
31
5
8
14
7
5
1
6
3
591
21890
1
21038
28112
2
4041
85
3
81
10
9
46
8551
14157
3
20555
42
3
106
21
50
78
1293
124
474
130
10929
1
1191
1
7
252
21
272
66
7
422
1
15
1
1
16
8620
228
697
116
1
1095
85
1
7
8199
130111
140
6
66
3
6
1
698
39
12
124
3
3466
8
2495
37
88
1161
199
1172
2
2
37499
22094
183
6970
1
33
378
1
332
80
3
18
5
16
2
4
9
2
132
54954
1834
1
28
29
2
40801
2
630
1
3031
1149
14
4
152
23
33
407
604
16
7
39
1
1520
29
2
37
3
34
5
41
4
1
36
7
2
12
1
494
28611
258
3677
7300
154
6856
2006
1980
16
6
1733
443
354
1131
1
444
1
2
2
2
1265
4512
6
97
10904
6
663
1270
10
941
1566
27
118
164
118
5
71
1
1
62
69041
7
160
505
227011
2
6
1
1311
1
459
6
120
16744
22233
1
8834
1576
39
10
2712
1
1
2268
11
1
33
1304
357
3
2
7414
2404
24
2
5
42
3713
19018
35
969
28927
6
10288
7
17
3960
113
1
78
4551
1067
1
24
155
6630
2
867
384
1999
15
6563
46
2
2363
2025
840
1
27
7564
1
10
7
10
15
11
4
5268
3
269
2
6607
37
520
196
490
8
548
4
19
87
1
1151
3879
63
528
267
262
1
2
75
22
895
15
23969
1208
3626
181
1442
24
5
517
7
2
15
23
26605
39
19
21
6
1521
31124
22479
1
578
4293
626
2
2
54
27
3
1
48170
3247
15
4
52
38
1
1
56
826
2879
15245
9411
221
40
7
8
2
17274
309
301
88
7607
22
2
4
6
420
459
137
48172
39
108
90
26
972
475
1219
139
34
1
9
123
20
4
67
4
36046
195
2
6
1216
114
18989
413
30709
15
527
14608
3942
23
386
1971
873
237
21
1
9625
28
16089
13329
1592
244
1563
17
157
270
10
4899
151985
19
2
54
188
6996
10856
322
2684
1408
169144
72
4
1932
5835
54
36
189
1
6
2
9
32
2
51
6
3
711
2
4883
94
8310
2
1
726
43
16449
1
117530
16383
1394
13
21063
99454
136
24
50
13782
1
210
1024
42
905
9049
32
469
74
270
25
1515
11
7
347
7
285
3
1
2641
26
6
7
179
5
49
348
5729
6
24
195
27055
124
149
2243
1200
2
2120
11
57
1575
68
24
42
305
696
5820
10
115
8
47
89
16597
58
24
534
1275
15942
378
3187
6
64
10
1
8
33
15
138
761
23379
116
102
3113
10
14
6478
442
35
176439
6
7
32
2
364
69
4851
276
4
1
248
1067
240
6
1
5
4057
28
1099
14
1645
738
47345
242
7
2635
20
5
310
15
194
1
45
5462
1343
31679
1
232
44
113798
3
23837
4
649
330
191
5
803
1580
3871
3171
354
10
742
144
4143
23
47
11435
66
1
4
59
10077
4244
771
2
28
33047
9
405
93
1
11
22
7
312
55
1
389
122
29
86506
4123
11
1505
546
2
63571
655
2
2
18615
40
74
31928
1
27170
2
9
37714
8
1
3050
13
321
60
14
39
12026
28
58703
164
2
8365
8963
20
53
12
8
1
3126
414
12
234
41
610
1
2
1
4
2
3
2
52
100
48
455
39391
177
3
8
11
64
1
11
48836
18017
1
2
1080
9406
2
31
229640
2
3
983
3
19556
225
160
83674
11283
124
165
41
1
9
1
943
4
3
54008
154
1
28
116
2
2
3
138
5
24
6
4025
15
2
940
2128
21125
16
5
972
309
2
2
80702
10961
1
3185
152
14
391
74
13
31436
1305
146
572
14693
27543
22
1226
7
10289
1
52788
440
3985
21
831
48078
1
4
8
218
6771
87
35
2
22
3693
390
68
11
1
6
12892
234
1
65829
109
471
9
2
1
35
33
32
3
36
1888
23968
1
10359
34499
41
13
22644
103
15
1
18
82
348
8
10
67
5292
2
7
4
6503
50
1
10
31
287
321
12465
2
50118
37
159
46
6
117
875
1
709
46
880
17
6
23472
70
916
12
5
36
70
1034
161
1
3311
21
58680
2724
7056
10
5
1796
2114
1
11811
2595
2
3
1104
2592
61
244
4430
1369
8607
34
1234
16016
27
2
27
10
163
6267
21
42
6
116
22955
5
45
634
160116
9646
513
6
20606
13
966
853
2
2
6644
69810
25
39
87
9
2915
2747
1
205
486
1
294021
448
46469
20
29195
4
10
25
659
7
966
3835
54
59
153103
846
452
1
57
1
4
77
1
12
1
31029
123
2
5
676
1
27710
42
64
98
573
56
54
1
1
31
182
852
3108
11
1
155
6014
2
72
23
26891
32
40
2
11424
1
1
9990
10
1
1
33
65
158
5239
1
4815
4348
418
181
7907
5656
20195
6150
2
2
80
11
22
195
2163
798
3
1978
5353
2
2
332
21
22
930
24
103
105
1
107
111597
8
126
29253
1911
105335
5
12
122771
10
36269
6445
22
1
1
2
1
7
4
2
5
30
11
49
10
7
23
12919
1
480
1
105
957
226
1
32
4853
4358
1
2
31
5923
24
114
19
25371
2537
4
261
5455
81
17
42
10409
7
27
1
38773
2
38
114
954
7441
1
635
55199
2
141
60
4
72
63
11
6
132
5
205
616
1192
185
7147
49
1
72
1
70
1
30
22
1
38
1269
1
3
13689
3
5
34
13
96
2
24720
4909
5
303
435
25
60
4
411
8355
8206
16737
120
3
27
78
128
2
14
910
5
1124
3
648
2
2823
21
1
5
351
389
5
95
1
1697
1873
1
27
959
8230
6
1
2
56
2488
78
13874
12
73
124178
3
11
9097
1
3
28
16
38
11
169
37
10
982
8
5
3193
7
32022
838
5248
23689
3234
10
410
44
1
21548
44
215
2
2
9255
69
5
51027
34
186
2
934
1263
3
76
397
9
4
119
20
79781
2899
10375
1577
323
2
1409
1
1
411
19
1654
7
369
2
41
2
4
5
56
12783
224
6
1
1124
1594
1082
1
26924
757
1247
59
15
27
38
516
89
21
17065
2
122
4782
7
57
653
546
31
16208
4923
620
3
50
1
90
1884
129
8
74
348
7
18
3494
697
795
37
19
425
258
8
3283
6
788
4
1
1606
5213
1
1989
2
465
12
1
20
249
1
11
7650
1411
3
1
37
708
237
200
138950
26
54
25
150
15708
549
1
24
8
32
25
23201
34
493
22374
6
9
57308
6
1583
14
7
142
2
1307
2076
4704
36030
7
6604
12
8
9615
2
2
228
7
131941
93
691
1
45
317
2
108
6
478
22198
2
14963
118
40
7655
4
2993
6716
10
677
201
8
70
71
5
493
96
2
2
342
57
1
2604
6855
81
1810
97
1
14
58
11
1
687
14308
4
52
411
5
8
3
24
6
5
1391
1
1
43
1
2
304
14165
38
15978
497
21687
1
4240
217
68
2178
270
14085
525
287
68
1
159
316
14
115
4
17
1
7
19
132
7145
1
6881
22
159
16
6
2
18179
39
4
1
20947
1
7
445
21
1138
1
376
2
1
2
1
6909
246
8528
64
3
4
1
9025
4
143679
4140
1106
3061
12
2865
26
2
57
2
1099
4751
191
146
7
55325
206
243
91
3
6
341
53137
10
682
14
1258
5215
28
432
654
734
131
629
9150
30
4
25401
3406
653
123
1
952
390
20798
16340
694
6929
5
45
357
2130
640
7691
13
1
92183
132
3
2
154
16
190
1
3704
8012
324
30
21
18
1
48
1
435
40
5
1
71073
2
9
1
1
3006
11331
943
2
1
1
23802
5
41
6
342
2
1793
199
145
38
1
1620
393
6
87
4196
147278
1
7
11
1
48828
344
135
14
36
131
24
14
22
4
13
2450
3179
562
33
33
4
7
15
2
4508
8
2385
8007
115
53
35
1
5
8948
1666
1701
3099
145
1647
4556
49743
1
23
12
209
1
3
14
2
509
1
22
4656
838
53
19105
25
41
2
1
4
5
2214
7
216
1
15
9
1255
10269
9204
15
72
18
10
4
136
768
952
2623
1
3804
1
90
1562
11070
8
1111
67
74
15
3
13520
610
4
249
47
7
993
5711
1273
33
192
24519
2
65
189
5
3
1608
248
160
2
1
653
1
41635
1
57601
2330
26581
8
15378
14407
8597
6
129
45173
1
2
2
22
2542
56198
23272
1
14
12483
600
4
27
45
5443
491
4486
21
4079
1
146
4
2
4
3555
16
1
142
6330
1153
16
239
31804
791
2
5695
26875
1990
1
6
1
2
3114
1
2
342
26965
719
6
246
34
425
6
4169
55
21861
43
19
57260
122
1
24
1785
1
2
2251
1
28
259
1
4
306
1133
1
5
1
43
83
1
102
109
193
10560
7338
13
32
3894
7791
647
1082
87
393
1289
17
86
12
252
1
39
107
2
1
1252
1221
6419
255
2
295
18
3
7
353
2526
7397
1452
313
11
1860
75
12407
147
3422
3
1
1
1
41
2
456
1
15481
22
25
3442
113
3
26269
2004
1
12224
2
21
226
1341
3
151
2
74
17
7
2
3
20
4763
11734
1
128159
359
2
1
15
2
16
814
10
2103
1528
1249
1061
308
1
1
1
1154
2
41
3205
72
171
76
2
75181
550
11540
23
3340
4323
8455
9
34
3830
2476
849
4159
11
6
3340
2
1
2189
1
5
18
9
71
898
18
424
163
5
1777
13
32809
2
35655
1
14591
12680
8
63
1
14439
1319
2556
11015
5
1
9
6
150
21987
154
1
4
1245
2
22
238
7
3
2
108
35407
29
2
65
1
657
48
1
9
20
764
1
146
1
263
1
19
6
1
27093
559
2
245
1
1660
100
1251
2
2
1
1
242
26
720
5
28
294
100
1
2
2
87
1
9732
1
2
473
1567
135174
64
5313
713
67
474
21
25999
1
1
2
23234
5659
2
1
13
11
30
3
31
30
693
22718
56
6
21
281
124
7
3
28842
2267
1023
1
463
11
4464
191932
42
3359
19587
115
7050
37
2
35
348
1492
209
985
33190
9
1
2
3485
808
82
1
70746
28670
1
5
3919
1
8
5
47
3
197
12
185
6
14328
31
38
4
16
246
33
114
18
1407
91
731
22
9552
35367
12
75
2
36
40
15
15
18451
9
274
1
107
78
172
48
107
1
32749
209
3
8301
137
3
64273
12
270
24753
1
12
2
3288
117
11026
1
15285
3
18
3629
142
3469
619
32
46
210
161
301
2
34
9776
2
59
93
15
2
74
7
4
20
6137
35
336
1166
25
4
49
5
7
56328
1
40537
837
9153
3947
1
265
349
2
66
20
7411
4803
139
260
2
719
127
7
4
3
44994
10
26
204
821
2
37360
4
11523
133
1
440
3732
12
294
2
8546
37219
726
529
20
199
2
7504
4
1875
64264
1527
2
44
2
135
26
16
378
14785
14931
1753
2
57
1
7
47
35515
100
2643
2
292
2
180
126
11
3
8
2
2748
4933
2
5
15673
17
82
64
1
21
168
9
2
475
145
2
47
574
29
2256
15
76
1625
2460
23
2
462
242
17791
89695
323
141
3
7
963
9
2
1452
188
925
17
3446
936
3
1
1
26195
264
1
1682
342
1
120
1
5
2196
5398
5
228
69880
238
169
37
208
1
4
1
340
1490
8
1545
1
205
37
2
20
1
1
4
40877
148
36738
4
1
1
532
170
1
285
7
4
85
125
156887
308
80573
1269
4
42
82
125
1
19047
1
3413
2
3
12
46
2
2272
53435
7
910
86
88
8593
117124
2
256595
838
1168
1
312
33565
17
4784
11
737
170
15
23
3
464
7
164
265
4
4241
3
116
44
2
68
58
12679
5583
20097
1
3166
128
31445
95
9993
195
18
251
2
128
44
33
201
10
1
4582
71
50
1
11666
4
24647
1499
1
60630
1
7
43
38
24
34
2
938
40625
10
1536
3
111315
3
122
3
27288
11
2454
6
13044
10
690
10034
6
17
158
19
2
27924
629
71340
1
21
2729
28
2
49
1
27
47197
1181
603
143
2
1653
15
6
14
591
1
8
2732
2915
16
64
8610
7
77
1
3281
1343
96
23
5
40
11
5732
182
4
400
38750
975
12601
6
48
1
148
1
1306
12
1
4817
21
1086
13
2
63196
4
1
2514
1297
9354
546
9
93
14
9
1
1
281
73
72
5784
16
13
3
3
4
2
96241
725
76
3
1
725
13
5
63
393
4
100
1040
42
597
50
6
23
143
653
15
21052
6
125
445
1
18
1019
932
740
1
7416
2
1
4
25
1188
5
151
1
2
6
1116
1265
103
43935
47
1
929
11
1
4
284
2
961
58
2900
2
16374
4
699
148024
83
1020
221
224
83
46
1204
4
2
1
4
29
4909
1930
181
50
4597
1738
2753
12
305
2
2131
75
4690
8
516
585
2187
8
3
513
3
209
4
3
673
1867
141
5577
116
5280
12
1
1417
21
2170
131
2
1891
3
40982
747
9
1
90
42
29
5
3
12
451
1
7
101
144799
311
88
7343
1
15
1
4871
106
3
2
4027
1
26448
2
1
5
84
183
1386
15404
3
15656
27
10
7966
13
7
17
16
122
7
11
6
29
1
1838
3
12470
31
60024
3
1743
383
11
41
12619
440
2
32
2
115
5
2
6224
383
100
115
49044
373
3191
264
51
156432
39148
370
29
4
1973
1
6708
23
30
5
38817
1270
75
8
42
105
6
3
14
8
46
5
1
7
26
27
119
7
910
118
3222
4
2
39486
1138
2
23
1
4504
3
2247
11811
14167
3
209
22
44
38127
2685
41
3
2
8
1
4
1
5
13
629
1
22
5
17011
30413
5
4199
416
2034
12
4
610
13
46769
1
75546
220
2
15
93
11
1668
50
4
205
111204
349
18
73
1088
124
11
291
1
2674
21
2717
1
7
867
22599
16333
40840
257
4055
4
2
6
371
1
6
5
52
38078
66
15802
293
2
12435
291
33
43
385
13696
14
1504
12
44
10367
1
87
1
1
4436
33275
26
4
26
742
1
1
9988
7315
583
331
6
68565
14814
17294
1
510
3
1842
12003
86
625
96
137
11
8814
406
4
21
9
121
6
2
2
5
3
5082
1
6
2
9
1
65
256
6317
91
54
2
7
96
540
3
2
9
1
1
482
2
472
2
585
3117
136
1
13793
31
67
87
2362
20
1108
22
33358
23
3
2495
2
3418
88
25
599
4
2
955
42
6
32
3
1
96
74
8077
89
78
914
5
29
247
122
1
8906
1
6
379
1
2
22995
65
384
1
26503
935
47
1348
91
900
4
161
1685
1
108
12
1903
1600
179
60
1654
1
8058
1
2
2
11
15390
818
14
13
37
1
2382
22
16
2
2
838
5932
5
414
50
102
6
22
3553
2550
27
1
5
10
8
22
4
1
8
3
587
395963
1254
10
5
29
8
63
19
48233
5
71
259
47
9
2
134
8
1386
3
9076
1
3
24
3735
31
2102
1
15
12
437
656
73817
1
278
7952
1
4
3
13
1
1
9
17006
12231
5173
7
224
3682
180
34
2
6
43
2101
6
985
7713
1
8
43083
1
471
6
31
73
71
32893
19
1
40
151
3
231
74
490
26
31
53728
802
10
69
7949
8624
14
26
2
240
1381
36
3
1
1
476
53
28037
962
222
32
20
2289
5
64488
24
1558
492
274
161
782
272
1
31
7270
25355
124
1
424
32
1
757
19
21350
162
149
3
34097
1730
1151
72
214
3
2
48
2
29
206
9252
77
1562
1
218
71
16
2
20
17285
1
2
246
51
20
16
85
18570
130
7
12
2300
49755
1
604
1
8763
21
578
18899
89
17
17459
35
11
11
5
16136
531
25080
3
88
169739
9349
7796
357
2719
24
70
20295
2646
96
6996
2
9
3333
4
5
3937
2
181
3
1
44368
1
1
7
7
4
1148
4
1132
439
9120
22
3
1
2
33
139
90
76974
101414
185
9940
1
115
20562
1
10905
122
2
1
22396
1
2
8833
4482
1
1
101
260
1
60
104
13
74
26
1655
117
2
4
36
8082
112
526
16
233
50
8
14613
1
40
19
4
14383
1
36
63
164
1
8815
22
23
25
59409
125
1078
3
1
1
2295
41
891
26
32
32
21
271
1
23
13575
56
201
5835
29307
97
11
1
3
158
9753
42
113
76
48
7658
149
2
1
1127
43
1272
1
1
20
192
251
3073
2
22
6
844
6
23
2
511
1
124
122
267
14
6
2091
986
94189
222
2
1
3
1278
12
95
39720
2
2220
3536
3
1
97
1010
2528
4364
3423
7
676
4535
5
20
2
812
1
118
1458
4345
27
82
12
18
36
1779
30096
14
6370
216
4963
5
49
4874
4353
49020
9
2
3
7
171
1301
4874
54284
1
339
5454
10514
24
36
24
9
59
52
94
1777
1
17
3
3
1059
10
76413
25463
2
47
3
34513
2565
1
12
1
711
4277
2172
101574
99483
5
151
249
2
31449
8
16
701
138
4
5
1
1
3
22
5520
1
346
6182
4726
13916
25952
2
5607
1489
869
70
10
2
29747
11
1
23
156
17663
5
7279
15
98
13608
31
3
4768
36735
1
42
1
16
24787
30
1125
10
150
39
2417
71
2
16366
25767
300
2
10679
72
119
2
8
11283
4
18
9784
22850
11
16
9
1
5283
55176
8
24
4
67
928
149
7466
4436
54
1
633
8
290
43
1
701
11
340
109
229
678
13
1
362
1
6
2
2
56
57
1
1011
489
3
244
7
17
55
11
100
879
218
140
2265
14
13
2
22
5
305
60313
9
900
56998
2
4
139
11
153
24896
1806
9220
329
5764
11
6
2225
18
36
1
167
179
56
107
44
9856
6162
1
50
8
50
1
1
13
433
22
2087
1
56
67
32
75374
47
15
1050
6
71
65
3876
40
5
6
35
771
3
2208
446
5
8
2
10316
268
6
3
2
1
813
3
1
1533
625
305
72
4
1
71409
201
731
182
17
129
11
16
44
1
17
6317
71
1
216
16
4
95
3
22871
202
13432
2757
2
8
269
21
16216
34107
70976
42
13395
49
41
95
236
267
1
16589
1669
487
14
8
1
912
1
90
17
51
9
1090
3
1
23544
243
2
20220
8969
1988
435
3
3
970
1
1
39782
1
350
1
29
100
2218
1
38103
2
3
11027
1
1649
3027
1892
5109
1
6
57
18269
1
656
10941
2
3372
2060
7
4
2206
26
1
2
68206
7
1
3
2
2
38
5
101
1017
8
797
8
1
2
1
2
91
39
2719
2505
1414
1
46
432
1
10
6
1
75
11
17
28
231
10522
2
353
6983
1
112
1
1
18
10
634
3
2
1
1
288
6528
912
1034
72
1
7
7
639
2
391
3846
7
80277
123
312
1
34
165230
435
1056
1
12
37
1
14
49671
165
4
24
3
2
2
1
27
116
4
19469
4
5
34
73
28
185
9
9
194
868
292
53
1
198
1334
9340
22
148
1278
9
22
751
1
14
4
4336
1093
3
2
13
4
1
1
7
1
47
698
2
80
65
2
3662
1460
6
9879
2517
111991
7
1072
99
201
9
3
61
74
2576
7628
2
41
7743
7
679
11
1407
1
30
868
5348
1
32
1
1
5949
1
174
2
19
2
64562
222
1
4
588
9
1
13
45040
5
370
297
6012
7
6
209
20
33226
12200
1
47
1548
22044
950
20
773
1909
57745
469
434
1
1
430
2
42809
20
6
21
5
7
343
215
79
761
1
3
17
3
1816
5
5107
1
2
5
16
20429
1
486
1
1
3
1
22
2
200
216
7
3188
8
2
2
7
3
9886
5564
6
1
12
3261
4
10
6
77098
578
18709
15
64
572
1
2
133
14365
1
1
41814
14844
37830
408
47
16
19
575
178
41
2404
10
452
2
5
5161
353
60
24
25
1
3
3
2127
1
3
27
37
209
41
242
42353
1
23
71
8
643
22
126675
97
3
1
59
6
35
9
7
38
587
52
1
9
3
6
11557
2981
8
29
4
1
7
836
62107
4388
2
2
11075
8660
15
12
4
19
218661
31
131
3071
80
28505
1023
505
1732
5587
5
77
624
2
2
21
134
254
5
6140
11523
904
15830
34
1592
417
45286
4
11
523
220
2
9
61
1154
1
172
12
4
4
1
309314
874
2
5209
1889
3
20
1
8
18492
425
1
292
567
6
1
44
126
1682
415
249
257
1
1
1026
23
1
2
1
250
1
15099
37048
6278
7
1
91
293
2
2671
1
618
22
2482
4829
6309
82
2
22100
510
6
9348
3
191
19
26
1804
2
2
17
1
37
9
36
5
7
64
254
12
1435
13
118
3
3074
928
9137
3
180
30
2710
5958
1
141
26428
937
528
725
2128
1
99
34
92
4723
217
36
1
2
1882
1
311
369
901
24
93
2
19
1
1
5
1
23736
2
24229
27
5454
32
469
141
278
3
42
70
25103
214
20
955
1
39028
6748
37
2
3
21955
42823
2
446
8541
16479
398
709
18
203
4817
7
1048
1859
34772
3554
7
1141
1
5
1
10625
22
152
9
216
1
1
17
2070
5018
1718
1
1
4
11
1
5
785
27692
134
86
5
1
143
99
812
3
983
129
219
1876
2496
1
13326
10199
130
1523
15395
2394
36
268
11
691
74
13
120
19
33
89
27306
50
33
2
46
43
147
116
23
44
198250
455
6
1182
1
51769
20
1
21247
10957
25
1253
73
2
6
3
271
1641
2210
1
359
12817
346
4
18580
534
2
1458
7187
320
727
32694
1
2
10
5
76
23
2555
5
483
94967
15
5
1
13
26
142
2
26
7
102
87
238
14503
1643
2852
1
5
2
134
33
1
5
3
1
3
5503
2
70
8
2
109
5851
56
48
15345
1
5
14547
2037
2
945
1197
40
1
2
5
59
466
5
1
8918
148
587
6130
1
16
2332
107
13100
2
9832
5
58
24
22049
2
22
1
2
8
7
12017
2603
9
1058
85
44
636
3282
170
501
42964
15289
2
28
246
1
1
88
1095
56914
1
30
31
139
2206
337
172
139
457
18
6377
5
93
931
1
8
16105
211212
1
13
21996
2
11
2957
17
166
61
47
559
214
231
1
1
992
3613
8
6
19063
682
137
759
31
4
20743
116
26
4
2161
2
3343
3920
32
4085
4397
1
1
262
4
89
13268
1
1
2361
5949
125
161
171
298
6
315
5
106
224
8980
22
1537
635
2
4174
32
1141
26730
1
2929
129
1
33
10
174
1
6721
1149
83967
20
176
1826
17099
3093
67
37
4879
5400
9198
428
86
6817
1233
588
2
1474
7
3213
24
122
1
90
1
2442
13
10827
60
28
2
238
1231
2323
4
11
360
40
3
8
105
52
64
1
83
965
7
9509
3737
1201
765
49
40
8
59
538
27818
30
850
1229
11
228
1
19265
3
1
408
1
6281
7259
4
15
6
7918
22
6
170
20
29332
1
12
50
23
7
637
6
17
34871
51
4
114
1
210
3
17293
3828
117
23
563
2076
1
46338
4074
3
41
93
63456
1
101
14186
7
33627
6
1
2069
2834
89
98002
117
3
54
3439
6633
1
127
4208
1
3
6484
29
31
3
10
7
1415
193
493
126
137
1250
1314
22
2838
18
18370
2
28
3689
127
443
1995
29
41
14
2
250
7702
5
569
18
42
17
6735
257
7
51
1
45
1
67505
13
15
2
7
11
86
45468
1
16
3
1
290
2
2
601
5
3
18828
44
314
68
2405
29261
2392
52
91
8536
1
13
2
46
2
40
39
138302
10
922
1
6968
20
12802
14
5
8104
71
70
623
45
27649
48
4362
2
435
4
68
1308
125283
33
106
2
2
10
8
77
1278
12
1
77
14
18752
1
3
131
7
54636
13348
6322
1
3684
5
103
2
365
24
201
248
44
15048
1
37
2
2
1683
112
49
1
66839
808
24
6
61
102
20
21984
9
1
4402
8677
1
3
380
1
135
5
19
65
2
1
736
513
1709
9
24072
3
504
61
125
950
43
4
26
1
52
3
1
2
82
2
221
9
11
607
13
82
166
347
1
5315
29
157
5
12774
1119
56169
1
377
314
29798
517
38
14
3031
31773
572
42
8481
1
76230
97
3943
2
110
2
401
15
18
548
4141
16
826
90
12
53
107
6
25
203
65258
25
13
448
67
81
3
1758
84
421
18269
271
73
110
3576
2
2
104
14
32
2150
2
42
14
287
8
23
363
19
1
425
59
134498
1935
2
3
104
14
8903
24114
74
13020
1
59038
1
1
5
2107
106
275
169
334
143
2
1
2
7
14
54
2
39
288
9903
826
1
2933
1
246
6
64
689
2
15
5522
395
18
1
43
9
2990
4090
13
1
87
6536
1
4299
332
6
48
5
23
1
2
5093
13
662
219
28
106419
5
1
4
181
668
874
452
39
239
3
16153
292616
1
903
474
18
2
1580
299
1
556
3104
218
4845
667
1
295
15
2
3
1
4
6
22
5
916
1
157
4
7
16752
2
2250
22493
1163
31
3762
92
2338
2
5974
1
1184
214
3
5
11
154
10745
4096
9135
1
1207
865
4
14339
4145
12
37
21077
16334
7937
2
835
12
755
37
31
432
1413
1446
3218
7573
6
1
14
119
1
75318
212
199
17
114
3
21
41
1
106325
94
234
11
32
195
53
9
1936
11
86
27
10792
26
572
3197
2
81
11
2990
84
180
99
10
30296
2
2803
6
342
3274
672
8
74
7071
2674
12805
4
22337
1
1
28
40
14
10397
7
23519
2
25
1
3
87
11
17
16
2
4
252
7
4
1
543
2
92351
47
1
2
4285
29
1
43
44
87
86
6
9
7600
1
1
23
16
14
1
2
180
3445
6
8
108
4
1
1699
147
1883
2876
28666
4
19614
116
3
71
5
5
67
5228
38
1
2
138
430
14
9689
31532
270
3085
8059
10522
10
5
7
7
4
18
6154
2481
11163
1286
58
51290
2446
10947
18
62257
2
102
15285
158
1369
5
1
30167
7
9365
1
3
10
133
72
23
13143
51
514
4691
6642
53458
3
10
8156
2
333
59
62
25
31
6
49
20000
29150
1
6333
2
2
1
3
3195
9460
1
9
123
1
4
3
253
2196
1
25026
356
4
8
588
7
5
6
1
39
193
327
6
2
1
30
1
4290
5850
5
8
50216
33840
7868
220821
234
59886
90
18
228
3731
12
299
4
5001
36
8
22
230
27
3
1
13
122
87
3
6
50
1
1
143
2
295
683
4
681
153
2
16
722
357
1828
2
3
187519
64
2
48392
2
1
274
16
2
8
6996
40
9151
78
1
3
8
3285
2321
7
494
4
2496
40
2
893
22
1
15
1552
49
547
3
613
163
108
4
1
15208
5957
2
20
8938
126
1
7
28
2114
60
2
1387
2
4
2027
11
5
122
5
3
12
199
33
13
3
151925
3365
4116
1575
1
3759
17
2502
1
3
4807
1
58535
1232
1
206
2
5004
3
2
2653
2
1
4772
334
8
9916
13484
2925
98
3
418
1
13
979
16
1
11338
1
56
107
726
1
6284
2
316
483
1
1441
3
225
308
2
65
5
2
19
59430
605
644
4
18
23
847
1
498432
3
14
19
5789
31
10
1282
1694
22
1197
960
559
19
63
24
108937
249
8
5
46
5
58
1168
47955
75
115
12
10
822
4
17
1
16
5400
1
918
10
3
6
338
5390
1
7
9
339
1
1
13
117
4
175
382
2
30
25
2568
1
23690
113
1
13
17
17
4164
1
27
1743
162
1017
184
1148
16
15
27
2
1475
5
1
16
4469
28
33
55
3
1
9
2
9601
1
14409
9
3757
4040
730
2
39
5
85
64
1585
64
1359
13
5
1
30
1
1
3
1
1755
3
7
139
49387
1
2
2931
71115
2
30299
2
2
7287
2
14086
14
883
6202
86
2
1301
46254
361
3
3064
60
1214
2
1
178
75
4
4
5649
1
531
14489
67125
40876
1304
1
2
885
1
11786
2
1453
159
2
20
1
372
122
8
1
124
6120
3
527
1
1523
12782
3
1833
8
20872
50723
37
7175
2
5414
1
168
3
1
4983
3660
2518
15
27
2601
44
25
1
1
1996
2
5
27911
140
1069
4
4
1
237
709
129
685
88508
73154
3
131151
72
4
261
9265
13
120
4679
2103
8
1
944
601
399
1156
12
12
812
63
175614
93
1
2188
198
1
4
6832
3488
23
3
10436
1
4249
60
58
138
106
21
10
285
2
12
75
1
2
9
28
130
313
139
4
475
3979
6
874
42
2
23562
80
1118
3625
18
219
104
582
491
784
8
5
61
5271
1
422
1
136
31
6767
19371
788
10
2
32
57209
1
7851
185738
2
2
39
12
1
5
5834
1
105
1
24
59
72
34044
135
16
8
6
13
1692
14
10237
1589
43
70
406
23
2
166
168
9
1038
2
332
2
555
1
1
84
1503
1548
3
11
83525
1760
23
19128
241
4900
123
71
10
1015
1
1
1
4
33160
1408
4
2
2529
12
19721
827
1
5
32
5943
323
336
642
6
5
106
2497
35
2
251
1
2
323
3690
1811
2416
964
148
9199
104
6
1702
14
3364
3336
21
5719
124
2
135
1
53
10846
14008
1
5492
52
3535
144
1
2181
8134
124
8
7726
3
100
1011
26
72
35
159
1
1
45
102
22757
7
1
2
13
2919
27
351
36706
5159
34
1
13944
1
98
2673
1
23559
16875
111
102
2187
1
110
34763
65
2
6
1112
12
6
7
555
5
1062
17999
14
26
8
3570
163
6
18
2
31
1689
4
271
74
2
2420
10296
1
14
179579
58087
100
9
2
50140
25
622
76
2
1139
61
17
55
1
3
166
3
403
3
3171
3
4
21425
132
17189
4212
11
3981
2372
8
155
232
285
1
4
2
1
45
1
932
4
6
9
4
8
36
3
16
1
4096
97
32529
4
49
4
94
9
164
27
268
267
111
254
3921
24
70
7
90
52
195576
22
39
1
8
3097
1346
11
23
125070
29
3
63992
8019
7
1
1
14
1416
223
1691
3
161
4
7
24057
4
54
547
33
43
177
57
82
307
6
1
145
36
2
2
9
2
61
54
142
2
11638
8
2
4
1
72
441
496
1
47
8
1
13
112
2092
3
5
11
138
4
656
1
1
14
16387
1
180
3
2
79
2
1222
73
24
54
95078
2721
274
104
9
76
4
2
82
74
17
1
5
2
128276
1
1
18938
2
948
24
1
4
5592
34
14
11
2
15
4782
163
77872
34
3277
11
9
73
181
387
1671
211
3131
804
66
694
78
67252
148
1
28
10477
433
1
24496
38
4
189
19833
4
1
2
98
284
1029
3650
1
88
15
3
11
36
10
210
17967
1
6123
105
243
5
65
826
27
1425
92
2
19
174
43314
90
16179
24875
2
42
1703
4445
18632
338
14
1
2
8
15
75
3
1
14
1343
1
63
2
3
3
1
4
1981
4
7
4811
3
266
7306
112
30546
1
104099
1
179
1
2
11311
58
37
2
2666
61
148322
1
7
2159
88
455
161
1
6
2197
4
4
1
127851
1937
798
155
1
2473
33281
14
1
1
14
50167
37316
449
5
210
968
14
8
3
2
2
8
104830
2
244
684
5545
2495
3
4
71
150434
1848
6
387
1252
2
56
51
1638
71
13
118
12
3
8852
4
1
5
2008
146
14
1
2
2
1
230
31312
1
9
54
4840
48
691
1
39365
3
1
3
25
241
12567
286
39
334
47
2
754
2
10
12
256
144
3
3230
626
8
419
164
2
2088
1
219
9
1
15
4
19
7
9
29634
339
1479
25
37
1
2
96
1
875
45780
1321
1
100
295
134
11
4096
3
12284
183
1
2
1
225
1662
37
4
1
456
565
6
28
6
1
2
4
1
220
73
2
3071
17
13
8
169
4249
139
240
1
993
13
37
56057
7697
199
71
268
12
5
11
191
11598
15614
61
61
79
1
13
1
31731
12
1
98
34
1
2
1
16
49
1536
3
1
15365
19
96
43
5967
144
1
679
10798
185
868
20
6
169
38
1
170
3
19
4
5899
19590
10131
436
17374
10
7107
5303
249
60
103
160
2
6
1955
445
715
284
14
29
18861
2742
340
147
22
1718
1190
448
5559
4
184
27
1494
1
53310
1186
1
331
3467
2
5
6
3
2
101002
2
7
12
2
818
1
9
11863
6
2
1356
3
24
4
11487
8
1073
9
8
2
119
1763
7253
3
1
304
8325
11
1
62
2
4
1
258
154
224
11
1
22
3
102626
212
362
8
37
14
1020
981
18
307
2
4
6876
74859
5710
70
6618
12
44
5
9
484
105
579
86
387
760
1
4461
2181
290
3
2794
8
4
132
1
2
196
104
73
3342
24
104
10410
991
7
37
11574
711
54233
142
38
30
32312
1986
250
31
52
366
2
27233
30
14879
13918
6
2
11372
2
3
4
3513
1
1
4069
14
705
5
2
4
11
12
3132
17
17327
2
44
75
51
1
1
2
2
3
1
4
33
83404
355
2002
113
250
1071
611
2
1168
11240
2
827
12754
1
52
3
539
2
31533
12854
5
49
1
147296
3
1
3044
84960
29
15100
8962
5120
3906
8
1
6057
15
1461
1473
6239
17
14
62
62
3182
726
3
3910
47
3587
1
6511
34
24744
6208
883
269
64
4
72
2274
3
218
14
46
14833
16
31
2796
86
1
16
47
14
478
1
1
347
2
466
2544
1
7051
39
3
115
496
6
19
7
5495
3825
4934
1
19829
4
151
1
15
3
976
2721
13678
787
1
928
1
65
1
20
60840
2481
5281
148
43
432
333
1875
36
44187
36
1
5065
4
1158
338
2
99049
6
8
1
2
17
3
15208
1
5
1
8
1
18475
15
1
1
77
5137
2788
1959
4
12
12438
14450
53751
2
22
21092
2368
1
47621
62
2086
15337
22
2152
151
53
52
2
745
2
17
1
4795
154
3
1640
45
42
8
1
16
14
3
3501
94
73
1
5332
24
10
31
14
5
74
70749
15
34
1
1
54137
9472
38
6
217
5
21
1
2
34
50
21
18
1
4184
63
4
8674
1169
3
14501
1
4
1244
1
1
6806
202
61
16699
42
1
6327
2
5
31187
1391
4226
12567
2
81
4680
1216
35
39
3
1
222
18165
8
6
143
99
7
1
79
29571
344
6542
3475
1
150
431
5
8492
259
9
6
65
763
2043
8
61631
11981
715
2
721
19
5
884
1
5
352
75241
1
64
2859
40
5
1
1366
16
2
90
60
1
501
78
86200
296
886
52
2528
4
5054
34156
31
53
8
2960
120
111
186170
2
3522
6694
18
104
8
17
2
1
5
832
1122
2500
24386
7005
7745
2627
335
7
1020
8
2
466
221
2
194
384
747
9562
2901
122686
1
43
1838
4
103
12
29
4
10
6
11
305
67318
6
113
25
1
1
38027
19
8
7240
5
1
2750
147
3
81
1
175
30
93
3
2292
63
20
6
295
66
72
1
1
322
8
2
2
176
125
1
1
78
1279
49
9
33
53
4
143
148916
19
17
696
2
21288
128
1
1
25
90
10
14
2
1
2310
6
298
1188
442
5127
282
40192
12
4094
2
13
20
15
11
17189
9
75
174
24
461
1
5
1054
2
20
11
47
1995
700
602
40
116
1
7
7257
557
59
531
10652
70
973
2295
1
108
1
5
89
1045
17698
3
385
26
210
10018
3703
369
4166
55
37
85
349
11
368
37
44
50320
1
363
4
18236
398
8
1
77
22
2
20051
3563
2
8
123
1
112
11
440
107
8
1
70
20732
110
64
1663
4
1
31
10920
9
26560
7921
3
9
5264
20
1
44
10130
10530
20501
13
17094
73
11206
2
1
2
72
15
1
462
2
2
2
30790
6915
9237
7
17
1
1
1
4298
2916
3
43
1156
310
73495
1455
7603
1
118
1
1296
108
18307
24
18442
39924
5
98
6
20352
47
8
50
54
5
8
47
36983
76
3
850
7995
84
113
23371
2
3
179
18
37
5
29
36
16
15
1296
8119
2
6
2510
4
4
5
1411
1
4
40
1
12937
11
10
100
21
6
836
1425
114
811
18
5
8
60
358
91
39
25
2342
3
25
12
58
19499
119
1006
899
1
3
6
23
58
1
2800
94
2
82
362
10
118
1
691
1
2949
1
29
15
316
21595
6
45
1
10608
3087
56
112
47
16
4
1110
58
1
446
926
39203
101
31
19961
7
10
965
354
28
224
22130
5229
19
60
39
54
8623
103
138
48
13
48167
53
5
884
1
1
5
717
102
66
201
9263
1
77
4
31770
675
3
8855
11
1
105
182
163
47
2
672
53
45
4590
1226
1
11
999
260
4
1
18
12896
15449
28
7
4265
219
194
3
260
75
235
11
11
170
3
632
2
2
913
1
52
2
2
8
14
100
25921
695
2
2
261
2
22298
10
37
34
2
18
105
34
13
27
715
1
23003
10
1
5
101244
158
26476
59
1107
10334
65
26
4
4835
1
29
1
534
263
6633
321
2
261
23
3
94
18580
228
1
4
1
89
3
13
97
5
2
2493
862
72
29682
30
21956
12
411318
115
5648
38
320
4
553
1
1
1
1
1
10
32
250
69
8
2763
1204
1
4025
56112
127
13570
1183
10810
175
8
36
9
7
68
1
8
140
45
6
481
3
404
10
53
7893
237
1
12944
3
7
17258
119
1
1
1
14
33014
1
100
260
1
61
2711
21801
1
2229
1
7
1
5
2
3430
7
6
101969
113
449
1
394
4
4
2
51
23
26
10895
8734
9
87008
1
1921
4420
321
141
2
65912
925
10
183
21490
85
1
504
1508
498
1
156
1
1
1
34
1
48
5
6399
36
5
3
3
1
1
1
11854
16
4
42
2
138118
111600
503
794
8
1
14
209
1
84
2490
1069
244
4
3440
124
20
2887
7
2052
10
1977
1
37
23
2
9
4494
2
1
35601
11
1575
1
1
765
1056
278
18112
477
12
760
7860
33
343
2
14
597
1
4
3
4
7
15930
3
9
5
120
6
101
12194
188
35
3
96
6
140
16
3547
6
2
20
33109
142
2
24
133
6
242
3
31
70684
6
4
1
36127
6
1
9256
10
2
153
1
83
8194
180
5
1
53
157
68
11
4
11962
819
4
49
138
80
8930
4
71
461
24
28
47
152
2
1
1161
1
1
76
23
1
37658
1
10489
36
53103
80935
7
126
105
2
16188
365
2
3178
5965
323
62171
6
2
1
20
5
5906
9519
41
2
64
902
8
3
1
180
2426
21
1518
2
7
10435
6
15
55
1445
719
20
17
1086
24000
776
3
2786
23
8564
14
1262
790
285
2
944
8069
980
110
5226
346
84
17
1
544
467
2129
122
3
15146
731
8
1327
38
189
5
7
1
3
2
247
943
3
528
2354
22
3
218
1115
483
3
1449
1
10
5
3688
101
3
480
1
17
42
48
25
1
5466
1
12159
5
54597
26
1
3
5596
1
23
2460
33678
28
7
143
9713
22
27960
1
13
41616
2
191
1
6
18551
24
93
1441
2576
2
1
28806
9012
206
11416
93
52048
19
10820
21751
51
508
109
1
1
1
14
7
26
294
1824
3
18
21
78
119
25
27
1
3585
5
1
1580
31013
872
3365
457
39
2
5
22
113
2
1220
4359
14
3
1
5
13
7
265
129
429
51738
322
1
3
238
14
23
40219
1
1
57
1
6
2
73
127
1
905
26465
1
33
35
1
1677
45054
150
106
6
6831
655
119
54
38
12
144
1
33
1
70
1
44
3012
8620
1
5
6562
24
4
7
606
1
73
3104
1
1250
2868
214
3
229
191
1
21
14
10
10
574
5123
31
8
1
9
50
11
4278
1
45
1
92569
1
24501
3
199
4784
4242
14
154
1
1
1074
1
9
10
387652
277
35
2
357
41
1111
174
1
747
6
7
9
18795
26
102
1
5
165
3
3761
1
1
2
11
12
138
1
246
999
60
387
846
44
20
62
17
26
1
3980
14892
4860
63
49883
46
4
10
374
1
12
2676
7
3
2921
26
13
2
6723
56
1
23
5
9
5
19005
33
17
1
80
1
30
1640
129
135
81
627
40
184
3
73
269
19194
98
18
84
338
181
29
18
4
12
57973
2
86
1
13
5366
5
6
1
10318
7
1
20
317883
1
368
1
64
10
1
15005
437
1
1
375
37
25
34
2
2692
107
15
55
26267
998
14
12
3
4
17484
96
7
46
132
14
99
1
9
18
1
5974
2
3069
30
204
3381
117
307
13
472
216
366
3
77
103028
124
2844
29
24
1696
1
295048
284
17608
11263
21
11
31280
8724
537
1
192
1
774
7
31351
8027
61
492
30
4497
21
3968
18
245
4
39
2274
9
864
62
355
589
455
225
2
72
2
5
71
74
4287
474
15007
38585
216
3978
19068
4
324
1
2
13
11
16
3
13
1753
1
146
3
146
343
12700
1
1
212
4
59
2
3
173
6906
1
1
1
1810
1
1530
8198
13
8713
8
23
24
1
654
2
7
6379
5
1
28
11
66
275
438
2530
3253
2323
2
8
6
13704
1988
67
204
242
17
1
8299
2793
10807
7837
1
543
2072
1
7098
21
1
654
2
2
43268
76
12
2179
19
21
874
4
13
56
1055
17
178
3
1
2842
232
640
16
4
30
5
5812
2
297
644
2
340
4684
1
2
650
8
16
6
47
1
31
4
3859
1907
733
1
30
5111
205
1175
1
1
2
17917
6
1
434
21
1
4
1
506
3
232
12320
2282
773
47
2374
117
3
6
36
7406
6715
5487
21844
426
9206
1572
3773
2
42
69
8081
1
8
2
69252
13
964
2412
67
7955
1
9
51
307
5780
4496
1
75632
628
202
23036
930
3
1
5
18
1640
40
2
209
4563
729
42690
1
612
382
2036
215
19
1
96
174
5
17729
2202
14041
1
353
6538
404
412
250
17
978
15
82
15980
4
117
411
7009
475
10
4158
80
157
1
5
6705
159
1
12391
61
1965
4
76
1
984
6789
1
109
1573
70
339
10660
1
310
6
2123
8
6
266
10009
582
151
8
1
2
2
171
12103
46
151
912
22
115
10
1871
1691
1582
14
5
379
146
30
1
68
13
967
1
1
4
2656
3
2
46
1
4
128
4907
3
4
2877
1631
2287
25753
142
42
18
7671
1
128
2
58
3
2
37
5
374
11298
9757
32
1
2
1308
7
4
87
816
1
82
115
25113
7
17286
25
3926
367
1494
2
55
236
38
700
4
45060
3
73
412
2413
12
4
32
79953
32425
130
12
1117
1
2
1
3
10
26
6
1
1
1
169
19
404
26
2
613
77
2819
2
72
320
8
3405
21397
8
6
3941
2464
1
12476
496
14
95295
27
8
3
75
15
2589
38
652
6530
2
306
220717
12372
23
54358
3
113209
20
2512
214
14361
13
1
23
131
579
84
93
45
2
2
30
3
3
29
6
33
463
1015
341
2450
5655
42
7
729
352
62
2
5
17
9
418
93
5232
97
12
15862
10
8355
166
11
25
2
1
5
1
23840
15
127
1
138
149
2
1
1446
2
1
257353
52658
3282
3874
2
29
30
18
1
6
27954
13
469
11
2703
4715
308
1471
29607
4
1674
63
17388
15
2
4255
11
13833
10199
23
5286
2
8
9
9
1
79
35
6
504
530
149883
3401
19609
1
32823
56
1
7
1
295
1
1
96
9020
10962
637
2
267
68
5
132
7
132
5
79
8
3
9
138
136
130
10722
1
63
10
1125
1
33
3
4
230
5
13
10
138
1
2
7
18
1
4
1
14
73
4
97
18
9
1110
12613
65120
4
6
195
6118
11
580
5
69
29
1
12141
2
1
2
2
22
46
6283
5
35
13834
38
2610
89
1434
15
2172
38066
1
2
2
77
24
1
1
2
341
2
1579
113
3
24
772
2
13
18
1
1
39
3647
11975
1045
63
63
284
1
52
1107
3
131
3
139
2
2948
33998
1
2013
39340
1
4
16402
432
13
731
119
147726
8
1
124
219
12258
646
15
537
1330
19
4
1
6
1
1
5
398
629
16
10
2
8285
1
5132
1
13
104
25078
2347
91
5
1116
556
1
3
97
7
12
3776
1
8055
6365
51
1
699
632
141
3
67061
2
3729
8
130
940
5
29
3
38
6019
92
1
7783
49206
11677
2
6
105
3
2
1
171
1
275
5
7
8037
7154
856
6
347
3
53
1
7
158
18
1109
7681
31
2
2078
1064
39
3951
171811
398
70355
3
546
100
19305
6
181
9
24
1
13
207
1
4
1220
1763
2
351
22
4
20
137
10459
2
45
5
3628
21
11
4
146
1949
93
1461
1159
5
401
2
564
4
2
3708
1
2
10
2393
118
21323
7273
22
3
24
5998
67
1
12936
2
6
2
8
23
2
2
1346
531
280
2
5
1
1
1
4
30
4
509
143
180
1650
34
8150
1
6
18
676
6
12
12
156
3
16566
160
6621
6272
51
9
9805
3
3
14
3
6
1332
15
5458
4
2823
8954
1
576
551
131
444
10
645
29
3
1437
18
355
4415
18378
315
58
122
17
1717
1090
488
13556
3
2
28769
1
336
3
212
17
3
1
11
2
1
22482
1
787
36
893
1
217
1
1
138
9
23
17890
621
19
7755
1
1
221
616
7359
143
1120
278
24
511
2
1028
15436
1911
4082
276
1
34331
1800
2903
11
55796
1
61
1690
30
2717
102
13
27500
55
599
2
72
3535
3
14617
64357
26
13254
1
93
7
5157
76
29639
109
728
44
230
56
568
4
3124
817
1164
14
5339
31
4
1
9
1
697
5415
2
3
20899
30864
5
2404
679
1
1006
2
3
306
61
2625
27
155075
85
88
14440
99127
1
32718
3229
15
2
1
1206
9
851
287
25405
47
9
3
11
25
98
81
1
131
5
201721
31295
29
40
2520
12
7463
1
984
19179
96
5919
7
25
3
18166
13271
2
976
1
120750
9055
263
46
74
30
60
857
424
1
22
30807
5812
54
46
178
100846
556
1
55
9
6677
8
11
57
2923
21
55
1
2291
992
119
96
6207
20249
13140
83
1
2628
7243
306
13
4
151
17
12430
1078
1
9
1
9
13985
954
219
151
50
1468
1
7
56231
1
373
15115
4
140
33
103
35
557
4
13
13
876
35
4
6
1
8
17
30162
3
1793
265240
56
7
4
3433
14
151
1025
31
167
50
105
93
70
520
1
311
2
312
360
6
871
17
6
40
345
73
1049
55
27278
453
11
2
56
1
1422
11
9
14796
1
6013
1
16
16
2
63
267
2
27
2518
6030
329
2
74160
276
19
1
6121
186
117
709
217
12
1
59
1
7
4250
10
1240
45
29
635
840
4
2174
48285
2
2
1
2
8
72
29
4
3848
30
82
954
166
3
269
3
956
1
276
49221
10372
31533
2
109
99
4
31
46
1465
1851
479
3
2
1
17
265
25
6
7
2
80
949
27
10277
636
14685
61495
36
2
4
720
357
32326
1164
40
3042
1219
2
49
2
33
10558
12519
11
866
3
247
165
1
11052
152
756
34
44
2532
46
4838
1
37
9
6113
56
4
11522
42
5960
3
49401
48465
33
24
5
26
1
19
1
5696
1680
6
62
21
2
22353
5
2
9
5
18
3630
11
621
1821
2908
2448
79
5296
1131
4
1926
120
43766
3
59
28
1
1138
1065
18
1
14
2
9
3786
3322
442
4
818
17
13
1
131
2789
4
169760
1
86
1
9
8531
72629
2673
2501
2773
328
2
21869
235
658
2
405
148
14
710
3
1665
2174
2
5161
417
163
83
1880
104
117
32740
103
126881
12
15
41
4
10
51
11948
842
1
60
884
463
1
5
370
1464
1
10716
1
3036
79
30
3
2
4799
2802
12
12
5564
2
4735
56
23
5
72
27
106
450
22417
6432
7
1119
1
263
5
1
995
8
35
12844
259
1
1
17
28
1517
43
13579
791
30
22
5
2
9
10
28419
5468
70
2003
1
1314
3
4
3337
20
20
9808
4
539
60
3
25124
182
5
6876
4
1132
233
379
1
19
1
1
99
15448
18
114
297
2417
24
1071
26
80
1
1
2
776
2
9
417
5105
1577
11
1374
21
23
95
4337
2
4
132
7
3
14
31
10
56
56
451
9
1
13
160963
1119
9
17
7
55
46343
9
1
19
32
8449
108
1
1165
2
5597
1
2
2
5532
1
2
56
194
6
2
42
1927
13594
4
12
6953
1927
4
630
2
245
46381
1080
1518
1
198
13
4
1
29754
3
2
1815
865
5
3
24
6594
10
6
10
9
4
16230
26
26
2
531
1
35
581
1
1
637
7
7
215
32
29
1
2
1
888
1
1
12436
11
16
7
11
332
9
306
11
40
3
125
75
349
93
1
109
1
2
11
230
72
206
369
7
53
95440
6501
2171
33
177
4
49
9
20454
5783
4556
987
1
127
13
11
3
1613
1402
2527
1
2497
9269
627
8
911
5
13
2
1
3
7
3558
4410
572
475
45534
40299
47
29
4005
9
9
3276
46
5
279
2
4790
14
55
1
63
37908
10
29
2
7
35
827
12
11649
21
1533
466
4
326
26467
8
9
22305
5
4001
4
1
508
208
1
174
20
35360
1
54
337
31
1
1
1
2
61
16982
2
50
3
4
4
207
12
2
2817
212
5037
12
755
9
34510
3
17377
4
1413
1
2
8
9
24757
1
2303
34
12
396
76
3
25456
31
11224
1
376
3090
2568
1623
1365
398
7
52
11
4
17
153
9
2
2
11
6397
28476
2406
931
7
46
270997
1
1
32810
20
21
143
1
3872
34
26
1376
12
1
18688
2
10
4
734
29
4759
27
2002
614
2
36
2419
2197
2
1
572
24
2
11
357
1
106
358
21
1
1
23
3
37153
1
38659
1
81
3165
585
1
125
630
4079
3
49577
1
4
81
3057
372
6
20
18368
3
4
4
3318
9
25506
159
3502
66
98
84
194
94
363
1025
9704
3
31185
2010
2
23
1
6
126638
6
1
1056
16
513
1
3
1
127950
13529
50
20
76
7571
184
4
10037
17322
151
12371
2447
16757
23
467
12
4
3269
412
5092
139
2
35
70
2
8
2
56
1
4
432
5
153
25
5265
15740
12
6986
18
58
1815
19
49
383
47
1
4
6508
28
213
1
1
94
33625
13
1556
20
951
11
777
20042
3
13
10106
27
111
1
2
3
1
195
202
4
3
37
318
50
653
12924
101
2
1
3
2
1
37
5
32235
727
1
14598
512
147
28
21
39
5
57
380
7374
49
27316
103
2
40
83267
832
5577
17
2
10
94
2
5
74919
7
67
72
62
6
8
95
6139
101
1040
17
1
13124
1062
17
1
81974
13
63
945
49
175
8
3469
333
111
46
11209
50
85
2
5
1
790
14203
1
905
7
165
6672
2
846
6
17
10
1513
47
19
2086
4
1
5825
478
1
29340
1
459
609
32
49788
18
762
4916
29
2
607
2
13
373
95
11
2893
696
25
143
581
110
870
28
414
30
11
210125
156
283
11
47
1
29710
8
17
277
6
2
28843
2
44
1881
159
8
1
6
26776
18
17879
88651
4
15656
30425
3
3
1
16
451
16
46
1
11124
344
5
71
10914
1046
198
2
443
43
2
50
1
25372
92
1
989
2172
81
191
83
7767
2063
36
18352
2447
6
9533
238
13934
6991
82
23
17870
2
1
4
52
7494
16
17
2
17786
35
2396
9285
1
60
22086
341
8
311
408
27
239
38
34199
62
7
5
1
320409
1
29
26159
24
2
50
53239
1
1
3
26757
11
46
6483
5
336
76
7618
2
19
63
226
16
86
1
1
6
1
3072
1251
508
1
13968
114
748
1
1342
8716
5008
7
594
6
5545
5
1
2
36
1271
1
95
21
1
155
303
4363
1
2
7783
2
170
1548
1
4
4
1402
359
9946
7
35
225
1274
13
5
253
2
1244
31
422
12
1
402
28108
1
28141
4
519
2397
23
1
115
7
30
125
41
10
7
2258
9
12600
21
2609
1596
9360
34
2
413
728
57215
76
1125
9531
509
429
3
2
1
36033
1
1660
7
1
59275
11
4
11
15
5
287
1773
971
114
5
248
12
1
20532
42
133
504
13825
17
1396
19613
619
7730
29
1386
112
26549
3
16
186
15
165
6
10
9510
12
2585
139
2
41120
128
46
34
1124
4734
158988
21
914
267
42
3
2
11
77
26
2
125
6
2
12495
101
513
2
1
5862
70
2
806
2
32
1
106
19484
187
6886
5344
1
4
2
2
28665
260
1
585
3
16
15824
650
3
482
3
1413
11
1
2
16
5641
1974
7746
38
8272
6
1
2
64261
15584
981
25
56291
19
87
215
2593
12
445
14
62093
178
106
2
1017
19
1
7430
1
297
6
1652
50
5
1
5
5464
1716
3
110
280
26
369
377
2
1
1
15
1
36
10
1023
1519
53
5
38961
2031
16
1
4
13
32766
927
524
216
6
8
1
19229
1
1
18
1071
2110
4218
23
7713
12043
25404
9
4
8
91
1
23
69
3334
118918
6652
138
159
12
1
513
13
330
36
2
766
1
151
56
17
930
11
11
2
3
510
22
31
9
8
76
43
14
113
2
28
34480
2
11586
3
5
1309
1019
2704
40765
185
43
32466
466
106
4
954
2
5941
19
2
9
8
2596
15085
1
29
2885
8
56
23
269
30358
1684
215
10
33
1
261192
16
3282
2
1
1463
451
1
4
7444
2
26
664
1498
205
4024
47
10124
263
15
15906
1814
4
164
1
113
76
267
407
3
49
349
1
22
528
6
24870
69
2
390
463
10
5
2
3
80
631
7747
5570
55
62455
3
15638
1
93
2
1634
79
16889
6
589
77
6
636
195
4
159
149
56
2
32
1222
3
2
1272
5
2
3
2
3
46
2
14783
130
4
498
1406
16331
2
11
6
286
1
3
1
17
8001
37113
8
1445
8793
1716
261
13
6761
19
17
98
87
758
71
11
2
938
8
3676
26476
73
1
1978
1
1
40
413
300
1188
1790
5
145
7
1
1
63
4
36692
4
4
30
1953
51
2
2
630
34
1915
1108
660
82
26
78
1
100
30871
42
1099
333
36
1
5605
1
1
3
219
1
741
2112
2390
1
117
11
39806
126
34
103
20
17
9
19
1
1710
1551
62564
1
7
9
178
307
332
15
48
571
84
6
14
3
1
364
1
2
1
24661
2
1
2
2898
6920
1289
3187
3748
5
404
9314
2
18
2
18
50727
91
10
34
168
1
13068
34
19435
22
78
64
2622
53
37942
3
37077
36076
5
545
10
35
31
2
10665
4315
9
430
5
1
15792
54673
5
212
7926
2
1
1
16825
1
5
37
2960
12
29
149
108
33
4921
451
3961
10
1136
400
8
240
1792
78
1
14485
289
3
1
2
1280
241
6
10
2179
22
5
194
29
3
329
5
3201
22691
42
47
68
1076
1
71
22847
13
1
1
31
10
3
41
4459
13
935
3
148
783
140187
19
722
3880
14
7704
5
20
2
1159
67
79790
10
4
5
1
2005
790
42846
438
16
2947
23388
3905
5
36
37187
16
3
1
1
3593
92046
1
31
4304
2306
84
2
4
236936
16
31
7
5302
6
2
3
182
32655
12807
2
162
3542
6
38340
72
1300
8
6
797
1
344
1
20
154
355
4148
1
26
71
2678
26
4
6
1
4
17
38171
61
686
332
48756
241
7
224
17
2
7
10
14112
35
197
2
246
513
1
12
439
20013
175
1640
78
11
30
295
46081
2
42045
16
19
29080
6
95
8
53287
13
23971
155
1
2
307
172
1
154
150
1
473
14
3
2
19
1
2
3
60762
57
2
11617
13
1
2
191
2
5
86
35
32
38552
2
1
11226
2
1
235
6116
187
1
144
244
6
60
4
222
10
1
9
3
1490
142
4
445
2
47
2
10901
141
6662
6
22
49555
685
2
71170
1
1
118
74
37
6244
81
2
749
1939
2678
163
149
147
1
74458
68236
28
81
2
7
188
714
3159
3
59
82
39
1
7709
10
19
2
2160
4
4
2
36
4
2
2178
18
2154
8
24975
4143
5
12
1
2373
3
7
2
32859
1
1450
2790
370
15
356
2
233
306
3347
92
1
999
2554
269
9
1
12
2437
1
55322
1653
80
1717
644
454
21966
1
13
1861
260
8
468
5
3
1333
2
43
241735
1164
879
1
1
80
58167
7038
172
21
30661
57
1286
25
122
443
32
2973
1
1
255
1
4
33
38
3
1
12
134
6
1
436
287
3
4
271
7
3
1361
612
11
38214
162
40
2
10
1047
45
38
1349
1022
946
25
6
392
75
4232
50
6029
27379
24
1
8751
142
3407
11
202
56
47
1422
3
25759
819
2048
128
3
35
131760
14
42024
7
3174
4
100
647
3
1013
118
1
1782
64
26125
29
28
4
1
1
5
677
5929
1
7
2
29
21
1
7
42
1
7782
692
1
8
19
446
1
12347
6
596
4
1
2
7
13
129
880
2402
1
5
16
577
2
4
133
13035
909
39
192
27
185625
8
1
2431
4118
44
51
1
1
2
50
402
1589
1
13
159
194
180
319
1120
2
1
50406
13
5
11
1
1418
1
59507
1
7
89
28993
18
33273
50436
3
64
23950
2
5387
307
10
14
1
1029
6
43
8
38
58747
22
1
21
133
3
39
2
72345
41
4
170
3658
705
100
11
1
31
9
17
1048
11333
55
39
42261
463
1
945
169
4987
43
624
2328
9981
294
648
106064
25
4
1
2
2131
1
19
1
85
70
40
104
8826
1
2
14031
64
407
3
3
214
1206
1
377
557
5
1140
9055
19
35063
61
4982
9990
614
145
9
24
1159
1508
5247
318
6
2
3
2912
667
3
95
1
48
68
1
48
17786
16198
1520
619
4
1404
39176
1
7
2
50
471
80
87
1287
149
4
6
1531
1
1
76
78
1
7149
303
1928
45
745
50
1
9733
268
69
302
18
2167
3
5
9
4
1
226
1
325
31
403
1
2
3222
1
2
67
88
6
177531
124
2951
18944
16351
198
9
2995
47
99
91
1
2
24
1
12
68
8
5
1
1
399
2
1479
32
8
3662
3
7
43
162
1
51
4066
6
2
1
1
4
8
1
551
2
3194
5753
1
132
1147
189
1
24
17271
1565
51
11079
54
1
1
562
113366
1241
909
15
5692
2
48
13
239135
252
118
292
3
4
11
211
85
3415
1
1
3130
42
4
1081
2746
8
734
40245
368
9124
6
1
10084
14
1
188
45
362
27683
2446
29
21
62
9
16135
2
205580
16611
18877
429
2
936
5761
300
3
88234
7
5263
3939
5
167
9
11
11042
1176
370
40
1
8352
296993
2
15
6
122
5
71
18
2514
15
69
28578
391
288
1741
5
14823
662
5101
24
1
551
2834
101
5
46
1
69
777
114
2289
1580
858
2391
1
2
43
2
229
12
21
147
1
61
67352
14
7
16
244
2
2
2
9
29
11011
181
24
14
29
4890
2
151
108
8
301
129
1
65
1
28
1
417
672
171
36
22457
98
8
37
46
66
4
65
101
31
1
4894
2
107
1
158
1
1
195
1011
61885
78
7
643
3
2
6
79
561
2
21110
1
24
17
10290
91
47021
5
873
644
1
4
52
14
14
117
16
2
1359
398
2
253
15858
126
5
18
1
284
7
24
1
100
2
5
2672
1
561
2193
37
184
2
26999
2
620
2
696
2
371
4
4
7414
10
56
41835
1
15282
65
3
1
35
38
229
112
56
2610
2483
436
202
7
93
8236
2
98
354
125
1
21
17
28
1
6
902
236
2602
2
11
14
27
230
38
83129
132
163
41
1
5
80770
31
16798
1
1
2220
213
210
1
40
13
31830
25
1262
1006
4916
1
574
139
2608
1
7
1424
394
4937
773
7
1
31991
40
56631
134
2466
24
2
2906
1
23
2
45
9
205
65
18
34
11
23
22587
8
2
402
19154
3380
47
438
308
14
11
46
4
6211
8
40
2
1
1906
139
19
11
16
12
241
6232
10
4
407
910
54
14
388
146
2
11
1
2172
2
2
14940
19
8
30
1
131
479
17
34
31
10
4501
1
11
54
274
68694
160
81
14898
10
11
41
620
2
1148
3766
75
581
26550
68
192
3
42
1
11
182
16
1
2
809
5
725
18
80
1
4
2
1
6
5
7
4
877
10
1
647
11
10
76
1
4319
24532
4929
129
19
1
9118
70
54
54
2433
2
432
16
5362
2
276810
2364
29
5
5
9
21898
41
719
4731
8
21
130
23116
8
632
6
166
247
37694
35
1
87688
24010
13583
28
5
3
1
1622
52
2140
12
161778
268
12
99
1
412
2
4988
33
59
240
1
2
46
5185
2
1
1
4
2
3
1
4247
1146
1389
41244
1
3
2
1
275
12
92
8
2256
389
1
658
46
2
4
430
97
29
18336
5
9
2443
9
18
1
703
3464
114
8
35
7
22837
46
2591
6
5
5
791
31
1
108754
90
5
2645
5
1
1887
16633
689
119
31
148
26
3
1
58
1
76
4951
3
139
177
298
2
5
617
134
126
2
137
5
48695
1277
111
7872
52671
13704
1
3
22154
1
141
1
6
23711
10
1
25
152
7
8617
2
1
2
171
8799
156
592
15
2
27
2215
5
38
1
58562
8629
1
4
4377
40
558
212
19
1
136
47
397
90
1
19971
164
507
1
21
253
15013
14708
39
114993
75
55892
10513
5
2
30
5
1
739
2
2
41
179
1
2
1
11051
6
2
24884
9186
10
59
319
9565
4461
19
1
10
3182
3
1
381
14002
1121
14028
31381
2
546
890
16
269
62
350
81
211
1184
8
8
145
360
6
710
8
1114
1
40
19
2082
2775
63
1007
2
342
1550
13
7
1
2
1547
328
1
4
311
8
4
9
5652
6506
8
26
821
5
6
15
5
1
1
9
63
250
164
3
2
3139
4
5
122
812
2
26
1
4
1
28
26115
94
16
312
76
16376
3
1
13
2237
2800
10317
3
5104
1
3511
18
24
1
35236
281
11292
936
1
6030
149048
2374
334
8096
70
32
412
20
3400
111
4
3
30294
150902
1
2
31811
7084
53
478
11460
108
32085
99
7
3
2
2
46
2239
281
2
41469
177
182
21
8
2792
374
43448
3
815
1
35
34
35
13811
21
3
1
103
3789
3
826
197
39
1
10
1
156
80
402
1
2
21557
1773
1
35
1
6
27
131
103768
5398
110
58
11
6
14732
24928
1
29070
22385
3450
40546
51
1168
2555
4
11841
125
12
508
25075
688
8
394
14
73
260
1
359
2202
1
1
6
1
34300
18
2
1
83
15
993
12838
201
3
2
115
143
46
7
6
8
16
4723
10
1
211
1
5237
485
191
56
26444
1666
12
2
63
1
1
71
1199
685
10346
1
9725
4
1460
11
14
4
582
378
1
9
648
11374
4198
6779
12
4385
9601
46
4440
35
3
1955
168
1317
88
223
171
520
3
71
2647
93
1
107
14
9923
83
9114
7
2650
5655
102
4
1146
13
8647
6
164
1
12
217
28
18180
1462
527
411
5
31855
4
1
720
859
2294
28
5
3593
112
604
6
6
218
377
35
329
1
55
11351
769
96
19988
9
1
1166
2
567
9
6
3
6
9721
634
3495
53
5023
253
6
5
10
9
1160
49029
13513
5
4
349
1
21
48
1
2
5
1
12
2459
3
321
1362
3963
25
21713
81
10897
170
35
309
1285
205
2
104
1
2
975
65
1309
12
22566
29
2
8
16
972
94
18
1489
9
1
524
2146
217
116298
11
6
5
41097
617
12
1958
19170
35
7
29
4
81
1
22
120
3
1
33
2
4
76
5
35279
471
54
3
5
56
10
19
15402
8754
122
34
2
1
18
13232
17
5
10
76
66872
6119
37
5269
3
8
43
144
1257
56
192
681
1234
10
3
1
1
8
3
28356
4
18572
1451
42
61
509
45
636
13
2
21
577
3
543
102
61704
406
6551
11
1301
48
1
9
3590
16
4293
52
17824
157
157
2773
10
123
31814
149
462
1
12
1
30173
8
62
84087
66802
56716
135
1
10
275
88
1101
6
3983
738
5
1
7
200435
30
26
2744
3432
104
5427
28110
1
14077
84
42
4
1214
876
3
6
23
22
9
67
2
20732
120
455
17
2324
6
2
4
2
24775
3
267
199
206
10
143025
52
353
3547
126059
2
351
1
22431
241
300
3
1292
271
838
3990
32
33
285
60
23
2
36
143
36992
1738
2523
38333
58
5
1032
22
913
12
15
1
2
37546
1
6
7881
8
1
2
71
68
19
428
19
5
255
144
15
145
62
3
6
12
2599
1262
1069
8595
517
1
128
91
6
149
4525
279
24
71
9
3
4219
26545
77
17
42
564
3
3
17405
6
3
3
1517
1
16959
14922
10
4
1086
1564
25
28
80
329
10
31
4424
1218
427
4
2
3
10260
1
1
1
1
171
384
64
610
177406
1063
1
350
5
9
19
1
63
1
3967
846
19468
976
23
6608
2010
113
10
6
20
5289
704
215
21
1253
5
10870
7
25040
101
1
8
6654
188
2316
35
1822
7
1
257
1
49
5
2593
47
40
20
81
12
921
1
5
29
409
1
1
15
15830
388
6
43024
7
8
2023
2
9
20523
60
62
16
8065
5
85600
18
2619
5
22
1453
7768
33
2
3
25
149
2131
1
28
1
15
1417
18
882
1
1
127
18
1900
438
2082
118
11
3779
207
25175
3
199
9
4
598
163444
123
23
2
15
1
184
154
40
13
6
299800
36
27
7
945
7959
4
3284
10
21
248
2
15
10
4
209
3
1
1773
420
79
3
14347
57046
2
4
14
23
19343
37
21
158
147
999
393
8
1
191
456
2746
92
13
14
148
161
81
1
5
30
267
6785
4948
388
3
4
10297
1
8
8
5532
173
1
17
1918
839
2
2650
3203
3765
9332
37
647
19
5
3
34
12
3
1
3446
1625
2
7160
1336
10
15925
35554
22
2576
5608
4
78
900
3
1149
6
171
20
1
17002
2
13
3614
1
1
170
4
142
1
699
27
2
19
7351
63
177
615
7
198
28
2
1
100
34
1
26
2133
37708
9
7
9662
4
71
1
18972
3061
341
41
1890
5220
499
8
8266
11
194
843
29
5746
13
20343
24
2307
34934
32
154357
5
1642
2
5711
10
1
2
63
2
4387
387
2744
1
4
277
48
1
3
10
89
8749
5
3000
2
2
11
862
2
624
18
45
1
1
47598
1
8624
8
19
6471
569
1927
3554
360
3
4820
9
1
269
7
5
1814
79
13047
522
7
13
2
2289
201
17
13383
8696
51836
4127
3195
2746
1953
3
5
23774
5462
5
8034
1
1
19574
5
15
12496
4
2
15632
52
3
287
900
2
46
1
62
55
9
2
391
6
9
1
6442
19
18
434
2
179
2
9
2524
14
134
2386
44
1
416
1
37060
5
2818
27
16
235
8
13
12
2
179
193
1
4
130
1
4
10140
3
7
16314
4173
24929
26
32
1
5818
5
1
88
223
127
24855
9778
27
22842
15
17
19980
1
1
19070
4
697
1
2
519211
26
5176
3
74
458
6
1
20
1
162
3
53
2
98
33
100
35
34721
5720
7
20
25
154
14
946
21984
243
112
376
1
5
665
2
134
5
48
550
1450
95
2
9545
197
7
4
5516
2
1
130
259990
7
182
543
1
21728
1
30
2
21
1842
11457
10
2174
1
274
38
12
2090
7893
10289
320
987
68
685
1
1
11
3686
1062
334
1
10
1077
3405
19291
294
1102
34
3066
8
9
118538
113
16473
323
14704
2
3
8
1
15
348
223
106
1478
402
961
17800
2
1191
1
2425
20
1455
227
365
57
4
126
2702
47
560
21
3
5042
7
2815
3
23683
1926
500
64
34154
4
1
65007
90
226962
2
408
11
13370
797
460
90
2
819
975
1
1
884
2
9
2929
52
326
12426
1237
13
915
1
3205
2
6
2
1182
611
22
409
1
18
705
1
24079
11
27087
7691
3
4148
12383
21
15
6
4
1
3744
4335
3833
1
168
5789
357
4324
7022
657
14099
129
6
20
23
261
20
733
17
159
12
1741
844
8
2128
3
10
32
1693
2
19
42
1
15
1
4
2
18687
16
2903
1630
6735
6852
386
9619
1
1
439
19480
2209
1
35460
2
3
2
1
82
141
460
320
4
278
13
1566
1156
2238
74274
80
231
3
20
26
66
4
27
18
3
1
2826
6
55
6
43
9
1371
3
403
5
43
25
256
7
1
32
1149
255
10
5
40
543
29427
11012
1
4
59
14
18519
3
94
78
7
8547
509
7
2
6836
11
418
1
10485
6
6
58
32
222
5
25439
2
184
1
4
428
2
466
10
3
3
189
112
3452
110
2
973
80
775
129
1
5718
2
23
8
2019
47
3
10
1939
91405
8
5
11439
14066
62
9
759
4667
5
6
608
87
1
19
1
10
1
24056
8
864
245
10
39
14
2
5
15
1
93
14
21
18
19
458
2
2
2
32
1
4
1392
67
1
8
2
1
61
167
146
5853
30
1710
432
469
825
5
6604
8
16
90
113
18
2925
96
15271
61
8064
22712
4
18
11833
3
1
17
5499
284
2
12
50
102
33622
31061
1
38
27276
74
35
79
3
141
370
1
15
50363
1
146
6
2667
2
72572
8477
4
961
1
170010
80
6990
8
144
205
6
35
15
72329
3
45023
2
2
65763
46368
23248
2
83
9843
4
1
49027
30
288
52
194
1
1395
3106
209
16
1
7
3
324
54
788
351
284
496
6
531
47
11
3
1
74685
363
8
379
22
1
4
1
30025
68
63488
5
93
13
4
4
2
10
1825
3
25351
1
2
26
44
500
6
1
34
2403
121
3
2146
4484
140
64320
29425
429
21
2
1
2015
1
11
11
1
27
94
407
1
5
1044
2
5
5
8
191
171
1890
4
297
30
3175
1783
9
1186
16
105
88
80
11
3
2
65
19
59
4
139
340
2
23314
1201
34219
6
7
1
364
43
40
232
528
253
13
1
709
231
48
1422
527
24346
5278
182980
444
773
15
1272
14
134
554
633
12
1
4
9
81
7212
1091
24
27
5
7
1417
74
838
944
1024
30
14
43228
18
8896
1372
140
37
12
301
3681
9590
1
2
1
744
12
2
17
148376
4
170
2
5
8604
3138
14
36
17541
44
227
77
1
434
9202
6
2584
157
2
64
29
354
65193
8
4462
2
4
2
4
10
888
12
455
37
1
12
27308
48
12383
12929
1
2560
1
350
3
2
5813
25
22
2
15
3
10
29
4370
3
1
18
102
1534
2
39286
6068
1
2
1
7
5
2
12
2551
6
8453
7
74419
32
32
3
3789
6395
25
1
822
16
764
4623
78
2653
6671
80
1
12634
223
14094
1212
19
42
56
2334
2759
5599
7
262
90
4152
4
657
7
173
44
50897
26
1
736
1
565
1854
13
26010
31826
76
1547
788
97
7042
34
6
3508
174
2912
2
135
53
2
2578
4960
73
2048
34
10520
19
1
62
9
1547
18
4460
4
80
2
505
15
1
1
26
14910
13
12
13
38
214
47
1880
1
5
16
3
36
2655
1738
51
2
2
14
36
1
91
420
30
9080
14
7621
16
16
2
11
72863
4
39
2783
4
2
689
11
18
3
16
1213
15
1
33
14232
4
1
4
19
2
2
437
1401
167
60
15
316
1
7467
73
1025
684
18
12278
20
1812
1
498
335
2
1
5520
11914
6
4
14
303
4644
29
17807
3
4
2
1248
373
6
209
1694
11
1634
1
756
3110
2399
82
6252
86
1
1
1
98
1
171
12
7
18
14
14058
828
1
102
64
27
24
10
286
42380
47897
5
1071
21
27334
23
120434
552
2235
1
1
1091
62
834
519
147
91
57139
3
3
79504
1
195
530
2722
1
95
511
6
8
77
8609
1
2
7
11397
589
545
5
1
14646
93
31
8
1
9
60401
3
2
273
2
3735
1
1
30367
2
27
115
1
9
38933
454
2033
3160
26
4
163
1
2
148
2
56
783
30095
2
18072
126
23
334
14
79
1
9306
3
1
3
1
1
60
1882
3
10
216
16874
139
3134
1
110788
4
93
109
1894
598
6478
1
2512
21
1
765
1
82
464
516
98
174
1598
96
1
9
39250
18845
19023
1
5
119
148
4321
11
25
27
661
238
9
1
2
23
1
14
137
1294
1
194
4160
14
6
75
1843
213
1
6
2
108283
14
13
68
27
3
131
22
1195
14
2
52
4
421
179
130
2856
21
514
160005
3
2447
1
22673
1
2
1
3766
407
14
3
4
589
2
39189
3354
5267
6
2
32856
2
1705
3272
406
181
1
3448
1192
5
8
7
1077
11893
5978
207
423
37
2494
1
2
51
19
323
4
5
9
56
3264
11
33481
5
1
9055
612
1
99274
21
11
13
185243
614
38
288
352
2
28
189
4
229
9
54362
2452
62494
4193
940
42
67161
9
22
1977
21
1
3
89
8
6
11
442
2
258
422
6
563
418
6476
48
2264
73
16548
1
2
9
2
94
68
10
107532
4
467
5
160
1
3
39515
16689
10
1
1
3
236
71
1843
2
32
1
156
56
19305
42
1
48
90
36015
5
26
73
2
15
3258
305
8
6
4
98
63336
60
2
5354
1
3
291
11649
15868
25
539
2852
371
6
3587
115
4185
6
108
14648
1
1076
123
15
1
5
3
1
9
65
3618
1
3
1957
36
125305
1
2
3
28
67
6336
2
159
2016
1154
5
75
917
1
589
24113
153
1785
1
1
32
2
3174
2163
12
3
1204
2
5
1
4
162
213
2645
6294
61164
51
7
596
7000
6
3
1
4
2220
6700
39
6
8
117725
35
1860
2
23
1595
10
6
10425
7
601
2
35
1
3
8464
223
5
23
23
6
562
2
23869
1
2
3
1
5
62
135
6105
4
29
7097
563
108
304
249
3
2
219
5541
33
5
1
32
1
6720
10524
179
19500
1
5
76
104
20118
2
30
11308
5
167
2
51
38
194
21
27826
113
7694
15
131
5
61
7028
1
110
1
15284
45
43
5123
1
1
5307
443
2
3176
4
2
25100
151
96068
23
1572
265
10
69
18446
2
132057
163
14
2
1
184
69
4913
24
2
4
7769
2
12
1
1
2728
8
3
3
5
9
119
2
42
43495
17999
6504
12
5
238
14
3
242
43
11648
16
3
50
361
4
22
744
177
1095
2865
4232
1282
68
7
1
2
160
7
15
48
4
16
20
13546
5
1409
13
2760
62077
23059
28
1
8044
1146
5
65
544
482
80
8
1172
9
873
7
11701
443
1
12
1
29
1
1793
10698
1
1
589
4
359
1732
716
16
13
102
16543
352
2
12369
47
6
2179
15
3
19
26136
1
194
4
2
1
7243
685
101
3141
8
2
11291
26
2
381
24
213
58274
57710
1
1
1647
4
7479
175
277
4414
1
20
61393
20
87
7485
20
1
364
928
48
13732
7
1
2696
36
1000
1853
56489
15627
277
249
3
38
72
138
5
4
539
2
10
5704
183
7
63
1699
42
4
2
15
730
239
256
44488
15595
1
982
25
4
2
1436
10
31052
76602
12
1
2929
2256
934
4216
2
15451
5333
207
663
14
2
1
200
2652
529
1
1
307
26
8
8
12213
33081
3
1339
2318
88
12
203
285
206
85981
67
2
335
41497
5
22
7143
2
1
1
150620
2
2
35
8970
1
76
147
16346
36437
3
3
2
40
26
44474
6141
22
508
22660
30
64
277
907
7
6
2
30
2
2
12308
57
13
6507
462
6396
59
6
207
115
4
6094
2
9
952
62
130435
1
63718
1016
3
5045
86
5
41
44
3
8
2
897
1
55
1
16
1
442
121
144
2391
1
2
1
60
1
81
23659
240
3
8
1
25
13
110
48
1
88
1475
4
8
806
3702
27
2
2
300
37
23
2804
5
3
1045
4
926
33
27
2
19444
5
268
274
12
465
246
2
120
2
2
152
7
451
2
914
5851
1
27844
9
2
114
1897
1
3311
2
10431
3826
42
1892
4
196
35
2201
1
12875
2
390
902
1
129
7
2
9271
98
666
90026
6
6
11
535
118
551
624
3
10
15
25
5
559
775
64
1
7
7
2
25487
21
1594
16241
369289
25
96
389
3
68
1
22
116117
414
997
16793
2290
20692
5608
1094
21
1112
87
67
668
8529
5156
24135
5
69
2
60
1
11
297
9
78
189
339
39
5462
4
16961
743
202
220
10
2
19453
14
4
232
2
7285
2843
2643
1399
623
42
10394
265
22029
113
13
3335
25
3
10139
77
18
8
1
15
733
16
20890
44
3920
246
6422
2
659
12
1
637
28
224
2
6
51
3
32
632
4
119
3
21
1
238
1
487
1
11742
214
4
3
5
4
70
3
9
35
10
13
30
1
484
6172
45099
200
1250
202
3
6531
1
6331
5613
1
1
18326
27307
35
473
2590
2
3420
17
2
4
49
88
2
92
1
209
7
5709
27
9
992
551
57
2
16190
43
12024
273
2672
836
2
5
3
9
2283
1
7
9
14
6
44
1128
20284
58
9903
17
12
144511
1
1
4768
25
6139
68
239
1
930
528
439
2
3894
100
10714
7425
1
1499
2427
1
1
713
4258
1227
8400
9
3789
53
21173
4
3
885
476
1199
407
202
16
1869
13
660
1787
10435
3
5161
79
869
112
34431
19
4
11
15169
240
486
207
1
663
15
4
129
2
281
27
8
1
46
6
18
1
6
7
795
1
27
35
2406
439
299
32
2
4733
13
40128
4
215
42
29
1
1055
15
22
206
15
12
7017
1
3
4653
2054
693
2
19826
3
22
9988
356
186
132
554
74
9869
15
793
5
400
4
19
13
916
105
1
131
5
1539
98
179806
1
12
106
432
1
2303
67
21
22
1
44
76
27
4
1
2
969
643
385
12
21860
87
3
1
2173
12177
2
17
29
1757
6424
210
1
153
2
203
213
16237
4
2724
1354
9
4064
1
503
222
51
66
5512
270
7
200087
355
409
4
306
1
16293
8
13
1017
270
84
573
4010
6
1276
333
1
3620
5
19
4
107
88
1
39
96
2
139
240
48
1
1
1005
2359
32
86
98
523
4
3
2
4492
1
16
4
8
184
161
107062
99
13075
1693
874
71
2
9
5430
75116
27731
1
226
61
10
6
10197
2
3
1523
2296
2
7
14
48
16
24
17
170
25315
224
64766
951
1
13
1
14309
657
15
32
860
70
1
3206
2
5560
286
108
33
28
13
1
73
1088
4
8521
5292
115390
1326
257
50
25
1
1348
11
2
502
15939
1
451
1
1
21
2
1
18
1161
14812
4
48
1
2122
4
2
4
141
178256
32
98
221
607
7299
6
187
29049
1580
303
1
24
7248
8
1181
1
1417
1
1846
281
6
1009
8162
4259
813
12
472
40878
126064
376
3251
1006
2
1867
24
108
34
2
42
19
13955
51726
24
141
5
96
47206
4
450
261
3
8
6643
2325
372
1
587
19272
1128
1
535
1
10834
1
3668
5
64
3226
3
18
79
231
6
2482
6
1
633
1
20189
7
1
7
665
107
8270
6
33
7
15
54
82
13
20
4
5
372
2689
20179
107
17344
3
30
375
29
85
239
35610
12
428
1
7
7
525
44
4822
2
17
17075
25553
261
146
668
1
221
6028
6
36
2
34
1
39375
408
2517
788
107
24903
3
1
26689
36
1
9
12985
22
2
1175
1376
4895
14
5
1
1
2
288
261
1010
4
54
1
757
79
301358
58
31
2
29
1
7021
1
2
1
2
242
26
66
16450
1
15512
2
1
4
40
55
65
525
37929
29
1918
200
1
5656
52917
5
4471
1
19960
11
11397
522
8
6991
6
31
513
12563
407
894
131
8
4573
2
20366
1
7639
11
4
4
260
201
149
2
7
3
3
346
2
267
1
2
264
362
8
6
5530
10
3
7
1426
243
25
47407
2091
1
6824
4
16667
9
9
2005
40
22
88
7
388
123
6
769
503
14170
2252
8
91
14
401
425
1966
6
132
623
1576
3575
2
19
1472
2652
8
1360
4815
355
140
28
5440
3
123
4
20
8976
1131
91019
5
42
13
53
1
232
23816
2805
7
16936
802
20125
18
5607
2
7
3
28
16
4561
30
14
36
4
12
2
1
477
28174
3
243
178
2682
49
1
311456
50
59
104
1
1
11101
5
31
1202
196
681
2
1
161
6891
28
57
15161
2
126
50
69
1793
28
458
58683
27
2009
7900
11219
3
1048
2
442
9
184
6
3
115
20460
27
7
144
49
22
3390
39916
1091
6058
38831
1
7774
47
2
33
5
2
208
27007
2974
14966
112
1
462
2
369
1139
115
77
18893
2077
254
19
446
1754
3
4
7
1596
4426
489
33599
1
8035
21
236
1748
3
133
30
9884
1
10
1092
28
15
1644
10
5246
19
18217
126
18446
4
2280
259
516
3
853
26255
588
2
349
872
1
1
1
2
93
2
1
86
13
4388
3
2
101
125
4651
26
35605
1
22
3960
58
11355
2841
3
12
6
12044
48
3512
248
6621
9
12491
33079
1
23
17
3
201
244
43
2641
15
1
66
15050
2
8
3300
31
28
46
2
272
5
1
1
1703
2
8
37
1929
4
4
1498
7
26609
991
1
1431
1507
1150
239
9
488
1
3
183
3761
254
100
89785
22741
794
6
186
585
3
13
53979
12
3368
49124
10
15
356
13
7
2
3662
14
474
13
493
20705
2
1
2415
2
16
158
51
2163
445
7941
1167
3
2
2096
7
944
1
19023
7
5
1
31472
8640
141
8
13480
4
1
2826
2
3
1
78
32697
53233
5
1
1615
15
1406
6767
2
55
9
9
5865
8265
1
48498
62
6656
5
9467
2438
228
8139
292
3558
2
1
1
43
974
19
3717
2
154
84750
375
562
208
3
1
3
1
679
4
1790
12951
1
243
28659
3604
9233
4
11
121
70
2866
1
8643
3
833
4
198
8
2
4
8
33
2
69
36
2
12137
2198
1
5
43
44074
38
17
23881
801
8
1
1337
5
6
812
9
12
68
2
349
4
38
10221
22447
84
50
4
7895
3
23
2971
108
40
380
4
1453
1821
6041
161981
1
4
2
159
995
4
1
224
76
7114
171
5
42357
46
30
3241
3
63
11348
1
11130
7435
153
22680
10660
388
1
131
652
50
78
5
1
6
1587
8325
92
1
83
127
1
612
6862
707
1704
30820
568
13168
6
2
12
28
3
7
91264
69
6
1
367
9
304
78
469
7
17
2
2
126
1171
18
178
1482
37795
1
664
5740
3841
6369
6558
1
46
3
259
1
1
73
14
53562
92
88
1
103
28635
16423
1
4202
67
2416
192
65
5
1848
9
3845
120
202
8
14959
13128
630
20
54912
14
3
9
325
1
1
14108
6
3
1
761
93
25
25
16
17
198
58147
42
51862
3917
4
1
42
296
130832
4
1
12
5274
1
1
4733
824
6
132765
1
68
4377
30
90
13
64
1892
14
44
17392
9
371
1
11
140407
195
1
3313
51
17
1
5306
2
29
44
57
31587
19
2926
327
2
9
2
22
2
11057
6831
24
10742
67
6
74
45
22
22
115
2
98377
52
5
1
412
142
8252
30
83
147
85
1
66
17
4
942
1
21
225
54
84
16
10369
9
3
5
17497
4
1
9
17
4
2
1
12
753
4
6
4441
835
2
8
85
49
6
1
1068
37299
2433
711
1215
554
1
1
3
1
1
13
99
561
3
35
2
9
81
48
21437
3731
128
1
42
745
3381
9679
2
587
8
11
9
43
1
1
22
16
1
10
19
1523
51
6281
1
2
63
65009
3
164
3
6
73
456
761
1
32
362
372
1
1
82
735
5
1
1801
72
127
128
32
12887
5730
2
295
10
17
3
11
932
3
8
53
5211
169
1
2
103
53
7
4
27
9190
105
3
15
55
409
2561
1
580
539
7
19
5
54
1
605
2
2
2346
109561
89
11680
164
12
3
60620
182
37
2
423
55
81
2034
18566
1931
8
19500
1
272
35624
19
777
5752
139
185
45
14
832
2
3951
100
339
50
1
95
2
9860
158
2060
18
2
6431
52
2
3
162
1
1215
17
472
3
754
55
4652
2
91268
1
1180
3253
60
7546
888
345
19282
13
802
31
2
5
13
2
51
72
5352
54409
265
1979
314
445
288
76
2
3516
50
1
1
5837
89
27
8
9
4
2974
10283
2
862
1740
1
1
50
94
48
1011
9
1
16422
88
362
10806
725
20
88056
1
15
2
134
2502
18408
10765
1
2
9087
6
2
12886
35217
2
4
241
1
1
12
2
9
140
4
23
243
8
28
3794
1
91
16258
17
1
2521
3
2
1
2
4247
212
120
4
23
3629
11
1337
82
2
90
12
414
1598
1
25648
2
28
26456
1264
33
4
2
13
1401
27942
9
18
33
529
4
22
14
2
4657
95
1
2
115
208283
1400
8
3
6052
8
388
3
2153
1
4173
1
4373
662
1
41
90
82653
7
1
1762
1
10
2
30220
25
5
16160
91
164
9
1
3
2096
139
239
1
16164
119
3
1350
1
3363
6
5
59
7158
1026
2
805
4900
56
1
2241
1764
108
867
1
10
1
3227
6
38
89
326
58038
862
2
233574
1
142
17
330
12
3
28
112
7700
63
33
4
30813
216
1
13
34
420
4456
1
1246
20
229
286
1
471
3
11
24
27162
5
22
5
54
260
2043
36
21
4747
3
3
47419
32313
2
9
45968
5109
3979
20
34
7682
582
5
25
74
20037
7
13
19482
36615
12480
12
10
296
7
717
5
1
45
417
7291
1
1
3
2
1016
2
88
5
1
48086
40
25
7
33
15
12923
2
2
205
6
8
67218
867
3
118
189
2
2340
2884
46
4001
2
55
437
245
42
25
479
576
3
3
152
54053
224
970
1
43
5
11966
52
162
7
2
37
5797
17
21
12
10
11
34
31
2178
35
2
2
11
101
473
1583
5
2882
3
37851
94
14
7559
1363
88
13
1
14
2
6335
1
2548
134
3
416
108
687
884
2
707
3967
1
5
6
115
37
7
156
2633
8
2
7758
324
18608
349
6
221
2
90
81
49
12
1
5
65
1468
278
3
4
3
7466
1993
3
3533
42
25
73
176
67266
1
15546
357
286
2
7408
2869
2034
3228
19
2052
124
1762
11
486
9
8416
45
503
1
52
1
304
1
48924
18
4408
1
39
382
510
71874
1634
5768
865
15
4
6
2
28948
70
500
35
10
200
1776
23376
2786
36
11
977
7
835
36
36347
1211
413
6001
21
13
23
1470
1
4016
41
14
53
467
2
44
125
1
6
42741
4028
2
5
95
12
23
268
29
36
33659
116
2
694
35174
471
106
31596
1021
42
438
10
16429
3
17731
5
17200
4
2
9
15
27
183
7
9
6
2472
2
955
3230
857
1
1682
2
678
172
164
2
31
33
50
165
1
17936
12
43365
209
3542
6247
1
3563
14
3
28
33
230
40
3
2
9614
2
91
2
636
8
29
333
9
3
4403
207
16628
35
1
5
4040
2290
11046
1
19323
10772
4
27435
5
46270
369
26541
451
261
1409
4
1
1
1
92766
194
368
22916
3
1146
4
7880
7
5751
5
45789
40159
9
233
20
241
81
10
49
157
113
2
67
21
8
6
88
338
22316
4
439
3
49
1
13827
2
2880
230
50318
14
6
1
22
151
2
20411
4
307
26
1
16
1
105222
304
1
21
516
4
23
3
195
31
1
105
3361
23939
21159
1
8
2
625
2
148056
7222
2
10
92
1054
5113
75
1
1694
711
3375
14175
4
25509
1
14
16
1
164
205
6
5
11439
9294
1
4
1
130
7151
944
11
4937
2
2
25
337
75
7
8
898
468
6
207
37137
91
6
16
974
2
18
19078
21
5
46
45948
1
35399
2
997
1
17300
1
146
12
95
234
3610
5
1
7
246
1529
35
4689
448
3
78
29
3
79
26600
43387
15
21
1
49
2
2
73
300
27
6
343
288
188
1
934
9
102427
4
22
1497
203
1813
59770
19341
706
3
2
5
64
4
14
4131
16
789
40
1000
7
1
1
1
36340
7
9
2
16
1
43
18
8
13
340
101
31862
1714
1
450
2
34628
2
515
10
2
60904
51606
669
237
1
48
24061
9
1
4921
1
5
4
7
29
11891
6
5
1
99
2
17
6757
1
336
7780
3
15137
1
6
1
147
2
31101
1224
9
178048
1
14077
6
1027
94
5998
3
47916
439
60
13
26101
883
13769
1
264
49703
28788
115049
6521
1365
837
1239
39
1
21
30
2272
5
56
3737
43
1
76
699
573
1951
4
745
26363
2
1
3
1
5
6212
679
1
224
1
5092
3
65
542
18
30
3
1
8
2
37
1
167
966
10
1
30
772
62
59
979
9
4216
89
21
369
21284
4
11825
6115
87
3
1328
190
15631
457
772
11
9
1
10
1
3
161
12
1
2
6
20
2
63
10357
9
3559
5145
565
17
225
8
59946
702
814
1071
2
138
3301
2
28088
69
9963
4
569
28084
353
25
2
2
3
1
1669
4
1
11
330
32
14244
2405
25
2
1
35924
10555
321
690
29
57
141
4
1817
351
139
4145
1
10833
301
1
2
381
13
9
133
1278
1178
7
68154
121
1262
4
1
5
49
115
346
3
50
9079
13
2
59
2706
157
3187
223
3
1
131
40369
23
122
1
891
2072
80
523
658
1689
2352
3
1526
201097
3283
415
2
2
12618
73
4127
123
13
4
3021
12
1032
36
2445
14
16619
1185
4
2
2
2194
42
95
28658
18
241
4
14
2
4
1
95
17
76
3255
1
9062
18947
29
1534
4
179
483
4
156
260
1
816
1885
726
1
4
9
1084
4582
20032
36
24
4816
3
128
284443
6
210660
1971
5
1391
19
4
1334
1735
63
816
11
2
5614
919
810
55
1
3
281
664
15
8121
23
1
30
21
3
29
29363
35
3
15109
104
1
3
29881
215
308
1
13
79
98
3
108
1416
1614
1
57361
31
9
9
43
16
14
7880
76
87
13
18
42
8195
705
77087
18697
1475
692
1019
3090
1
368
6
765
237
2
32
651
82
4045
4
29
329
28
2249
2
396
82
217
432
542
5
33
1
838
821
555
235
469
336
32
33
32329
5844
1
2718
75
213
6
32
3794
6763
14
3
3057
1
98
18185
1
35
8
15481
451
693
5507
1
304
1
6
29
489
32
51
4500
1740
2
231
3
13
3
1034
27
18
65
5
34
915
26641
1236
896
178
28
213
19612
82
4
17016
40
1
11110
147
1
9
110
2
110591
59
7
11994
17
17
367
910
407
147
134
3
314
1
3915
2534
27
26
2043
1233
13
37
7618
4
2
17767
64
122
10979
217
1
37
2
46
7
6507
14
45
10328
40
30
7297
2685
10728
986
3
52
10
4
292
3945
126
455
5808
1
19
1
7
1839
13
177
22
37888
4
60
5
47
65
85
6
903
56
1
12
3
14
1
3
206
3524
3
2
497
4
2
97
72
1
40
5
21
83
100431
2372
2
28654
2
1
17
1
2
18
2
4
101
3
70
2453
22912
41307
1
1
6136
8
2
113
200
662
10
17519
4220
1018
1
71
10
2
1253
39
76134
77
11
1
12714
1188
11
15469
16
5
59
1
2777
1
2
201
709
537
75
4
4551
5
85
7
11
310432
8069
4
23
1
1
27
12
118
904
3380
2
49
7993
48
60
6
1805
1354
23
1
2062
868
161
99
14375
122
1
359
20
1
10
6768
128
201899
40
44
18
8033
896
20572
5221
33
368
1
697
32
22
1
6962
10
3159
3
31
14
3482
357
5406
15
25
1
164
1
9222
1
82
321
5
1
1224
1
10
49491
1
3
2
44
622
176
3
2
84248
11
16
328
6
316
1424
1
83
1990
853
61
8
1
4
70
1
4026
4888
58
110
638
13077
52636
5
1321
478
8
580
619
137
1
4143
14
20832
2951
250
6
1809
9
22
300
2
2
2
92
2
1
291
2
1
2
420
55
220
160
1
5901
3006
259
2099
1674
685
1
2
1
149
35846
8
526
1201
2
8
1
1256
15
5
27
807
117
1
30963
2720
6
23788
2447
1
70
57
23
22
26
1
8421
23842
73
7
23
1
6
1050
38
45
45
1
1
604
5
122
1
6
4
67
28
2
5666
2
1446
1
36
2
18
1
19040
56
7
1006
35
6
106
126837
8
11525
14
1
1744
46
23
2
47
1
3
2
6256
13
4
1
372
22
2457
687
1550
2
82
1
44
28
12
16687
15
1
197
39
183
5080
40
1
78
19
42721
11
21
23
1816
1
21
1
7
3
136
2966
7
3
13807
20368
2158
989
18517
2176
11
1
22
31
272
13
5
109
8
274
40380
794
142
23
2
1056
14686
48
16
16921
72
1
18021
227
12
141
247
100
69
28729
24
10
12
27
1462
1
2
520
1
3680
85
80
13
2
355
3150
513
7
152
52
3172
18
1
401
13
6
749
2
2
6
374
202
2
112
167
1
2457
13
21
10928
29
1
73
10
1
3378
51
3
977
1
18289
7
195
6
85
17
20208
111
2
2843
24
5
1
1
411242
45
476
2
64
53
1
176
775
551
26
172
20
4538
888
9
1
87575
42
1
42
4858
12
283
7353
1
13701
44404
84
36667
51458
6664
1614
1
1529
11
17128
189
132
1
392
3058
38
1
10
356
659
3398
208
84749
4
16601
3206
112
1974
4
4
2
4
2
105
9531
35
24891
2
58
90
224
7624
13
10
2
4
2
21255
702
54
14
1
108
71
184
118
9
1004
2252
4
55
13
1
3
34
1133
2
2
29204
1
8
12
12
2
1
3882
1729
2337
143
17
8
709
24
2
12187
3
2
1
1130
2
6
55
3
5
182805
6
3
10
63
8
1051
512
16
25
21
6
7
2
4
13
59997
1
17
5280
124
4
29
363
2838
1043
2874
2
842
7
7
13
1
93552
4
1395
110521
4
121019
7704
11
42
59
12
14
22
115
8
22333
1
1
48
108
92
192
112
708
12
9933
1
129
10
4
98
40424
602
26788
6
1
53
406
491
98
1
1263
736
115
342
2
19
21492
36
1103
16
8146
26
77644
1
3407
1
14
15
26
2
636
276
8943
3
4397
2756
1
2
10
94
1
2
2751
145257
6741
1
498
644
295
191
1
377
35
5
9
2
2041
49659
28385
160
164
1
22979
2
66161
334
3348
6
17
5
6
1270
2
1
12
64
19558
84
946
3524
217
156
166
328
984
2
34190
88
23
5
141
932
189
21
619
1
3415
6187
795
2
7109
24
138
2
1
79
260
1669
4
93
1
10
30
1134
1
62
1
1438
71
1
968
2
1
368
3447
1
3
3
777
4
9
322
417
1
1
127
3009
21
19
44
2587
1
2306
52237
27
9570
1632
12706
3410
2924
1
30
199
29
266
2
2
5
1005
25
1
2891
5925
389
2694
5543
21
2489
34
1
3
10901
4312
254
131
4699
7
1871
12
176
1305
25919
2
24811
9817
1
3
8
161
1
49
1
6
1
527
35
6
10484
12281
55
7895
3
11
1
3632
56
3
2005
5
22983
8
54
13957
5
24990
94
7797
283
10
3050
4
13561
1529
3
160
137163
11
290
63
6
18
3889
3
4
6
15
9806
73845
7
2258
48
11845
127
1324
1
1
7
2
5
11
3
2
12
63
28853
4
4
83498
1112
1
346
12
225
12
2
10
5
383
110
1768
20
262
7570
10848
13
7779
1
3030
267
63
957
129
2908
1
2
2
992
7
1
41938
23364
18
30
50
51
904
1
140
7
2
32
106
7272
4
241
59
46066
30
65
1
1321
14
3
1
1900
1
1
304
59
2412
11
1
1
6
64143
1976
46
19
6
970
14261
2
14
1620
25
33
296
4
2862
3269
113
1099
34
34
167
41
2722
15
640
55268
21718
1
35
7
1836
362
3
20858
34
440
184
2
2475
1726
36
1
1
9
20
247
1244
8
13
3152
3
200
1
13
10
8888
388
10
53
15505
18
12
3
4
1
1232
8797
13
6
131
5
356
34
26
1
2
8
4
101
1
52
7038
18
1478
52
4894
1
18
6
49505
11959
26
185
28309
3782
11
36
6
9
319
4
21
8
58
116
1941
14
174
27
4
985
1
126
187
1290
4
11
9655
773
2872
6869
1
16
11
13165
21634
15
3048
5539
224
92
40
443643
50
75
1690
1076
3318
15
106
12
2965
18201
6
4
8950
2
1
1202
764
1
17248
103
47915
15
2
972
5040
1
1
4
26473
1
1
30360
1
18
2
5
3
8
8
1
44
995
3
6961
10
1
139
1
11
9
31
6
6
788
1
3068
1
1
43
2
1
97
1
80
3
44
14
31
3493
56
3
1
278
553
250
254
334
2
396
7
1
4
1201
1533
48
7
1
1
10055
224
10
1683
3892
1
5911
38834
25258
20
355
4322
14
3
1
1
4
613
214
11
7024
855
671
438
266
50
26
35
104
3
71
1041
72
445
1
1
290
5
1915
391
27059
30080
1
1964
7702
135
6
40
6047
3
3
3281
42204
37
8
34
27
3634
32
514
23
5
177
1
28
482
230
927
1
5
14298
1
4235
4
13
8690
3584
2
2
528
924
4
22
69
59
11171
145
4
18
2839
38423
44
22
45
1
2274
2
907
3
4087
1
2
5
249370
937
132
113
4
218
69
2
1042
1
12
357
2
6
59575
145
1
2742
6312
70486
1
65
35
2
71
11
4
529
91
40
821
1
3599
13
101369
205
32
21698
1
5
44
8
28451
1
2
67
2042
1
11
46
152
72
5
366
10
25
11
3863
9
5
6
29
59
21
13
2536
1074
53
24
2
333
860
250
326
2755
1
3
12074
7
44363
3
2149
21
1
11
3577
2
1
60
84
8
1
140
3612
16278
25
408
5
158274
1
64712
9658
1914
6
1
51
5763
5808
85
3
160177
18239
2
1
66
7
30
1443
3
1
5269
1
271
1
52
5806
236
422
61
1279
10533
264
8
2033
36
2
2
59
4
4
31
54
256
363
47
62
9995
1
24
96
26
5055
2
1677
351
6
5903
8
4
8
1891
669
1
1935
25
23
12
118154
10
29
71
81595
126409
1
21
11
685
1
10
289
11580
7
330
2
11
4
2369
135
37227
15
148
72738
1
2503
11756
94
5
8
1
36
83
4187
4
2035
636
6
176
991
12
3
3255
79
1
12
40980
88
15764
123
38
641
239
1
56
1
39
6201
65716
5
383
1784
106361
1927
21
70
3
17
17
359
22
10
73
38196
2145
170
13
10
9747
16
160
172
1
8525
194
2
4836
61411
625
14
1
4238
2
2
10
2
13
2
35
16
32647
4
16138
15686
31
1
982
6
9510
7
866
97
863
2
121
2
10328
88
14
25
2
30124
142
16
7
1383
129
2
66
7
3654
2
33
201
90
2
108
1444
18
82998
543
1
193
2
1338
2488
103
183
45585
493
543
705
50
2
1183
588
41
75574
1
367
15
3308
5
353
167
20182
6
14
4
6919
2592
3
44
831
14
1877
8681
123762
942
113
103
2
1314
3961
401
67
1
11209
41
173
161
2
11494
7
1
38
9552
1
8
230
4
2
175
5
4
16
30
7024
10
7
13083
3974
37
70
11
15
1159
24
29
4
5
1
27
375
27
2363
1160
97
1
1427
1
4
6
1409
3
1
7
1
702
1
236
1341
3
15
545
6
1
154
1
453
27
1533
2
3
163
123
3
670
2
483
5
21
337
9
2856
273060
15
21770
1
50
17
1
15
79
5965
7629
1936
67
3
513
4634
46839
63
2
31
33
1
29
1
11
21
3
2
31
15
3416
4500
1
142085
4
6
1
7
15
52
3
253
1
496
151625
1866
34
2162
115
2093
14
359
8
9
2646
536
3413
40
4
68
248
13
18
1
79
434
87
4
7
234
45
20
23692
13675
1
141
5617
4998
5
1
28
10
70
92
62
105537
13
1
1
1
9
26574
42
4
4002
511
4958
263
4
776
310
52
2274
9
8
156
1581
3
1
2214
1
1
8
26
28232
8
4
18
5
46
2
626
7382
47157
18
3
10
517
1
3
1
280
36560
1
4
3
20
1903
1
2
2119
15
142
9691
1
2
1
5
788
966
1
96
15
478
29619
233
554
18
2619
39249
1032
36
6
347
2
5
10
23
1
25821
11977
1
34
93
2
52
23494
2148
17
15644
184
1
6354
3541
1
1246
6
8007
1
182
19141
1294
5
1326
13
1586
373
6483
37
1
1451
3
147
22158
2452
6195
126
5
10
154
506
167
4
8514
28
2
55
16
3
36
1
938
336
1249
9
6
128
23
26125
8933
1913
5
2122
195
3189
4
13259
6548
1604
25
7
105
2056
686
204
11
1
8
2
126
35503
44
2
6
2
3
3
37
9
1
114
6250
11534
2655
3
6
4982
136
486
1
41
20
19
3539
22
320
204
34
1931
2
174
673
389
28
108
32543
1770
2
106738
25
48
53
5
34
297
13
1
29223
1
18
1
1634
122
48
703
56
14718
4
1041
187
9313
3586
4
1
5
3
15806
8420
62345
4398
861
12
1
877
2462
1242
2149
1
3
64344
697
219627
2
2302
6766
148
3555
2968
18
17
1
90
26
1
9
194
16
3
29173
78
564
1
1778
73
2
995
281
18
1
829
120
3
18
566
1
2
426
61093
2
1
3547
155
30
7
274
89
1783
1865
22
1
5844
347
8
11
13895
16
3
9
33
275
444
27
3616
246
386
4
467
1
52
1618
739
1027
3
249
17
13082
726
26851
7
3
231294
49059
8410
3439
67
24809
428
5154
5
1
19024
1819
16736
6
1
7679
20204
8
11
352
47
71
5
5
248
8901
429
5
229
650
2
6105
1
1
42
1
179
4927
186
3
10448
3175
573
401
104
3
17
16
10553
30748
2
1064
875
313
222
1036
13
294
47
13
15
109
2686
7814
2926
4
14
35
4580
25
1
25898
32
755
1349
29
464
2
1357
1401
2
45
2
36
42
14
8
4
12
4
142395
4
1
1220
103
30
446
2
1
6412
358
42
56
18398
16
123
116
465
7
19
23
3889
39
133
4
3
49661
1
110
26
291
1
1971
5
55
1
20720
946
18
62
7067
1601
62175
95
1
40
6
46464
68
2
1
17
10346
224
64
1352
42
3577
1
1
5
680
11
78
128
253
5231
3
691
3
49734
2762
13928
5
5
276
32
16
15
1
4
61
3
2
67
283
7
1
14
8407
2718
270
193
398
2
513
39
367
1
2994
13325
2026
2
3862
165
6
9
4
468
71
13383
343
4827
19
34
2
15
2
19
58
11
131
6
3
63
19072
40
6
1149
81
13
11
6902
171
1
55
1
1
5
2
3
1747
35
3327
265
2366
89294
4
2
8
2421
13
1
33174
98
51
2
20676
58
1
3
9
1
1
279
385
5295
8
4365
60
14
2
1
67324
5
34
348918
207
1
11
87
91
515
129
125
24097
8809
2
86
63
204
26685
1
80
37
1
1108
259
1
40
14
609
3
74
30
1
9112
5
12
1
1
517
23
2167
325
1
471
1025
9
2
2401
3
287
58
107
269
31
1366
4409
6553
7116
209
1174
213
101
7
9
6148
35
6435
1422
26
31
326
2060
75
4
88
2151
532
1
51
895
7
24033
367
1
294
99
532
125
30
130
8832
2340
36051
17
728
9
149
14
25
2
4
1
4357
294
67
1636
17235
458
19333
18
21748
3233
6
1
2
7
2
2240
248
712
17
137
8
1029
18
130
36
6
3055
48838
13744
316
4
575
1
165
885
142
5268
15
1214
18
4991
1047
99
2
2
91
198
24
580
808
2
3
4
109
3314
10767
1
5579
494
1058
43
145
56
5
6
2
46
564
69
38
1
3
102
3
4197
3
15
35
35
49
2
12415
3965
59
1
9160
47
191
93
2
13648
7317
1
539
973
1
164
2690
132
14463
418
82947
1
323
6
43
13
5
227
1
33471
27
36310
34
10
5
78
5119
3
1
24707
3486
4
3
23468
921
30833
8687
17
15
396
7
348
410
1
21
2
5
16753
278
7112
1
157
5
10
98
3
8
224
17
216
1
85
472
39
1
7
125
2604
28
22868
843
6
1287
3
1641
1240
457122
11
193
279
68
77
75
537
42
44994
1
9
4
8788
1551
5103
3
3030
121
26
1
3
4
41
49
1316
158
1
13880
2646
3
134582
173
3
4
187
1
2895
24
2
1
60
175
2366
5
14
80
1099
3
12
32
1
2
34
3
1
3
4
4019
3661
116
53
8
4
376
1
3
885
278
5
33
114
6
47
4082
3
12
24
5
599
4443
372
5
2
3
53
150
370
2
3075
6
1
32
624
810
1
51
2
1
152
9
74
7209
2
3
7
1
509
5
16
6
96
1164
3
34
14
6
85
2
1
92
390719
515
547
3671
38
41790
160
17
650
17
16
30
296
477
3
329
122
1
18814
7
228
2
10
17
1
1
834
196
966
2293
2
1
323
2
107
78
1
21
1
37
36811
5
1129
405
1
37
27034
3
1
1221
2
3376
2198
11
2
11
16
26
8
136
4482
6918
136
720
368
398852
43076
2
10
5
357
2
41
1340
4770
6523
3
1
29
5
618
1
27
467
3
8
2
16
2090
152
385
140
1217
7654
42943
11
220
1
4
84
19
502
102
11
1952
11
66
15
2985
486
155695
8
1038
5
28
2
3
2
127028
1469
4
2
1
1947
824
12031
19
1
44
1
22031
26
192
18
2225
3
161
1
195
23808
2648
186
1283
44
279
1
1
1766
3
2
7
6174
22
2
54
23
871
153
15088
3881
668
37
1036
2
2
11678
75
5
318
501
9
352
1
448
11
1
12953
10
12402
65
9
1860
7
2226
23
1
1
1
31
10
5
14
56764
1812
20
1
9
5
14847
2
1
4
9
10
252
45
1
349
5
18
4853
4169
3
10
389
22
28
4731
706
3807
1099
11887
13
145
24883
968
600
7
61
4556
353
119
1
7
19
2
2
22535
42
5
63
3
39616
3
754
17
388
283
87
2
1049
34631
2006
10
6
109
2226
3
137
201
751
23208
43
522
4794
539
200
61
1577
14
1
371
2
33969
5265
19
1
108
4
5
1
2
9
794
33
29
2675
7
2
36
1
30
6
9
1233
12
2560
49
9
1
11
25
415
3565
4
4
354
23
41
1
118
4
1134
2
1102
169
1637
84
1
247
22684
1060
3543
1883
5
1
24
20715
1345
2
7083
33
7
110
121
4
10
104
73
16752
4175
4
15
240
489
2
1
3
6
7
121
1
18
65
2824
112
8828
12529
70
24
252
1
19
3
75
142
2
3291
13223
23975
8707
6
398
730
18
5320
2
3
1546
683
2
67
1
36
8
44
16
84
11
22007
52
1
19
15
2
265
2
3752
4356
5
1
608
22
204
147
10
547
5
7
2827
1
155
1498
6
3
2474
1
95
5
996
378
2
161
13352
5
22
55030
93
221
12003
491
4
12165
1
942
1
1
19
643
3650
516
109
401
117
14180
137
2
40
85090
8055
1158
231
6
8
43
68
3753
6
5
4
24
17
10746
1079
571
4055
72
174
2
8306
1
97
140
4122
1
426
409
1995
1
59
5324
196
132
1
52
59764
1
8
728
1
940
12
5
1267
486
96005
44
627
10
236008
1461
1
16
1131
292
1
2356
9
2
1166
83
259
16
77
803
29
23349
2
2
28
14
2
2
38
2
1
2920
362
1
71
1
126
959
1
1
5
11790
1342
409
4
4
12123
101
1
19743
1
3028
8
1
10
40
1
2
41
1
4
4
951
3
303
1
75339
255
7
610
3
2
12555
193
28
1200
1
3037
1
3667
91
3473
110
33681
286
7
1
63
568
3
4
25645
122
7688
2
3888
8
2
42
1
1
333
18
21391
31420
64
161
3
1278
9079
5
12845
1
4
1
11
11007
25149
8
9506
13963
14
765
2
9
231
3207
97
697
5
112
155079
10781
3924
28
17
1
12
212
1
44646
1
52677
95
57
4
25186
1
17773
5
999
1033
9395
9130
2
3
149
7
44216
1
11
186
208
138
35809
8
138
38
10469
83
39746
7
113249
1
331
407
2
42
25
11
76
1
13
7
6524
15
1
33
1
112
20
56
3
4
46
5
1
4204
26
11756
32
4
2483
611
37
759
99
96
16
1
121
86
2
73
1
1984
1
38113
291
54244
14525
11741
1019
165
27
32460
18
2882
4190
2727
1474
5
144
302
98867
3
133
2
7
8034
1
3
360
110
158
5434
8147
94
132
327
10
40209
1
9
37
31
1083
1
12
61
284
3020
69835
904
15864
114
572
2
12766
1
2515
3007
100
175
2779
21
3
58
57
300
89
657
1
14010
1
47089
7
7043
59
197
3
3983
20
11917
24
65
1
270
31
6
127561
4
30
299
5316
26252
39
23
4
167
708
31
12
56
1570
13
2
1
1228
71
2088
6
5
1464
102
32
7
8067
76
2
33
13
3
1
3
1
52
1
162
53
7
7
6972
81196
1
227
257
580
165547
1
102490
16
175
1
1
8576
8
1
44
215
33998
8
65
18
6476
104034
25
2
39
11070
114
4
7359
13
7
123
6
10150
8
25
254
1
277
44
15
14980
4239
64
38
29500
22
32
225
10
1
48
336
31764
1358
2
683
4
1
1
1
18571
4
1
374
2
1093
33
136
18
11
166
7317
7
19164
431
5849
1011
4
39
25
2
5421
8
19420
9
68
13722
37
161
6
5025
11
26
1
75215
480
1222
1803
9440
138
163
84
16
20116
355
449
15
559
8
33782
12
1
18
2819
6
430
13
14
58
1
473
8
24
255
3011
2
4614
1
42363
1
2
20
5
3
118414
169
925
1
11
13
9
30
5
117
5
4504
6
125
2802
505
7
23
7
1721
2951
22459
2
1757
1419
2
210
44
76914
3281
3
48
11
376
2466
230
1
26
5
19
518
20
5
616
4
1
10
27510
87
2
5
11
3170
1354
5280
26
1168
2
1
4303
92
328
15
23
19
2967
6179
158
521
25
1
160
9
934
6
12786
1
3
978
4459
44483
136
726
8
545
61374
6
65
2
229
991
23
854
1
33
4
10
5
44
2092
48
2
124
15685
390
808
11882
4
907
1
3926
9
1
64
15
5
1
10422
1
1
2
247
23
93
7
2
19
5721
23
412
8
9
814
21
2
1
383
24
1
115
5
2468
219
23066
28
1178
74
711
1060
622
282
93397
315
453
2
3
168
1
46
157
32
147
56
5
40
94
648
86
19
485
25
6212
27
12105
1
597
9
74
1284
5
1
271
9278
4477
39
2
3
3963
1
400
248
12
108
7
1
12440
1973
93
74
315
75
7
12
44200
1791
4
44679
95
14070
1571
200
6
3
2135
838
1
114
4
335
1280
1
228
83
3
2485
9
15446
328
33
507
4
650
18
4
18644
1442
13966
638
11
3492
18
3
19
49
67
3839
470
372
4
6228
3799
4
439
3
141
66
27
21
2
1
14
104
2
169
6726
1
38
3425
4997
2
43
2
13
7
8613
11776
953
18
9
384
164
233
44
3
1
30073
24212
2
1451
32708
8
130
2
5834
3
7836
2
1451
102
4
4332
137
550
91
4
41
3675
3778
4
1
5408
577
4
78
83
41
3
13
5
100919
668
23
2750
3787
148963
5
19
1
12
6193
188
1
12
29
12
1568
85
41
1378
179
31
25
74175
152
11143
3553
7
34
7
113
24977
9
177
310
1896
2
20722
1
821
992
182
11
2
352
4
9891
2
13
3
2
25713
96
40
52
2553
5
45
31
119
3
12957
2
18740
1
15
3
3
1
97
15
2193
236
8
1242
9
2
3
9
2
15
70
259
40
3
6
56
2
779
4
61
10
10
124
28
68959
36
8
152
72
3
1
18791
1
75
1
3
9
47
30
8
824
98
14
6
3
4167
12
107
110
2
2
324
22
1
2
1
3217
267
51
42
6137
1669
3
15
4
8
4485
2
33
26
2
28
8
3
58487
1
37
1
6
6591
1309
3
585
1
1250
17
118
216
3
960
68
358
1
4
33
4
5
398
2
18
150
19
62
1
27
164612
90
2
136414
4804
591
51
4
177
77
115
31450
15
10
20129
459
1427
3124
5
41
148
893
1511
18
94
281
1469
244
306
558
56
13141
2259
81
1971
3859
14
1
6433
1
11776
12
106996
304
50255
516
47
3
2
65
755
33022
16
38735
10
2
2
69
745
88
26
299
3
821
64
121
9
112
48539
14
21268
34
9297
24593
3488
1
15588
388
5345
24
231
1
15
3
1
3
78
22204
2
5
1
5
4166
3
80
3
5
10
6421
14
29
384
704
12275
17
1556
17
63
8406
34
1
142
1141
108
4
3674
237
758
58269
2
245
1
36
14
2995
36692
1
4
2516
13
3
1
3227
58546
663
3
441
42
7
39
338
4
543
3524
32
16140
882
5
19260
1322
61
1
7055
25409
79
9
8
14
81
28
1531
2
3
4
127280
6
96
963
489
39
1
629
1
1
4955
3
20
55
1
520
1249
790
2
1546
45
6
127
4775
8
1
1
24401
112
6
1
476
2
3
1
703
1
9
101
5765
58
29695
28353
18
1
21
1
1
53
2
117
3581
71
1596
19
95
4
7
50
152
4
1
5183
30211
10
50
25
157
364
1
11
22
107869
17774
5
172
134
1497
1
206
385
23133
557
41082
534
4
370
3709
3
4
4
1
1
82166
282
271
1
5220
2
17
17530
146
344
136
4
2177
2
190
38047
81
2494
5859
2
1041
4
6
17
217
6198
1550
2
4
1891
84
758
124
5187
6
52
8
63
14
10340
2
1
1
1
1
2105
13
98
2
65
67591
1
103677
6
296
5
3315
223
2
1
726
17
5495
2
92
5
243
35
7
375
1266
8995
2
5
45
166
5
17354
18935
61
291
16
65
16
1067
87
16
399
31
3682
1
946
16
99
43291
688
1
6
1
3176
576
1
1
513
100
37587
12642
1764
123401
56
1
11
8
69233
2
3
1
18077
5469
15
5679
1
771
401
3
4
17
314
4074
54
46369
139
68
61
5
17043
38922
7
8090
22270
32
2420
3551
7
337
1001
82
18
6612
27835
6875
286
15
162
1
1
3
1
5521
2
4
50589
42634
457
205
1
28
6
1053
5015
3167
52
840
96
1597
44950
2699
1
1
253
25759
2
48614
1
4
11
12651
4
1
20886
508
245
1
1
458
40
162
1
7868
1
369
13
12079
3
14894
371
330
1622
381
6
253
7702
2659
23
13
31
21
190
1290
27
239
2051
15
1
6
13
63
3
53
3
1
37
31
513
2
1264
2
3402
34
1
2972
31
48573
20807
925
64
98
25
8285
1
1
3
166
4
14
268
1656
50
53
326
196
29075
1
16351
46
180
3171
1047
1
82
277
5
143857
37
4
1
52
13
31
4628
15419
154
11
23
19507
1358
22340
18
9
2
87
3
15647
1
3
1
905
37
15767
131
975
21
1
350
25
21
10
5
2
19
41
5321
9
2009
5
1812
1
579
4287
20995
12
59
34
106
1223
1
56
93
105
33
2
77
2
18
1
376
46351
70600
19
27
15647
109
1
58
8
3958
28101
1542
139
1
1
62
2496
132
480
170
6385
3895
9
7760
3
6
2
3
28
3
1
1172
355
2
2
5
5786
2409
17440
471
147134
18546
9
4
9
4619
1
6195
560
1
87
3158
54
1
6
2
5
21
26
1
7
197
120
8588
7252
12757
10256
2
12
835
7659
12673
6
745
2724
14
5
66
2255
1064
351
2679
21
147
138
3579
40263
2
7346
96444
1323
495
1505
237
2
110
1585
16361
1
854
64
3
17
7
622
24414
2
5193
70
3
1413
9306
7002
18313
1
12083
1
1
13
184
287
1132
2
5
8
4240
101732
6
1
38
4
304
110064
4067
49
29
2
6
1352
57
1101
33623
128
45
38
3
13
7
778
563
7585
568
1
8
10
6
45
2
22
88
6
4
139
12
14905
5
71
30
22
2
1069
13
1506
1091
13910
171
3491
1
9
332
3
3
1
9
1
1882
30379
10155
34710
69
5210
6981
1
1
1
233
167
4241
123
6
1
3577
3
14
1446
10601
5
19
8
2
121
4813
9675
1
1567
84
1
10
17
376
1
69
18013
6
5
208
36
113
968
1
15
4
11
2
70
20
10
2
18
6583
1
550
1
297
196
8590
357
14
700
84
73
39161
54
86
8
468
141
7
659
89
8
346
5
14880
3
26
39
1
36
8
1
27083
126
5718
9293
21936
146
917
6
8
7
17545
34
380
890
2
25078
7
233
2
30
1
5
35
2
5563
29
96
471
6644
17
4
110
254
1
76
5
549
16
201
1
84
2763
2
3
33
3
4
15
17
2875
2578
69
1414
2982
48
218
8412
5
1794
687
1
1
7
66
1
2
33
318
1163
5
1
5
298335
7857
1200
7
10319
284
1
1
58
3
767
5
3
9128
1
17
1
5
29
19
2
1
6028
5
1
2
5
6573
10
10
406
39
521
2
491
785
55
104
313
10
3445
2
15
660
379
1
145
383
20
1
6694
52241
176
8340
38
4
7
49007
3
11
13
17586
3
4
2
9
551
6
4681
29
9
12001
968
2
3
6
562
2
42
7
5
138
145
5
37132
66271
55
1
1
153
1773
37049
169
21
12518
7
77
2
94
206
5
635
1
118
2784
36
549
26
2
64616
1195
25
1
2
823
45
1
2
1
4639
383
29
94
4
127
154
25
1
6
141
237
2
259
44
19623
43
1
3455
317184
4
556
71
12
16
1
63286
1526
18774
1264
5332
83111
2328
342
406
13994
1
20
50147
9046
35577
32
2925
262
7
894
1
15
12
22
3152
2
39458
1
13868
2
605
18
57
271
6
3
16
4
541
2
1917
2
61
25
507
2
19
97
1034
544
1018
948
3
9
14526
241
51072
9
1
8
2
1004
6
2689
12
1
2
11
1
1414
65
2
2
4844
38
4861
2534
526
9
1900
35
11
12187
5789
16
4
513
2
6
89
4262
127
1
981
529
477
26
434
310
17
8
777
536
10
1116
44
12
81
5
24
2
999
32341
168
1
20729
1
83
81
1
8
4
16
15209
282
3
1
131
284
497
1727
1
6298
3
29
110890
20
3
16
400
3858
5
2
68563
1
344
4634
183
1834
18157
1
3
105
1086
1
82
8
1
440
12
4
103
98
1
2
2775
3
51
54430
520
2
534
1
90981
2
16168
868
172
20801
26911
55
17
2
2
93
1
31
23
150
6
2
35291
2
3
17238
1
2
907
1
7
1450
293
1308
5
4
103
55
1449
1
2
1
2
14
2
85
246
26
32087
5
2
9
8
23177
1
2
1830
88157
145
975
171193
113
4
1164
63
1
3
125
171
80
11
8
15
1
23
205
62
2
1020
1
1
67
1
17032
416
22
1
1
6
1598
4
8
2
8426
4061
767
48
79409
101
2
1
16
470
2325
8
72
9
9
235
254
32
1601
2
2
3
12726
18
132
1
10
13137
1
8
2
1
62
25765
290
6
4262
39
4232
3616
1
1753
7
161
3733
329
2
164
97
18
52
5775
121
2
22
1
21
176
1827
5
53
1
1
13510
158
145
144
901
101
215
3
7
92
740
2
268
392
387
3
1
6
103
7
26
6
5616
84
740
2
1
36359
6
110
9
9
126
4847
354
4754
4
345
5
1
85
24729
315
1
5130
1
1
1
653
9493
2
366
714
10
84
11
5809
1003
69
1266
72
30
106
146
14530
1
3
1
1
2
1
15160
9
55
45487
220
634
21744
80
95902
2
2
106
896
6
4834
6
59
2
51
2
8979
2
52421
1
2
409
12143
3
1
23722
5
210
1
8
3460
326
240
3
14445
138
10137
1855
23925
28
9
9
231
1
41
8
1
24
131
170
650
2
213
118
4526
3147
28
8
180
754
3266
7
95
6
421
7663
53
351
5
3
144
26224
1
732
1
3
4
30
61
13987
20544
168
348
1
7837
153
27158
2664
886
26558
1
5
1
16067
7
8016
56
55
11
680
1
176
9423
54
96
55
1277
5
178357
8
87
7
598
4182
57
39
6
2493
106
2858
1572
1
5079
8
246
7
35
4
108
1
8774
1
499
3
587
191
3
5110
7
1
585
1
190
10943
367
1
2
1
3245
17
200243
62
1204
332
1
247
47
1
10
4
8694
76
74
29633
374
10
12
161
40
102
1
10676
3
261167
1005
8
2
7
21
64
17084
141652
838
35
3670
9209
2
1
18
45170
5
4204
157
45
10
9
11609
3
790
6
5
12
17759
1693
1
789
1
123
1
233
3
1
5
213
1
233
66
28184
15222
26
1
1
3
5
11546
3
1530
55
1
76
2
945
6
15117
84
65
1
160
39395
1743
1
2166
24
52
69
40109
28
219
39
29727
1141
554
1
57
24
497
3
6
97
1
6700
9
18640
44881
2
8
100
1
2653
1694
2
2
11320
1
2
251
3027
34
2
4301
71
119
1
41
16
13884
2
43
944
1
195
937
9
55
44
73
1
12021
586
7
9321
972
56
13
2
10
14
8
1
951
2
66
21
2623
37
6
88
76
7
1
4
41
3
222
3
18
1473
12
32
201
15
31
1
9690
1
2
1587
135
2
1
2
8750
7436
4729
7
19692
628
36
2045
34869
5
56
18
1
34505
142
2
11904
1
1
126
2
26615
3720
1
6
7
113
27
9
1
116
19420
12
213
5
103
1
16
17
2
147
2
27828
2
5
17
712
2499
5816
54
27
3
1939
1
9
1
120
12
17
38
33
1181
35260
303
12
3001
1789
27
529
21201
2
1541
4
44320
168790
2513
664
61315
159
2
91
63
31
72
14
1
10
7705
3
2
1
48
906
10322
1455
2
3
24
168149
2
249
30
3
1
2
798
236
1
1309
1
91
4828
15952
458
14277
34
581
53
8692
30948
1
11
11451
310
16
814
7993
256
1702
1
1418
1
1
8
81
21
3
688
945
26
9
11
4
99
1
1245
136
16069
13388
652
28
2
175
20
9
385
4
55
143
9
34
28439
36697
2
1
47932
39643
84
22255
5
55
12
437
93
1
31
5
1709
26
6
98253
2
3
48
273
11
3
5
7
2
175
1
6962
40
1
13618
9
40
851
26
4564
26
14
27
1
6911
1172
798
338
4
7
497
85
6
81
4
26
2
3
11
1
65
1
1
1
362
10
28740
453
968
18
872
670
3
11604
10
2
10
3
29
17249
7277
19
2
384
34
2
546
4
209
5195
11
2
5
17
281
4
50
1
289
7
95
2
662
328
3
1
2
1298
30
2
43
13
1
25
314
8
19876
1507
66
3
247
1
2
6965
1
7
7
16
1
122
2
25
1597
1
48
7
26
45
15270
39410
3
3495
11
1
2
5
1
4025
20
2
119
16
34
326
488
17
236
21010
3
2
8
39
7
72
5261
6
28
10
1
17
4873
42
57
4
2
3
5
444
1
70955
157
28
8
4200
84
14505
7
1
89
70
1
1
3
10
24943
79
1
129
10
10489
3
34
19
1
141
133
1
10
12
17
1
785
10
14858
29
1
3
529
51
299
16
193
4
1
4
1
117
4
3
2
2
62
51
1701
2103
13039
1447
44
273
19716
110
11
1
2
1
1
26
3
976
9007
41
9920
68
5028
31
6
404
1
45
1
8294
32
7337
14674
10039
2331
15
5
127
19
1195
730
80431
8
867
541
1
23
2215
39264
130
2
78
13387
21
95
8
1193
1
12
7
1
39
3216
21
119
4
7
1573
4713
26
27
3
1
6
103
69
1
3704
6857
114
414
2118
10
11
5
442
150
25698
2
1
880
12234
14
906
377
58
1179
23
92854
77710
4728
14
10
66969
30
1
333
130
60
3
186
1
15
1
21579
1
73
11
4
2
8
2226
17
549
2083
343187
12
18
1434
740
476
6
1523
2
22
7634
440
434
1
34
2
40441
89
8
2173
48
18803
725
7
4
61216
4
1
39
1
9
669
30157
56436
88
3545
3236
6651
6
2
2
1
1433
2
3
7
41
1022
1
2537
618
23
4153
58346
4
32
5273
2
424
1
9
8
14
425384
3
6
116
11303
4
699
9956
131
472
10
1
752
4960
29021
40
1719
1
14
83
140711
3
133
2
8
1954
4
79
2
1
1
60
2925
1
2
11
1
1
5
3
1465
1182
190
224
1208
1
15
13389
1
44
2
37
353
7
126
2475
6
28
1
745
2001
118
12
1610
379
8
32378
5
3
7645
3
55
156
39
164418
16
275
3
369
26
20
36
6735
10
1
554
1915
17
771
223
317
218
5
3
26
27
2
24
4887
7
12
59301
7
4
25
470
4436
63
99
2
61
6354
724
2
84
35
6746
37
33
8
5
12846
40645
2
2125
9083
4
24
2
8681
114
1
1
54
27
95
171
6
1
9
5196
1001
1110
964
7444
422
2
71989
42
2
70
12
139
10079
19
20230
15311
6
291
382
619
736
40
35
312
14
6
8
960
144
2
3
7
68
1
31
8745
142
125
2228
836
34819
1
63206
4
102
23
5
356
4
1
1
2
53
1479
3
4
320
102
64
2
5721
3647
513
2
4
3
1
1
20
16
10
11
637
1
192
64744
634
4
8873
811
16
267
13
133
2
21
2231
4
290
7
3
28
4377
7
98763
28
37737
3
2732
94
12
1875
177
1
2405
6
15859
32
42
3
12910
3643
46
6
5
49
4441
96
1
82963
4
3
124
823
170
18097
557
4
2
22523
4
2
3056
12542
85
16
27
1
22335
98
4
38
1
1
2
115706
94
788
6
2081
35
13382
25
2
2
1
4
91
7
1
1
605
1
128
1
161
757
19
9880
20
1
2
23
1198
1376
6
81
9
2
487
19
1
144
49831
34
8635
47
1
15355
1254
11452
594
73
145
408
1
15
18
15
18
306
13
229
4
146
2
520
33
2863
1
773
5
3337
15340
35
9956
456
14
16
8
41
1
253
8
9943
18
13200
10
19
2
225
10
27
2
47
10
1536
114
20
353
366
181
51
300
4749
4
13
40
214
1
8
6
115295
6
1680
1686
12
8
13
42
38
1
3626
7202
3
473
1
1
2
35
13
1
1103
1211
2086
8363
30
2
29
9549
4
1
20
37191
3
12
9861
11
5
133939
122
1
265
70593
152
15290
8
4756
180
2
2581
766
21925
1
6
2309
242
1637
726
14
60
1
28
21
26
4
6450
3
9
338
2235
25
2492
662
3
1
36
12563
9
8
1
38
1868
755
2836
1215
92
5
7
9
23
35
5
19
4605
780
2
4413
5
1030
6404
2798
156
358
507
118780
25432
3549
3032
1
190
203
276
108
7493
301
1
9
80
108
1257
1
5
3
888
25
12
11987
64
39
3696
7
11
9
39
43
4
28484
15
6
19
18
98828
51
1
1
5
2
32379
2
73
11083
5
1371
2818
1
13
15006
1
74
54
5
5320
1393
707
2407
3
12756
1
43
10
181
4146
92
1
8
3
605
17
3
91
1
8
5
2
7
1299
182
5
1118
2
978
108
2
19
3608
12
2
26421
2821
21344
934
1
11
1
2236
6972
43209
16354
736
12
1574
12
39328
16
8
683
7
42
2829
3
15040
142485
7405
853
2390
1
47
3
2
8
57
2121
214
2
6
2
5
2
28113
4
2
19
26079
237
33
49
85812
2270
935
85
210
2
18
350
5
4
650
9
91
30
40
74
32
3
1
13
129699
42
1
1
2
1
27
1
207
1077
1
20
239
43
3
559
2
3
14
27554
4
238
57234
4
5
47
32
238
615
538
247
2720
1142
26204
884
7
272
13
179
3
117
601
1
4345
18
718
415
4
1669
3
17
28340
40
58
22609
16708
634
4
12
91
3
102
2
16
5
3
35
7
45
28
614
34
2
56
1
9
61
84
18984
2239
5759
559
15
1
1499
13
1470
572
1
1507
7779
11
251
2
2
3636
18
56
139224
12
19
6396
7
661
3
840
696
26
255
10
4701
28
53
2
4
613
51
427
5045
428
2093
14
170
22
1
1
1
699
979
27
4303
2
1372
144
87
1
7
2
3
905
6
32139
8
12
12
66
1
4
4
27
7
880
62
1907
2
183
4761
712
286
2055
2065
21
674
3
858
630
15694
1
1
38702
6974
30102
1
12
1205
44
7
14
1155
173
19743
3
30
74
209
10
87
302
17448
140
1
29141
929
8
892
4
343
1
424
4
1
2
5
3239
79
7
2534
1
6055
77
109
209488
2
31
33
1485
1148
88547
1
21201
124024
2
1
75
358
3237
1
6
26
3
240
2449
6
2
1
215
1
5050
222
47
1
96462
5
110
39
2
250
36791
39
342
2
24
377
441
6
11
2
3
1
1
4
16105
282
1
590
12
11333
32
443
1
59
4008
60
2
5608
6
47
11612
6902
3
5
334
24
2132
118
1
40
45
23198
2
8092
173
1
2
17809
26
16
34838
88
2
11
23
26
1515
5
25798
1
119
38
51248
15
15827
17
96
10185
177
8305
33440
2
23
32
18
1
15
4
109
72
5
51
1543
4
50
2
28
101
1
5993
790
2
18
1
97498
91548
4
1
246
334
5
5
3
1
1266
75
96
164
7266
8
2757
1
2
86
84
3028
3
17
3
918
27
11
18
370
8
29
19
7
10
303
1553
1
9
529
2
39
21
1
401
2675
79184
164
16
112
4
9
905
1
17829
14
1029
84
575
2
2
5502
396
18
1216
1
1681
1244
113
16
496
1
1
177
144
12
33
3892
8
194
3
5
190
9
2
4
1328
1188
58522
885
167
21694
4
2256
552
1156
91
2
238
10
4409
16
8
16
16178
12850
32
124
1
39
1012
6360
49
4012
2349
79
2
48
1
517
11
199
73584
34
1639
9
86
4
11501
2
49
145
58
9
1
10
25085
98
380
4
2
2
269
10352
8509
7895
1
75061
113
314
122
406
441
93
219
12965
2388
59
340
97
1365
42
3
115
1697
121
57
128
7
3
78
82336
7
1583
1
148
3
61
239
48930
953
18318
1
8
730
3
4
4
9593
904
866
314
2
12
123
2
28
7635
7
3259
893
1
210
3
70
5
84
2
34
749
8
24
370
202
233
3104
751
19
2943
1
815
3
2885
103
5
1
4
19
1
8
1
1
2
1
2
126
1
37445
2
144
10373
1115
18
2
1
173
1870
385
148
18
295
2263
1
45
436
7
10
572
2
61287
1769
5
2
5119
1
768
32821
176
3491
13
1032
3
43781
8
1919
2
2
3
95
33788
13438
14
5
1
271
68
3379
7
8
14
968
10982
1
50212
21
10241
5642
6
26
524
66041
56
23049
2323
577
17
3
33092
73
2568
7
944
1
4
49998
178
24
1
3
5
18
2
2
4
46
59
233
157
1
132
2
105
2
42
27
2200
280371
107
13540
4359
17
9024
490
3
780
1
317
4
10
6
107
1
10
238414
16
111
14700
1765
42329
7
771
321
67
2
7
41
12
1
3148
13835
174
137
611
9
2010
12
1359
2136
205
6
1
362
13557
1
47099
1
1078
110
2
1416
15614
3940
30
336
2001
38
28413
1
90
55
14
73
14
6
10
5
1
814
3484
28264
2754
18
7471
40
5967
33626
114
1
12095
216
5
22478
2810
1
97953
1
18
540
24
3
889
1622
2254
665
267
533
9954
2
717
9254
590
1
17
204
20
112
247
7
664
32
2
93
6018
34472
3
2209
6
14
22
7
13
46
861
59
5
2
10697
1
13294
254
4
9
5
2
2482
339
4
56
1784
3
652
77
7
2
606
5041
48
5
356
25741
3
1
1195
320
3
3440
48
127
10355
2956
2
60
119
15
1932
97
7
1
7686
20
1188
54763
235
1
18
75
21
2
2
9
1
4
25
315
3
30
3
23214
1342
7
1
328
9
1
3
14
80
172
202
507
439
937
1
19693
3
1
10
10
1
410
19
731
1
9
1
64313
4773
64
154
3023
285
489
9
36
14
1502
1
47
1
1
16
873
18
6150
2273
10216
7138
50
68
102
1
11568
1
5497
112
13
1
1
108
8
7
879
38
26
5
1279
7988
1
2213
63
3
89
321
1
3
11891
5469
2
37
15
2993
98
20
10
129
1996
116
204993
1
300
75544
4
1167
9
322
47
6820
3565
2
1
96
455
7693
17
1
40214
1187
129121
8
1426
809
2
184
701
43
29489
7
13070
26
23195
19
136
15
3
21
104
137
15450
18
172
172
126
4072
7959
5
1
3930
91
15
4
17
84
28657
290
2
2
2
16
1
626
8
1290
17684
9
12
7903
25435
357
3881
12
695
15
3
1
735
1
63
1278
26
6
8
1
99
6
19276
1
26
16
84
7
2
1133
11
30833
2645
15
3485
19
17687
542
13875
782
1
4
108
1
17838
4
87
14981
1905
87
3
56
731
800
1
57
1
18
13
3
65
16
15175
136
1
38377
145
46
32
179
3
11
33317
2
1029
5
11
1241
125
42300
247
372
15
18229
71
4
123
126
25
23328
57
357
1
14374
214
703
2
416
1
3
4
1
793
19228
24
73
12
558
3635
1
101535
118
13653
136024
48348
3
71
28
11
31
1
69195
1
2603
2
363
2
13
36167
2041
8
228
2
1010
23
24
33751
1
49
13
1
64271
5
1
1990
4
12
30
543
21
2
231
15
66
1
2601
5
14
7227
10235
27
80
623
5
243295
428
169
7729
5795
5793
1819
4805
1
21
27
1
41
76
5878
1
52
191
2
34
10
1216
21077
1
253
583
306
1
5
368
743
36586
63
484
180
74
11
324
10840
1502
19
5917
3
8
2
49
5
24110
20665
83
37
1058
2
26
807
4512
234
57
149
43578
212
3
468
288
3299
4507
3
857
2249
114
122
678
418
12
1
47
152
2
2
15
44766
3997
2821
5
5
1163
12
4
4
10
2
815
7069
291
10
12
152
148560
9
3126
7
28485
11785
6
64
1607
262
12
2
31
14
1
10
1
1
156
85
85
93
2
1491
123
68
10
1
5
5551
100
1
26750
1657
10
93
3
25
1
86
212
4
141
8025
406
8405
496
1
1
5
6741
49
20131
20700
20
1
5
3502
8
1
9125
11047
24
1692
3
16545
157
17
17828
1
23976
9
2
361
1195
16
1
78
17109
91581
108
205
36
8
7
39129
1
23
10
3
35
33
2
2540
10
6
819
7
630
1695
2348
15
12
42890
2
1
11
227
1
760
17
2053
22
20074
3
112
2
110
231
378
1
15535
1224
48
29
6
7
158
78
575
49
9
82
4
1388
2
1
2
18069
166
7
1
8100
1
2050
201589
3
424
560
40
7
1337
9054
442
19
12
15
3
240845
29
353
89
3928
10
310
2
1201
183
2705
73
1648
4
721
16
9
1888
2
19028
2
2
10148
4
519
1
1
1
1
2812
4
157
47
28
10
1064
1
2
4107
99
79
128
13979
2318
63
65
2922
926
578
4394
28491
51718
7
157
77
21
12
1
1
2380
1
72
217
153
2
29
108
2901
14
1
28
4
2
64
2
37
7
1
29
156
36
435
1930
139
7
1279
7
26
1344
2334
12
46
4
1396
1912
17
95
257
1
3
335
10
3688
355
61
5
13
8
48
3300
149
1
670
33465
11
453
119
2
1
4571
22
9048
1784
7607
13
2
39
954
270
13598
28
3
8
12
61
614
499
1
7
21
53
1
71
25
1
24599
1
1
10922
15
2209
316
46
532
1
2198
172
217298
58
114
27
159
2
1
39
16
17
2
9
147
6
3
6991
780
274
19
8110
545
11
532
37
1701
288
35
8
182
6
1
13
1
1
164
37
2
363
9
28
588
55
27
11
199
701
1
50
43
7
7424
41
1
18
3346
10
2
8910
1
1460
10
145
6
489
9
75
1
444
265
416
3
7
152
10
1
706
2
45849
3
9
15448
6433
27
4
8
21
1977
227
3
153
19
4107
8825
1
3
1
3
11
6731
1
493
1
398
40
7
4104
64
54
6650
2298
1010
3
49
99
4
88
2603
1
7
90392
1
16
5
1878
3
156
34009
195
75
289696
1165
18
29586
209
1
10
2
2
306
1427
113
2
3
3129
17102
4
95
7
98
1
5250
23107
19
144
3
1
9
357
334090
8
3
928
110
12
4
4
2
5
9
10
1
18
79
28
1
16
19
2
202
62
4
2364
2
6696
372
370
96
5749
2
1
4603
86397
74470
9
138
13
3
1
253
2
1
589
40
1
1643
92
1543
1624
320
1894
162
503
2
47322
4
281
16
2
16289
1
12
6
24
1022
97
1
4
25
1
2
1
410
395
110
2
13177
237
1
12
27
56
3721
1821
769
74
8
1027
4
46
2
73
5
14
24
25
1363
230
9951
80
20
8
1
205
766
6
81261
4459
9
61
10871
271
36291
3
40
5653
8
3
396
1
298
19
4785
8
1
98384
2
280
157
17
296
129
83
889
4
17
26
13
1
20
41
46774
86
107
1117
858
6599
1
53247
4
3
17530
2
113
1
29
414
501
6
6
16
1058
1
54
3
6976
2444
41267
3024
1
5798
3
23157
14
1
92
9
893
49960
71
975
179
680
2173
223
3
7306
30
4060
83
22937
2
46088
8
583
2
5695
120
5
176
1
169
8
33
26
33394
168
17608
12
1
5375
63
17
37172
3112
1
52
1
24445
2
45
61
1
402
939
1
103
50
1
6
868
31793
4035
9477
6
1
1
1329
157
9
2
6
1299
15
15257
10398
2
3866
173514
16
3945
15
64
121
112
13109
53
603
198
77
2
170
9
2
157
1100
27
1063
177
2
35
563
25
637
14894
6
7207
19
4
6
33082
2
3
2
748
7
151
729
109
142
1
1754
13
62
3578
11546
833
9
433
970
1
203
1
5860
448
11
15155
6
8
2240
11
26283
2829
16
4
10
2696
2953
61684
27
52
16
133
1
165
1
148
4
5973
5175
198
1
17525
2
387
1
1054
753
1
3324
2700
25451
1
10
3505
376
1
19248
13452
13062
2347
53990
43
4
314
15
51
158
180
61
25
45
4
11
1
9
89410
2
116
15
1058
44979
2345
1
11228
187
4358
4
713
194
1326
19
69965
2416
4565
1107
7
1
720
1
39
1
2052
21
7
2
82
29284
64
1
180
1
1307
2
8
2548
1
8
3927
902
1
1
6
360
17091
456
1251
18031
1258
206
588
941
4
124
125
69
829
10630
1094
2908
952
7
3
36211
234
44490
3765
3233
17811
25
9
100
13
299
213
16
12522
7274
31
1738
9
1288
4
18
9
3
3933
24
302
268
2
3543
1
653
10
15
36407
89959
129
2
6
21468
71
40
4210
3506
2
4
332
10466
33
11
24
7347
1
14070
18
4
1819
5
41
107
2
202
2
7842
65
129
35
12342
2
2
34
1223
4
144
461
1693
51
8
2950
1
9
30252
1260
9
1
6
69
41
5
38219
2
888
219
4
102
49
15
3343
1
6
1
26
648
239
691
3
109
1
1
50
2785
1
2
1
2
14
19
28
3
8
61328
129
5668
4
17
320
199
14
2
5
11674
8
18
10
2736
54099
4
71094
9
1908
219
3
79
437
418
18
1
3104
187
12
2
594
1
273
36
172
12
257
5
2568
57349
1013
10541
415
9796
6
4
1
1
11
8
48
6511
155
30
5
11
1
11
496
2686
198
61
273
2167
14
475
5428
362
143
1
896
65
116
3975
1
677
320
23
67
1935
40
1
5
5805
61
4
25
562
12228
300
427
5
9278
198419
187
85217
27
36
1
4831
169
3927
107
130155
4137
24
601
2
1329
3
363
28
3
2
92
249
6
30
9925
1
8296
30
74
2
1
21
106
14543
2
1
3
1
2
3
15
1
91084
22
1
8
3
19203
11217
8
6
5053
323
82
46
11
1
1
13
310
31
20
2098
15649
66
82
99
2
6589
73
1
255
11
14
186
255
7
57119
3372
3
499
20
27971
11
293
39
4996
1
33
25
22390
1
2368
502
19
95
4
185
1355
180
10043
219
23
1790
634
16266
9
45098
12
1
1183
543
3127
85
1
4
106
172
224
382
125
597
27
8
88
15
1
142