257146347
576
16
28
669
2
6
10
376
4
287
1
805
4034
2
197
82
1
37
3
15979
955
129
3
3
6
31
867
59
316
2
308
20
343
4483
923
1116
5
109
171244
75
5038
6
33035
11
38
5
1
1
81
3580
31305
18
2537
1
65
1033
111
1314
7234
10
5
1
31
18
4
4
1
351
24
2
1904
8777
205
1
29
3
4
3
16376
15
9
463
17
663
4271
1
1
2
1
20
12
436
29758
1
6
2284
2
1
65
22
165
39
1
288
14069
226
2
1
79
85
11
1
95
1
396
1452
1
3331
5169
22798
2859
2
22
852
11972
2
7
775
17
1
3201
3
254536
5857
23
25
1
6628
4021
1
537
104
1
70
128881
185
17
9
18984
2
11
9
424
3
190
1
6334
190
95
2275
3199
1
5
1
1
88
3
2132
124
52
3088
5148
53
18
1
4
502
84
1
2
135478
81
6
310
2
6
183
3
254
47
1
2
3
14
10
177
708
1
2420
415
5868
10913
1
1892
8841
5826
5
2
35664
8093
24
6
1
1
6
3
142
635
152
333
1
9
31
1320
1
3659
18950
20
115
305
75
363
79795
969
198
82
185
4
3016
1
7
2
7365
15
224
33
643
5033
7
610
3
1
246496
86
2
367
171
2269
1
150
5
17836
45
2
67
21
859
1041
644
6
360
87
1
8
13
2301
2
96
11
80
39588
2
237
10
22
1621
49505
5
1419
238
2
3242
2
7
102
52
11
442
2
212
460
3
842
15
2
3
28
7
51
41
3
915
6
30
1
40
7819
28
51
4
1
7
2634
3508
25
7
31
75
19
5
1
2
18
2
372
16198
3
80633
2
11
44
103
19
288
1
597
165049
1
1
1411
14
3
3
6
26
21012
9
1
5
39
37866
1
3748
40605
17946
7
48
31
19
20
5
5
329
1591
9
210107
4614
8
5
5
7
39
1
28
102
369
417060
126
6
81
78
175
47
190
14
1
61238
1694
1
21
24
193
30
12
1
84297
16
711
305
3344
104
1
80
52
13871
147747
1593
3396
2
1729
1
4
122561
2359
2
1
3306
9
847
1162
51
222
419
3
519
7188
1503
18
4
6070
7
4
546324
3081
21582
15955
2
95
22
624
3800
1415
188
17729
2
90
4546
1371
25
8
56
1
732
7206
1
643
36
17
1
2
1585
40
503
735
3548
19507
47
5
36
320832
183
7
427
2
868
17
73445
163
14
448
1
77240
10
3
607
9
766
1
93
21188
4
62713
60
190
403
236
1195
324
46
5238
2
84
355
700
150
1475
79
4478
1951
465
461
1
226
2
7661
37
27151
676
91
952
483
8
3847
20
143
37
154
7
1
28516
2
72
19
1470
791
97
39
9339
1
3
13010
793
814
3
70
3657
2194
27514
27
15523
1492
1954
414
1
12
1153
12
21
5
111
53
64875
20
11257
39
399
1
18
4
2
4
7
13
88
1
92
74098
469
1929
245
36
224
2661
6
4770
8
2468
61
299
2
5421
118
8
228948
2
9967
97
1661
1
4615
14462
738
37
763
617
66
11
14
2
4
7
232
7
9
268
3
56
2
8
63
39
19
1
1
6
15
17555
8
2015
3297
183
2
2075
1451
1
93
1
6207
6151
166
2632
16
1
1
18
6
193
5
7
282
62
9
143
1833
1
38641
12798
3463
2835
30681
3
19403
65
1
7
724
270
2627
176
69
314
77
1
4
124
2339
11161
97
2
1
105
1
6
12
64
151
58
2
2
6
7529
62
17261
22232
3
226
1
858
2015
923
52
532
7
53
1
64
2
1
216
1
200463
16203
70
13
2097
150
1
10
9
8
35716
1
20
368
3796
240
239
19254
13
5
4651
3
14
53880
1
2
1560
75
217
2
112
525
18
340
1
322
5
2
102
3
24
151
1
5462
1411
2
34
2
72
1232
2
19
1
4
1
1
13042
701
1411
5
39
5
3797
11
1865
1045
15
145037
1
210
44
4
1494
7
180
1
4
1392
1799
75
39
4
1070
47
5
38
280
1168
42
310
3
80
6
13
24
27
2099
1
24
11
2
25
17
14115
7
1574
1309
66
5
23243
28
2
4055
2
15254
9190
7
12128
2
7
9
1
11
5
1
13963
500
107
107
3
7
3233
17
1
3
155579
164
31146
37474
28
7
1
940
46056
1
12
708
6
1
2694
7299
3023
11
2739
45605
71
24
1
1863
7040
681
2688
2
1
18
5
29138
45
8
17
542
32
46
972
43
1748
18159
5
581
273
645
410
898
1005
5
593
17
42
15
1168
3233
7
671
1
126
7737
4
1
682
79
3707
74
25044
18
3
304
2
5
9
244
8
7815
46895
2
8
3
10
180
28663
1447
329
273
73
257
6
117
2
19
114
5376
11
23
122
510631
12
29
115
3
196
3
3
107
1283
48
405
206
21
26222
20
6264
215
67
974
12
32
2
1
75608
138
24
4
461
3
1
2164
2
7
57489
20
1
4973
325655
323
255
14
13243
9
8371
23
533
1939
1
371
4335
4275
95
18334
1
151
3
1
1
12856
5213
2
1770
19400
3724
10
601
48
12
6102
11814
24
5
998
57
18
2
12
1
3
42
18
10
561
118
15
203
362
1
6
21
23
1373
159
21
3
5388
4
1462
1073
1
93
21
1209
252
8
165
8999
380
2
118
109
18741
2
48
63065
12
2864
660
12457
120
63
2683
560
9
1
1376
105
149
7
6
13201
4
1
24
1
1899
20
626
89
9347
461
85529
24
3
1
1
164
58
11
933
7
1
42
1
639
43
1
660
131
3
21
6
489
1051
38604
34765
17
278
45925
78021
3717
31029
1400
2
13
6
3
4242
648896
3
5381
1
39252
126
10
14
8
9293
29
1913
68
588
448
164
6750
5
42
110
399
76400
6
130
483
595
4
1418
81
2931
2
4
9
1
82
118
1339
157
38113
126
1
1
3
3
1
6
66104
19107
1
34
26
3
3
796
6016
72
4
32
1
1094
40564
1
2
27
1
51
314
4
181
17811
27
9
136
521
2609
5
4
526
10216
5
2
819
3
2242
31187
1434
264
65
515
2
115
4
1878
1149
1306
160
279
87
17
304536
66307
7
2
4
46
13
4
29
12
25
1
217
20
121
1
7
1
12
2
73
182
53
368
5
12820
10
53
3
26
39942
22
2
25
9
130
1
10
1442
78
5
20696
8
5908
25
2
2
6804
40
2
636
212
11
2788
137
5151
18
66
13
25
27639
3
24
150109
145
121
437
1822
107464
9
12
413
52
29
3
12
252
20
981
21
1831
11
2
3
3941
698
2
812
70
1099
2593
37
74
1
8454
1
3
95
2
13
49
1
76
13777
1
37464
62104
8065
1
6
43
7
13
7237
11
14
395
413
108
1317
174501
79
14
2878
106
2506
1
48990
1
2
42
3
3
4809
2207
9989
1
3646
2
421
5119
7053
62
20
15372
8257
5
110
7393
143
3
13
2
4
1402
81
15339
26
42287
1
505
4
2493
5
4545
6
3
4
656
158
3
1
3
6
2272
25986
38
54
46
110
62
150
37
19
1
2467
26
1
11046
32
98
2
8
1
123
18
68244
629
55
80
3
66
169
6
121
20
5244
1
240
38
101
73
61
458
271
306
232
1
10
23
2
2
32
37
7472
41
167
10016
8544
5237
1
59385
4
1
1
45
166
5426
171
157
16369
4
8
20
40
2
7
627
323
44
26407
1
4
406
44
303
40
122
119
9085
1447
12
11318
17707
1725
50222
3519
24
390
19
25124
5
85
7
817
13384
552
13
1795
145
92
374
6256
123
2
87
56
19811
158
37857
26
177
17
4598
10
251
452
348
25
87420
22577
10270
10
174
1026
35
2
20
46
103
130
45903
53
7
2118
7
3
301
1
38
85
1
65200
11
3
82
1192
26326
5
20
12319
1405
9188
5869
10553
6
3
2
3029
479729
126505
23
2
302
1
51
66
4
3
3033
22
615
3
17
1
44138
171
1
6
1
12
586
72361
1293
18
95
24
19
187
2610
1793
2
6327
1
303
14
334
35
9
1176
1
3408
46
68
19
3
1
1
16
1401
6
92903
22345
164
60
16
1
4345
39
2
50
141681
216
59950
75328
4344
1
1
202
754
18
294
1
4607
13695
151
53960
1
14
4
15
18
68
2
1942
308
2
211
3816
1
10
1
3554
19012
3
32
46
56562
4
5
5
8
50
389
249
29
1635
1
1
232
327
2
1332
1
658
46
4
14099
6
21
9446
106
197
3
8
7155
2315
408
19709
201159
2
42
123
18
1
8423
938
35
1
76762
8
4
5
13200
6
368
149
722
2
22
11
1
3
1
8
60
9
80564
29269
1
6195
1
74
123
52
1300
2
2
2
18
869
12
38
3
1
3
21
1
22
1003
5323
708
651427
1
11
120
23175
1
6
11312
1727
6
11
9337
12460
50462
57
1
2516
645
44
49
1
23
6
1
2
5
1155
1
61
1
97734
2
4
4617
37935
456
12716
5
53
136
10
65
22
30936
9
182
6
1
137
1
444
413
4
1320
952
68039
6584
230
13
80
65
26
20
46
9
1
6
42
795
272
128
7
272
15
2
234
227
62
131
1
525
196
258
43024
10
13
1
1
3
205
46
57
158
217
1714
62
22
44
1
24
168496
4194
327
1
9526
2
336
3031
4953
440
1
201
16
5
2
172
1
34757
920
3
3
22506
9314
1
42
3
9
2
3
1050
999
80
2
1
636
782
8326
39
3
14081
2501
7
41
54
27
581
205
3844
1026
5
16878
99136
3
143
263
32
374
80383
6
95
19026
29
36
6
3
54
6
4
45
26262
3
1306
1
2
20
35
2
350
8023
24
140
3
4
2
13
119
12
1
4
43
14
27
36
17765
36
168
265
2
7902
6
7
30
142
14
10803
873
4
34
108
797
1
141
8209
8760
1
581
1
1
2
2
31
7426
4
165
35
2
5
57
696
6
20
2
31504
1
3298
169
170
3
536
13
28024
90
1
50
37
280
2
66709
167
2
30
1940
1
255
1325
4549
4561
111
740
1
11209
11
2
5
29
12
3
5
24477
29
215
1
16
3698
173
245
2
87022
1
9364
7
404
1
1002
3
2
15
254
401
1
13
203
1
16
2
4
60
15
414
12
392
1
1
2
17987
44
139068
13
470
676
118
45
8
25743
22
38407
15
7334
2
46
161
1622
22104
22
1
72
19
6022
2
127
21
1
38
1
4
7
6
25
694
494
2
38
5159
45
19756
6188
28063
8
594
23
3
43
313
760
2382
1
21
13
7411
5
12
216
2
325
12
1337
18
3
6
16998
1
2
289
1522
1
6
224
4673
7
43
45
32
19882
6
4
7690
1017
1
29
17608
2
41
1395
264
211
584
3993
4
16
28
6315
20109
1
6
1
463
1
1
4
1
68
351
35
15251
14
11
198489
27
1
24
10
3717
17
430
35
1
1
958
3573
90
6254
1
6
421
10569
109
345
4409
1
72158
30731
41
18
16280
55646
23
6
118
1
965
9
167
2
892
617
589
27
9746
1
89
1
1
26403
257
2057
4395
3
9
159221
64
24
15
7
21
277
1003
1245
1
156
1
1
1046194
194
102
68
3213
4
1
225
2
1339
1
12
533
1
1
22
52
127
42
141
39821
8
15
27
2
3
5
6
54
110847
4
125
29
3147
2
1
155
40304
381
11317
12
5026
1411
37622
2
1
329
28
3285
1
70
6401
28750
3272
2
1050
7188
42
5441
5
554
347
34302
343
16566
59
1
2
35
11
29
8
13512
1502
7716
1
14
3690
3291
1
15
99
6367
3
3
3
3931
2
2
164
1
553
9
2
4
11
61
40121
9
139
6
7
15069
2
524
6
430
155
24
2
3273
2
5650
12
3
7
1050
2000
7205
60483
3
1
4
8
2873
9
124
13
7912
8638
7956
74
77
217261
15
4
50
309474
58
138
13
19
6
473
62
5
1
30
1912
340
1950
6
277
3925
461
11
16
839
1
17428
1
154
836
23122
126
1864
1
2
4208
6661
458
451
5093
12791
3364
2
2309
5
236
10
140
8245
39
43900
6386
24
4831
27
356
4
2
5
11
984
11
12005
1587
2
936
315
35
1
7
1082
605
9
12947
2
284
7026
6
2
61
30
638
2
5
22
188
17277
19
37
61
11
28
4
4
50
9176
9
151
112
70
4
2302
32
13
47
1
143
6
34
108
3
29
117
18
1
8262
244
5
12
2577
1
150
49
2
24
5
3
2
365
3477
1988
5348
220
17
8822
76
1658
27
18
6
2
120
484
1
114
13035
4514
1189
1
9
8681
11
3
49
95
384
21723
4
1598
2
3662
131
48
10
7
3015
17098
2
4
62
209
9771
84017
12
1416
32
1339
3
106
3
308
7
1848
1102
3
3
2089
25
6
45838
14
23505
4
11
10
10336
5745
43
23
4304
499
89255
5383
93261
126
3
3
3
61
5
6838
1
60322
149286
1
3578
559
2
9756
5
1448
1
4
1795
11449
12786
81
148
631
267
3
3
10112
21
138094
12
2
1593
5
7
461
1
760
227
298
4
1
94
1
43
63
1
19339
33
94
9
17
1
2
14
74
4
2
7
136
90776
20757
1
15
48078
281
21
12062
39
2
12
82
91
318
205
1
2
3
1937
1857
18
21
194
7
1654
146264
6
1
3
1
2
14779
34258
7
3080
1
15265
38
3
2
23
2
175
2
1
1
7
1043
1
2377
2
34
171
202
1
598
11
570
2
3
15257
3
23
66
300
792
181
193
2456
10
222
107
10
14
631
2
235
6726
6
32303
9350
1155
73
1
23
14
35
7
2
5503
93441
18295
1384
20624
4064
1
2
2
412
101
63
1
907
34
812
94
1501
338
224
2
9369
11173
39
62
1
2
199
152
1620
1
2281
259
3
27
1775
102
105
30
26
26
138
9
209
9
29
24
1
71727
1
23857
3846
30
17
1
6
7601
119582
325
76
8563
13
15
102
14
339
71
2
237
24
2
2
773
7
1
379403
53
155
49
790
6
218
42
12108
1041
7
57
25
90
33
24
8
37
16
361
6
7
182
3
405
18
3
2170
29
17
59
86
42
43
1
600
23
4
49
23
3573
80632
393
56
1
667
1
751
61
22
1
1163
1
2872
18720
9
178
184
1
1
102218
1327
3
1
27
841
1
53
31095
1151
1
75
1
2767
5974
1
7
605
54
129165
5
6343
2
32
4920
214
1
1243
5
3763
9
1
361871
9414
9
75
26
76
6588
2
6
509
23
3
462
1038
34
1
9314
14
41413
1
1
8
3178
108
1796
3
13352
29800
38657
7
11
26203
13238
10
46
1220
4752
6
2
14251
2136
373
618
11568
2
5
2446
18
120
3
102
410
5
235
636
154
11
1
96733
3968
523
226826
19
2
2113
554
11380
1
29274
1491
1871
5
31
852
1
4120
15
101315
1
3221
4
25
3605
31
3
15228
13569
12
24246
4
52
52
210
22
151
18
2
112
3
1096
1
444
4
4
297
129
73
1
1898
20
489
69
66
7
290
1
200
154
5
60
39
19
1
526
1
98
199
2
1
7
26457
49
2
3
13
3
50
5
1
2111
19
321
903
21
90
59
269
102
1425
2163
16717
123
671
261
3922
20
2397
437
50
2502
623
16
1
2632
7
4
11845
217
62
97024
7461
1
9353
11923
77941
97
1972
15
90
3
313
1
8
103
4
2
2
1304
8269
10
76
17
771
10
178
92117
7740
9
314
5251
6151
1
1
172
47259
1
6239
154
44275
36
4438
1101
5
1
148
44977
836
504
46
59
4
4
5169
433
9
51
7
20
18161
3
3
2397
43868
2
5
4
42261
3
92
721
248
36
9
1575
1
5086
44
169482
53977
33
53
382
174
105
7771
79
1
16
1
104
1
2
13
8
1
193
24690
1
447
776
175
908
20
5
1
5065
9
30
13
15
2792
1
59
27
2
38
4
27
22195
18
21
35
85
1
4
2462
50
152
126
6
126
3
3
1
10
1
71750
28597
3628
63492
96
36
2
1
30
3180
10
2555
240
38574
1
58844
874
1812
17998
147
20
344
9
1425
8
4130
346
10108
5
3
6166
384
9
2
177
4
25076
165
12513
6206
14
21
992
16122
15420
79
1
84
151061
7
3
40
1
2
62611
5
8893
1
10876
4036
5760
903
544
24897
59
35
29124
958
3
5748
37
1008
2
50
8
10027
1768
1351
7
892
19
89
1
5
8465
1
153
8
481
20175
3
593
5
173
2175
5
1
507
238
38
17
54
545
1572
25
3602
321
1
818
550
3
1900
4
5
36
1
631
689
70427
1821
1
19336
18
1
7
10
1458
2961
13008
40792
5671
383
32506
514
61
3
53
58
1068
6
157
1075
1
236
2
24278
1
21
2
197
11
1
4
193
400
80368
1481
12
1
117
1
1
1
8
6121
3
164
2
5
4
92767
229668
3
321
49
2
14
6
1064
14
135
9
2449
2
130
4601
7214
243
8
1
325209
4
5
8
3683
3
56
18
18
6549
52228
341
72725
4
1529
1237
4137
646
47
143
6762
513
25
2
8
4
37
1
60
167128
215
13
264
95
6
33
63
330
2
106
3
551
327
476
23395
1754
569
39
5
351
66
4727
1401
794
2619
406
1
47191
3
26
4
10129
42
3783
1327
202664
2
7
314
7666
8349
135833
77
224
1
1
2
262
4
75
2
62
26
5
2
1275
29
1
228071
21
2
1567
40
147
1
19
412
6
1767
38
7476
9724
3
5090
16
4900
10
1663
282
63
1
9
10
192
136
1
2571
295825
67497
1415
24
2
30
149
407
149
1
14618
25
246
16
684
4
29
19
8347
5
561
8
291
10
4
15
19854
8
1142
766
534
1
23
1
33
20
1275
63
40
206
4267
917
122
112
18
90
2018
964
49
10
2
69
242
123
66625
100
27486
1
1971
1
5
1
36
20
1
110295
29
67
579
61
1
13125
204
2
2
25531
7
25008
83597
17
10
208
3
5
1
140
20657
80233
304
189
1
2
13363
385
232
2913
24
202
1594
322
31
1
12
2
564
4
69973
4
1
199
48
172
1
76
33
106
2485
84
20215
12
26658
2
2
19593
1
214
1
598
70
13008
35
2
5109
370
190
10
64612
74
27
20
7481
154243
1
13428
8
60
1809
7412
10778
12
80
446
412
24133
416
18
62801
1
1
33
8
1
22016
74
6377
51
2
80
49
62
12
20
676
164
3731
457
2
1
5704
38
1
8837
19427
2
140
1
19
2
1874
8
7
116
57160
11
878
8
19718
351
9465
13
68947
2
160
127
144
4932
3940
1838
1
17
517
16
7
12
3062
33
30140
155
1
15737
3
11
2
1192
1
18051
1570
1
14
6
33790
1227
10478
90
1
3
1241
4770
1797
45
342
2028
24895
3
1
16
34
5
2622
742
11
1
1
12057
19
1263
564
72
2154
1646
6424
25
9
37
211641
208
103
333
72
354
1
24583
1327
10
5178
45815
60983
1
21861
19
7
397
1
62
4
3
142
2
2877
731
1
12361
1
122
22
114
7914
1698
2
8
1
2763
27
32
20
146
288
524
3960
247802
22
181
717
14
35
26
65
41
3647
2
8
43637
26
20
2
1745
29
30
171
18
975
33
1
17
16645
951
2372
24482
11
1
28
17962
1
11
243
7
60
3
189
8510
66
33924
1
135
4
2131
6
99
1
6
10
1
716
2174
21
1166
2
33
7
592
11
4
3041
1
6
1
113
16288
2
1420
26
4670
14395
1
1
1
314
1479
213
14365
569
125
7
156035
313
1
2
1
56
3696
1
3
320
147
39
58
5284
5122
1671
502
60
531
141
4
1562
2
40
94
51
190
2
1
6067
685
32
1
920
55
64
3
225
46080
23
2
26
536
666
29811
68
808
1110
16474
1
14691
1302
2
1
7
1
3
4
8
17048
60
2
214
128
11
2
119
370
9819
5
16574
560
22
33593
14
2
1811
865
3
44
7
1
1
337
301
690
3
19
238
902
1
181
14
44
1
34
2943
11306
437
1004
217
1
228
12
89039
19205
104
185544
100
723
12
4
9516
18724
1
1
8
4
1
12
23
3
104
13
841
44
16
8
681
56
142
289
1
12
5
6
14
578
1
13
1
383
7
492
77
4
2
30
535
856
50
1
33
10825
505
421
379
10
10007
4
9
1
54
5
134
61
940
3
420
8095
2
37
13
2
84
168
3
894
74
7
4
15184
10
96184
822
656
103329
43
3
1570
2510
51
90
5
3825
57239
1671
45309
65
25
1799
76715
1
133446
1
83
28
254
3
33
30
3549
2913
124
1
52
91
19
2
15
3146
88
89774
2082
2261
18
5
23
2
6039
8520
6304
4
14149
138
38414
270
1
1
13
12697
124
44497
182
8
1
16645
23
69197
1
5
83
105864
30
2
7
28288
8675
4
26
5
5
154
2
83182
38
85
43929
2
1623
9
3
44
2710
26692
449
4
3
407
1
943
675
17
44981
3478
141
1
35482
17933
1086
1
20972
2845
10
9
8
2168
789
1
5
81
9263
247
6219
15787
447
678
1
1
655
2
20
346
42
2
30
1
5906
1
44
242
1
1053
25
1
1052
20933
7
3201
50
2081
42
15
1
3
5
1
22
30091
1
2
456
222
11318
202
544
4
61
3608
7859
149
10
9
6
1
2622
1
23485
5
27
20
2
1
33
3
2547
248
459
155
310
19763
2
1760
18
7
51
2
68
8
277
62
1
12
1
1969
3
12
1546
1
1
1
1
17
31351
1
1
26
9
1996
22
9455
112
1
50711
28
166
721
5
31480
6
2
121557
4498
1894
3
1718
7576
11
44112
2
198666
11429
30
23
1
5032
220
2
1
564
1
103
401
9672
19
2
2
6
236
1282
40
101
12
4
2
1
81
27109
1687
20
406
11417
282
19
33102
1
20
5
46
74021
3427
7
53
62211
28
17
1
8
1
58
4
504087
7
8926
1
35186
2120
1400
208
26998
1391
1237
29
58974
13
720
414
20855
5
29815
5
5252
5134
16
57093
38
1
660
1599
2
3077
45
10
2
11
50
28
18413
2331
4369
23
878
11
2
57055
721
105
146376
406
213
451
159
20
2
7353
6946
4
18
913
5
233
13577
41118
2
6
11
699
19
2
544
1
945
1
30094
5
201
183
31
4625
218
29
2
18
84
3
1
1
2
31
2
60014
9
17
4
25
49261
8074
2
175
377
1496
225
37102
8
3
1101
71039
39
45195
44
11
8281
195
1
3011
16
5
7
130
9
84
10288
102
42
93
1663
7
14693
885
3
3
304
8
138
142
32036
2
23
2977
30
60823
41
14425
14
1
1047
90
462
1
17
9
3
86
33
106
2
35653
3
2
759
40527
21
1
16
36
16441
11
841
1
13
99
240
114927
22
2
47
16
145
1
7392
78
2
15008
60
8694
43578
1306
288
263383
367
238
231
2
5537
94
2
4902
66
1
2
242
24731
6
1
589
23
10677
31
16
1
3607
3
3
2
34893
4498
1
1
1549
5
39103
3
6
421
1
545
2351
171
417
1
1
113
17
46
966
172
23
13
21
1
4
19
38
4377
20
16
5
16
1
1838
10
126233
2
1379
215
1051
9
14
152
2554
801
521
1185
62022
10
1
2083
22
28
560
8
13
58
1
7
7
5
12
9
124
27
943
3091
12984
265
28824
127
78
33
196660
6618
64469
94
28
4
9970
12
3
2
77
9
42764
110
3581
65
7848
1
1
21
19
4
1600
93585
7
93
1813
7035
22
5
2921
303
11
18
33
608
160
7491
139
75
20
400
69
52226
21088
11
33051
5
33322
1
40444
102166
173067
2
427650
2821
1
1
1785
1
579
916
482
3736
75
650
4
395
4476
11
1
1
748
23664
30
486
5
309
5
53258
248
1
16768
3
13
730
515
16
6
3
127
4
16
8
2
2110
6
85774
74
11
11841
2
28
2
123
3
7963
45941
26
787
147
544
4943
7
95529
15
1
513
4
678
1446
4590
9
7852
79
87
821
4
913
30
2378
2
68
572
2730
1852
3
5950
8230
300
23860
58699
25
4
10638
12
88
1
107
6919
390
121
5589
61
168
42
203
41
10
25
2606
27
113552
3379
2567
9
1
1
15852
13
30
2716
1
2010
1
1
1208
589
49
23614
129
1
27
15
3
6
162
4
23
2
13
30
2
4
2
4
5
14
15062
16
7
4
2
24
3622
18070
145
210
7961
2
1
3109
65
34
4
2319
1
239
4354
1
11
5946
20
29
8
25
367
19
2727
4552
3
3
808
713
41087
38
15
768
3095
1
1
6
3
18186
21
1896
13
4
51
3
220
124
9485
1825
1674
26
20
842
2
13480
17
6
1
1
58
11
6443
5
39
13
7025
130
37
9118
1
1
9573
1991
1
4
2
553
4
10555
17
5
604
777
18
5
4
35942
14
25
9518
893
1
13362
11392
22273
3392
93
9
570
3567
2
18
38
1
1
1388
1243
2861
8
3243
10394
2
35159
4143
3776
9
206
13
4
6894
6
4
1181
130
21
86
4
6
1431
3930
2
4
93
17597
121
1
1
1
1
5
69291
5846
428
175
87
29
3100
95
1524
951
79
10
3
125
2880
2
41659
7
2
74
5882
96
13897
75324
10
14
1
8206
367
20
6261
1
399
36
6
1
132
8
1
35471
3060
41
7487
12010
4
468
1
4565
8
3
844
8
3
1559
16
2
46
65699
60
15
39
15
1
27
120
644
133
4613
1
1874
20
1
4
20
184
20
537
111
154
1
1309
47066
23
501
1
260131
1
32
134
5918
1
4
1304
2514
27900
51
14098
6087
338
74
4
432
40
100
2165
1
9
12085
90
11
1
49
333
1
1
5
53
1
11913
46
1
9
319
7
145
5729
101
154
18
71
1
12
104450
180
420
685
45
18
1
7175
12
1
17530
988
5
2
1
341
326
1043
17085
1
230
12
6
3
58002
40
6132
16
2
271
47
4
124
373
196
87
202
1
49925
1
13
82
1
1
21
80
1449163
14908
1
1
3944
3899
46
24
641
1
18913
1
81
49
1
1
33
1572
50
2479
1
1
5
4
81
1
6
584
223
31996
13
4613
21037
516
4
59
1
6548
1820
239
9148
376
39
891
3
9
158
1
1
1536
1
10
3734
8446
1
2
1706
610
33
212
2
1
2
22
2
34
6
1219
195
193
1
3
1
1
34
8
109
5
1
46268
12982
2635
2
395
1635
49142
231
1
23715
11028
568
44567
2
1618
11
165
76
9392
3
2
2
28
34
50
7
66
4755
79
648
36
6
549
1
28
1
1244
16
328
36674
8729
1
81
257
1141
712
2
494
431
2
201
343
612
235
1
6
1
3979
2
1081
18
72
7
3
4
24690
80491
656
4
780
7
17
41
35435
1
4
1
242
311190
10942
72
7
3311
22
94
249
1
49090
5
1
24634
1
2
2
6364
380
613
13
268
345
53007
18
37
8096
1
1773
20889
2589
206
21
12
1329
2228
88
5603
142
1
815
5
5
14
224
29
1
50
159
7085
9
53052
2516
16
1988
5370
75052
3293
3
259606
183
8043
15205
361
1
1092
2
1582
1535
1
1
315
105907
2713
76
261
1557
138
37
12304
1
1680
3
1
10810
71
20021
7797
96
546
992
1
1136
4
1
4
2
2
9
514
13
28
4
3845
22
447
1
5464
10990
31
108
341
158
67738
234
3
9
1207
286
57
4
2
98
102
44
34135
1249
1
18
76
10
20393
3558
125009
513
9
443
61219
405
30021
4202
325
161
1
57
3
34
2
6
1735
25648
507
10
12
42
7558
34813
573
16
19
3954
13
12
49
22519
312
43
74
5
630
181
13
30
11
10
3
3258
19888
14
3
25
338
100
2
21454
967
1044
22323
12525
1
7
386
1564
91
6
15
5
1079
2193
1521
62
44
30
1
1
4021
4
36
1267
21116
222
1
30
5
1544
1
2
117
24
2
2126
1
11461
3
19218
33
18
33
21069
1
118
5
1
26
6
5
228
144
65
1
12
15329
714
2
54
387
2480
2
14058
1
7
1
922
3571
7
1
2733
2
8
26
6998
260
6
9584
2
2
3396
1143
4707
1
749
238
6288
13
65
419
11
48903
2
10347
4
1625
65
758
293
43666
40
731
1
18829
3
17680
44943
2
38
134
39
11495
1
21
22130
109
2
7
6119
15
116
55
1
1820
2
3721
2
39764
3
216170
1
8
4986
3787
38
3
7
244
14
403
167
19296
3
121
129
2430
2040
3
134
69
13
1
212
11
31
3
1
1503
1
188
2
1
567
5
1
115
76
26
489
1
237
20884
4
1
5392
1
15
1
742
5
44
7
26
179
1821
11217
85
9
349
21
10
7
16095
14
132
6
2
360
1
956
330
17
15
44
55
1146
247
15
2
42
1
149
1
1
1
101
1
3022
10
1
1
388
528
45
1275
32
924
18140
30
36
131
3
4
2392
30
25960
37746
5
2928
146490
56
95
357
4481
20
278
4
55828
2
3
139
45
29
401
7
40
661
3217
4
85
11
2
3
32
47
64071
47
2
15804
34617
9862
1090
15
5
93
8919
1
1
3436
2
47
35
297
10
1
1
9974
487
32
2
5902
19
20
297
41
124
3657
569
23
5621
8
140
87
118128
11
26
17
2290
24815
35
149
2001
1
5
24
1
2686
2
26
47
2
34
3
13
8
11032
55
2
124
4
11
801
3
38154
1663
8
5
2859
85
269332
14528
6541
13
8
18
3491
163
37808
12
433
310
4
3
5
2
347142
3
127
798
3
734
18
6515
18
7
2
25
6
27
133
87
41
243
37160
4
134
1
29044
2
3
504
2357
1
55
2
15
11393
12
4
98
2
4
50
95
63
1
15
547
3
8859
216
5
98
547
1
29
54
149
1100
3120
8
699
1
7
1324
6
66999
2
1
233
1
4027
566
236
259
1
5
289
1
3302
4
1
5399
5
3
2
38
8639
3
3266
3
109
1646
3
856
784
33
7
28
3
19
1
1
1
29106
79
716
1416
140
5
1616
5
84
120
10
7055
13
12800
2
7
9416
20
162
3
35
1
29
60
14
3
7
120
1
968
5120
67
20
2
142
223
2524
2
46
42
2
726
29
2
249665
2
14
49
7963
989
16
6369
1
145
1
2
152889
2
2615
1420
114
511
585
3160
1
7
5551
205512
11
504
20
53174
50
8
147610
137553
1374
13028
164423
29
868
54
14
4
64
4
1169
5913
1
1913
6
24
11
24067
322108
754
3
1947
31581
32
3
2
8
3
7
1
43
2
1442
2
81592
3084
1310
1
30207
48
322
36076
5
1
5
24
120
998
2
3
302
25
7483
1
1
3142
17
18
146
702
47253
576
10
1
10880
11
61
2385
17
47753
129
34030
15
9324
4310
75289
757
14
28
144
28
7
2
17426
13
32
6
19
3392
195
66
1209
1734
133
22
1
3107
5
22
35
64
2939
8378
92
5083
44645
4
106
487
18
1285
6452
72
64
8865
35
726
237
2
1
81232
1
954
1088
78
1
6
3336
123
628
11
4
96
14349
6
2
4
37
6781
19
681
1
3
108
2
2
1
50535
2
3349
50128
421
1
4
877
12293
1
550
3
10
72
1773
15848
948
1
2019
361
43
1
4067
3
3742
995
4702
9
114
1742
422
1
6020
529
1
4
111
13026
1
104
3
80
1
101
1345
3
264
1
9
1
1830
1416
2596
1
2401
31
1
7
8946
10275
127017
18
5
3847
17639
27
204
1
4
1116
63
1544
452
13
6
4
330
31
773
7
2
47
13
117
20
6580
229
2
10
77617
2644
14261
44217
7
5
14192
11
71375
2
4218
3
21
1462
4538
1
7
1
5
67
479
36
45219
2873
14
59
92001
487
28457
1
2
48
1
1
1
79
174
76
2414
1
6
7591
4
4496
48
18093
112037
1
2956
8
2157
107
19
2375
6
13123
228983
52
108
1
9778
1358
1
6869
5741
43
1
17613
25962
1456
355
4
1
78
2
340
6
13
3
12
21
75
202
1891
2
3
11817
15
25
195
10698
125
2474
81456
45
36
8
141
9
10796
2
192
5
2
51
36752
1
162567
2
3
61
266
2
20
1087
2232
15
14
2194
3
381
8
71
6984
729
2
1
690
235
1
55
66
13
216
3
77
5
98701
6
1
1
45
7358
1
1
188
467
3
6
2
36
7
136
411
3
24788
6
2
6
53946
639
34
51
1
1
795
1027
5
4
18
257
1527
6
66
1
1
42
5
17230
5091
81410
12
667
5847
78
19643
6
64
44
16860
1201
2
4
4
77
15273
27
34
12
72
1155
10
55
58
15
32
1256
17309
372
40
180
184
22
1
2
6194
29
463
8976
9938
28
126
133558
16
6
6
83
30355
526
16
53
123
1
1
1
12091
1995
4
17962
599
142
16535
38
2682
5
6
7
125
4833
62939
220325
3
30
1746
32805
243
1
24
2488
2
15
9
8
602
156
11
9
8
1
3171
144
584
16
3
2169
1
2
11
690
6503
7806
147
24
523
7
121
639
320
9
167
29
265
98185
870
10
6393
485
6
2
3
4
87
14
15
2379
269
8895
26
1
16754
152
53765
12
28
130
11
120148
13
12
34
11
18
6
584
181
1
10912
79
1
67
23
3
13
81
3
3085
100309
135
5
21344
19
77
165924
1
522
29
6
1
4
14351
66
22
4
1
8
5
9
1
1
1
73
25
1
3
176
2169
4554
1271
2180
3947
2
3322
3
21
2143
302
60
1
19
12322
41
2
122
2531
13264
14
6
1
3
132
48
101
346
3
931
218
100
89945
5
1
1
16
3
2136
88
72620
1
27
1830
12
3
1
6071
8
3
59137
5
25
3507
72
28973
1
5
8
7
1330
348
3
12919
106
1123
2
12570
81
1
207
1
301
8506
1
3
6
4
13
1
13434
14
11
25
1137
1
1
170
14
9
666
9
25
18
83
9750
1
3
1109
2
40
15309
342
5
4837
313
3
474
2750
70
249
1475
2
2
8
52379
118
6
1
25
2
1
18
1
1
6364
37
402
4937
163549
61973
676
2
38
37
1
14
133
118
32122
27
19981
6051
1
110
692
2366
3216
83757
2170
1223
4
69524
8
17
86
14582
26
11339
1603
24881
571
399
12
34644
1
332
59
25837
4850
37
19511
34
1
59
1833
18
9
9463
1
19
4
52
75
2
22
3353
1
149
1
819
3
2
20
3
63
54
4
1764
1897
12
20
1689
8
3
1
1478
86
8
11
19
248
424
2
262
74
2208
60
8
47
2554
2
63
260
5
62
867
2
3
1
19
6323
139445
57
7
425
146
20732
13320
17
369
465
2
72596
16
6615
98
4052
2
4
1244
72
2222
8
4
21
7
2110
24525
1594
1076
22
1
3
1661
7
1
8946
23
18681
6302
61
3788
47
2
241
1
45
1
2
2
31
54
1
1110
1
21234
227276
1
5
112
12
2152
55339
1
75
23
333
15275
112239
7
22
57
2473
11
31
69
1794
90848
175
163781
84
1
7540
3600
3
4046
756
150
124
66
1
1905
19
306
11
369
101210
9
11
1657
43
454
64
2071
1
3572
7
100
19795
13
1
474
3
6
26
47
1274
178
50
230
64
203500
542
4650
2532
22379
6862
6
21516
1
1319
746
1
64
1
4
4
383
29
19
1
33
12985
13631
1145
1
37
3
2
310
15080
277
3
1
7
27843
29
200
3
123
4
3682
16
3
3680
5557
3312
27778
3734
10
41
3122
12
3
21
29
3
29
830
1385
4525
32367
44561
7
2
1
1
394
16
1
2860
8
26767
752
13
16
4381
4744
19739
8352
11
275997
2
8
128966
6
42
1
16
9
3
2
9
1563
145
3195
18
353
26
39
2
2
54
2277
112
6840
45
3646
41
1
329
12053
1
130
185
143
4841
1376
384
375
4482
2
1
19
21
9
11
38
2
1
17827
115
108
24
10
9721
31861
21260
46
397
16716
1
86
44292
51239
1985
3
96
22
103841
4
7
4
257
1
16
17359
520
187
1
448
21
3
997
175
21893
10
8
4
25517
11
442
1
3
13
2
2
11296
210
6169
1
17
28278
2
1421
52
47
32111
4
22
6
170
2372
98
6
5
1
259
170
28
12
235
37
26
9
1
1515
25163
14
50880
1
175
43
31
54952
1
3758
38543
1
1
1
698
10
4590
6931
1246
16
2
897
2
30
1137
36
140896
1
105
10898
5878
6256
7
12
172
723
156
11512
21
8
80
1
25897
52
49866
192
1
7
1
77
10371
6
10
249256
206
1
1
2
1149
268
23
1
1
29
34864
31918
11
136
2
5476
18
1
421
207
6521
3720
1
439
5146
130
382
43
2
1
199
3
1
206
36
22
10584
1
1
612
270
3896
1
110
2582
918
19024
30429
4
319
27391
1
8
484
150
20547
5
6
1
89
582
3631
20222
99
44058
4
12875
3129
1
5877
217
90
19800
15
45
2859
2
2672
1
47981
476
11
54
29
23
428
30
105
1565
4
254
2094
9
24
8
72
9
432
16384
54
7
1
28
1
14995
3
2816
18
6046
2327
1675
1
1460
1691
99606
82
1056
11
5
6
2789
1135
75
1
305
11
10
12
87
134
8
7
1376
1364
25640
3
1898
2615
16
10
4693
9
4
28
6
95
117
15
16768
1
142
1
1
46026
269113
2054
2095
1
11
2
1
17
11
2
60
4398
8210
2939
5
32
1
12921
56650
965
19
4
19
15413
55252
26
206381
1307
5
35
12673
1
118795
91
1
5226
3
1
853
47409
1384
22
16
297
4
116
934
1
384
206717
229
1
1
274
71
2
351
34
40
36
13731
48
78
58
13051
99851
32
69
5
5
4321
33
1
35
10503
324
8
17822
1
43355
1172
78227
53581
1
56
93
3
846
49
4
286
8996
343
452
1
8
2344
296
37
22
9
130
45
225
12
5
21060
8
64
7
2
634
71047
8775
101
392
975
8686
7785
133
52
15679
34128
3072
13
499
2
23
1054
5
22
33
174
1715
106
426
318
9
1
2129
2602
3
25
2
604
264
2
36243
642
138
6417
24
711
1288
11
15
290
1
2
845
1
2
7
6
79122
1167
101
2
20
18
1831
6
77
12
35
1
7
1
13878
42
11
4970
39
1574
3193
214
50953
101
4
231
11
1
14
1
16
16828
3
25
28781
218
445
3
2
1
62
21
155
37
207
1807
12
1201
6
5
3
3
1262
36
13
77
3
283
65406
730
1
82
24
3
6311
1
480
1175
41971
846
3
1
6978
5
8
3
3998
3
978
207
1
1
215
54207
52
6
2
1
1
10584
73
2196
61657
3
7028
865
227
320
1
2782
60125
3
4601
4903
16
30
430
1116
50
18
89
48
2
1569
1
2
1
1
389
62
12
41109
9
465
755
4
5
6
9
1
1
280
7
1
628
6
50
13407
1
2
15
646
679
92
742
924
5
1181
1
23006
142
142
265
1331
1752
14
1
12093
1
1260
1
8
3
74
1
4
2
384
47
111
115
53
2
54
1
257
18
1
336
120
564
30717
2875
370
8800
90930
207
37
1
98
3
1
84
29545
3
2
2
5
59233
57
3
29
5
198
14
16271
27
3
1
4
64
2
1
1093
3211
38456
1
2
287
2870
1556
67
6
36
1
14
3
2
6
5
9
3535
2077
213
89
152
2
3713
5838
35957
454
999
5091
746
43
5
3
3
2977
443
268
1
1
2
30
28
2
1
31659
9
10
43
265
992
20
909
15
2
26520
34
5
183
2482
156
5
232
767
8054
4202
4
3
40
617
2
31338
32
8
2
1
4890
43
23
199644
15238
194
6479
44
3
1338
18
2
2
13714
4
385631
5
156252
52
6
3908
4
4624
1
83
33
80
2
5
11316
1
44
287
599
7
17
14
121
2
2942
73
6679
2
101
12
83980
3
1
5056
9
49
218028
7
1
11607
12026
41128
564
1073
716
2
110
2
928
186
1
2
1
24
15758
98720
66160
10
503
12068
1
2917
64
601
203
5704
99
235
2451
177
3
15034
41
1
143
445
26
701
92
7
52
954
9
217
1555
8
1
11
2
7
5
1
6869
2497
82
602
9112
82
3
838
14
1
1
113
3
1
207
2759
6
33
3
98
4
1
86
30
1
5
1
199
63
24
528
1
1
2
107
66
66
2181
58
2
174
12049
38
3906
23977
20488
44456
1
9
306
2
2
1
33
111
12
95
3
2239
151
5
1
206
4
2
422
74
160
12
874
14298
2
1
807
4637
36
18
1
2173
8645
38
30
88
230
1
2
108
26271
4
31
6440
12204
13
17657
16967
14
3
20325
1675
3601
45
476
11967
1
2084
7
153890
2940
5
245
32
15
725
6
11767
6
7861
1
102
6781
258029
2896
5
15
2
1862
5
22265
5
60
1
2
1403
304
10
3
41
45
11
5
1
73
1
4404
19
97
36914
10244
8
3
1
1
5
4
2
44
1
13
61
14
2
9311
771
522
2319
4
1
6
4
1
17
1
1
60
463
2
1174577
2643
1
72
1
2
1
25
4
5
134
397
291
38
1463
16
10
37207
1126
142
2422
5
34
22
5941
314
12
1455
1740
14
1
2
2
22472
37
47
18842
6
16
44
71
41
46578
3553
438
773
24
1
13253
333
11
179
777
1
12
328
599
11
12
3461
4653
401
38
11622
8911
999
2
5176
6215
726
276
9
4
1
227
1
17
9411
32064
916
1953
47
85478
68
457
285
8004
2
30349
23021
6
48
92
43
30301
1418
18
288
113
7779
51
504
5
8
228
71
125
56
1
19
383
2751
914
1
7732
3702
15
353
95560
14
1660
833
379
5562
2
13612
264
11
71
1685
92672
1080
179
13
302838
289
995
1
472
2
2366
95
117
839
93
1
57954
12
2
21896
48726
3
954
63
8921
1
19589
33
1
155
6
47643
2
7
10193
43
24
4
200
112
2
309
68
221
59
10411
1
6654
86
2
361
113
276
17
12
6
14
2600
381
2
48
4
3499
3
44548
3359
9878
1151
1
5
5
253896
18
1
79
54994
89
68
1
16945
31
1
270
4
15
4
17177
8
42
446
179
10589
7
3
28
2998
3
1
32153
3876
2731
271
43
3
4895
982
1214
5
1
2
10
1
4
57
8
7
10
4
3
9
40
2
31
7252
167
31
19382
1
6
18
25
600
4
61
3
1447
23792
33542
1
4
6668
8
4
27219
3
62
22
73
6
29119
1
382
70
50
316
1
5
1
55
11
8
2
10
1
4
22
210
249868
1
11665
30346
5
29
133
35
5
17
2
40
1
24
1
2238
46
221
277
1102
4
89
4287
85589
249
103
2
4
575
24
69
2
35
4465
2
360
284
1
15
7
168
1450
19
2
708
2
19
4
30
12033
116
31
818
3
1
449
6
2
2
2
9846
74
187
2948
425
13
21
3840
85
270
273
2157
6
176
2
9
31
41
17866
57
699
7528
2
7560
1
7
25
9
752
31
906
9
150
5835
5906
1
4
4376
6
14
1127
35
22
52
1508
260
1872
1235
8192
4
15
14
1
1
4425
608
1
53761
33
1
1
4861
63
537
12603
8
101
127
8
33334
2
2
1
17
33757
101
39
2
2
29
20
1
112
7
3
193
1246
187
1
635
504
676
676
4
695
293
153
1
13
32
2
2
73
21
226924
6435
1
684
27
521
99643
25
45
1
27
2927
42
320
1
834
863
43
30
1
3
6
1569
11
89530
3
186
15
2
132
3
14329
10
3549
2
16489
37
1
8
9044
244415
603
9
2
7
1195
349
2423
3
3
21
20926
4127
21
13
1037
7
743
2
67983
11
8
73
7
1
439
11
2046
71
5
69
2
1
3
190
6
251
1
139
281
122
5683
138
14
9661
1
44
7836
3
17009
6
3
31825
1
22
5
148
14
11
4
3124
42458
19
2
3
37603
534
445
2
21
11
27
1
2
27
3
13821
1
264
38
18
17
12
1
228
317
13
17
47
49
520
25089
1298
1376
12
153353
14
12
32598
2
45
1
9257
2
6
216
237
143673
14
20
465
344045
2
632
5146
11
11
235
568
2434
136
193500
1864
14
2
9
20996
1662
2
11
121
97438
4
250
9
2587
5
19
4309
1164
7
64
9
839
871
3
6
1
17
62
2
326
574
154
5
1
1
1
4312
6
1
1388
685
116
12
140
1
86
204
860
7438
70171
39
1
12295
1
3759
4
54
14
1
53247
302
1
932
91
3637
1
2732
4
5
2008
81
1
595
3
5574
25841
34
1879
1
377
4
3
3671
809
17681
1
294258
990
1
130
1
543
6
96
748
15
170
2
13
162
1
3
1651
5
1
4
10
11
514
3
3960
4
2
673
4
2
4
1
248
14
335417
92
2229
386
4
3292
26
5
5
1
2
94
25
3
9472
11
8541
151
3
15
1749
40
237
1
2
72
3
619
3458
59473
9
124873
19
1
2221
67
17
1
551
2
2
3731
304
9
18963
4102
74
57
573
484
21
74
751
7
72
50
15
95
22360
1525
5406
1777
32827
1
8241
712
15
18
5
1
3186
40
22
3
70136
420
8
4
18269
1601
180
35
1
452
3461
28492
866
104243
86
56
139
3335
4
1
8
4717
22
268
5
4
14
55
2
4955
141
112
968
175
1
38
190
9
104
68
10285
12
3
244
4
328
7910
2
869
6
39
3
3
43
219
3
28176
186
5
201
4
5295
61
2
2171
145
4
63
6
42
8
12395
10
24
1
64
3634
45
7280
2
739
13
1
18
1480
1
25
28197
1099
45
5435
2
7
1
72
99
4
53
30012
3652
4
875
10120
2451
27337
13
1720
9
1192
77
7478
8
7
252
7
10
1860
2
1
4
50
7
17372
12
10
84
117
196670
8
21
2387
1
2
2
117
8
463
42066
28
2658
608
37
1
131571
981
1
59
2
759
608
39455
7821
2
1449
32
935
287
2
1393
51
71
36954
399
6
15050
2
5955
1541
15
4542
4200
5941
226
287
2038
9102
374
1932
57
102
108
22
28491
13
8
71
48
4
43173
1
3396
8
100
1369
27
29
139
91
37
5
5
2
3
793
31109
689
73
852
1603
25
1
878
956
82
9
3
40
1
5
143
14
8
50
1
332
4
5
337
44
28
26
606
1380
55
45
106
1
110
39
10
12
67
7
16558
1
6
2
30666
34
53
77822
55
249
24650
3073
67
95
2
104
62
15986
1442
1122
64
3538
25292
8
2120
527
11904
2
5
7
2
3315
21
3
23348
24940
26474
2
27
3271
1
9
2606
28
1
1
317
1579
1
2
31
442
14
100
30
16
16
1
706
142
27557
37740
4012
1
15
21997
795
454
46872
18
3175
1
4651
10
86115
12907
6
47
4
146775
3436
7467
2563
8
206
1759
34153
17
1
2
18
2
122
875
4
977
2
110
2627
17465
314
28
4
5
2810
104
3919
3730
220
8
211
1
26339
213
18593
47832
1
12
61
138163
33132
6
1383
17
5
2
172
2
53
169
18430
57
110
67
9779
6
116
7
55
1
12
793
9
48
166
2
986
5
3
5
83
2
1
31663
2
135
454
5501
14096
135
82
47
1
706
2
39188
2
49403
2
27
7
317
37759
103045
836
1
51
1
144
1267
33501
414
3
114
216
15248
411
169
8
2855
4
1
1
1
17
1
7
167
23
384
6
3596
1
6062
31470
24
23324
430
6
4
13
2
122
13
42
1238
14
128
123
15
11
7
317
10
816
3164
2218
1
87
163
29612
847
236
186
4
5440
17
1
30
2
2
2
6
6
22
508
219
3016
3297
1
1
7
1
84
2
60
55674
63
389
38
6342
343
19
14
4
18409
2
8
94
4
46
3
3
3
6
2
36
217
6
2
16
8
1
1
148
751
29
191
71
3109
16642
85
162610
1
36
449
1593
863
7
135
1
2
26
3816
3
4
2
71398
2
33
1
8
6
4
14
32
12
3
65319
6
1
48
25606
5
76308
316
636
18
1460
60
90
7759
2021
273149
662
18
1
81531
29497
2
16
49
86
22
36536
4
1
2819
1
61651
60
1284
667
7244
930
11
44
23
26544
5657
295
8
56
17425
160
807
26
9
1676
12499
1
1020
1
568
1
1948
53
4065
58728
1
10
21
83
36
25
3724
411
586
42
5717
6
7
4260
64796
370
456
89
2
4779
475
159
81
61
2
9
472
2497
29
78
13
1035
1
902
1
95341
1
2
1
5640
25
22
2
5
89
11909
1669
13
3608
1
388
2
936
3
3
2768
44
3
219
175
4
2
30
40587
226
21523
274
3
10
11446
3112
300
2
1558
38268
973
132
24
21
7
73
37
92270
32
18575
2
1771
9438
141
219241
11
452
38097
14245
11
2522
3459
20
1
2
8295
37
7
1
93682
12733
2
19588
11923
2912
76
5
1
313
2
1894
3
341
31
667
1545
28418
13
895
783
3
39
838
804
136
41
7
264
4567
4
5
77
9293
1286
45
1
83828
4
4157
310
14388
2
12075
308
1167
8909
914
1358
20
1
1284
484
65
6376
120
1
6
2
85
1
1045
30
87
4
39677
337
101
444
9432
3
421310
15
131
3
459
42
1752
32554
313
1
14
14
13
20
19
1
1
12
12
14
3
4710
1
18
434
38
2329
11515
542
3
103
4393
367
6
7
1
2518
11137
15387
570
2741
1
4341
188232
115
1
11980
12
2
4610
1440
2101
26873
84
5241
1
71
25
12
3418
1
173311
84281
2
4960
121
30
44
2
2103
4
26776
5677
94
115
62
2
12935
1908
4
24
1799
21628
28
4
4
25
2
17
35
9539
6
1
10
16280
235
36124
3
2
2
5
802
5177
7
678
1023
1
2
701
15
5
3
9
2
8
9289
20
96
8
47
20
3
3
5
74
18660
2
14
28615
13
374
1347
2
8
16
2116
1070
3312
14753
23
4
219
11
14
693
1
6
1
18
12234
22248
1
7
113
48
3
3222
6
8032
63487
1
197564
728
962
2
205040
162
179
44
9116
124
8
196
405
7512
1956
282
47506
248
320
2
1
13492
3
3
17
26
740
10
5
7088
5329
288
3
521
53
6
178908
1
15886
6515
3
2
5
4500
3
734
5
7
41
1
1
400
5
60
4
33
17740
166
1
28
22
36
409
796
75078
5
9139
10863
123
146
13878
10
59770
566
5
153
32
24
1
6325
213
2
1
55
3743
1320
3641
118
392
2
18349
65
8
1
210
104
1
9
784
5
23
416
738
185
455
179
24
19
4
7036
1
3
24
58
32
2
1129
28
9002
104
1
1717
157
12
29
2
14
12989
46496
24
18437
5
36414
6071
138126
493
20
3
2
3
11
4
5163
25692
21
3
12
289
573
1
15
32750
587
5032
2
1022
1
1132
285
21
7733
1
252
1
917
1184
21
442
1
1
13
929
1
1
5
40
1049
6
44
1
11
253
1
3
29216
698
2284
21
68
11295
99
2
2
33
804
29
2
1
9
3550
1
175
140
1
3657
3
9
3
1
3
2
499
1
4
335
7168
21
485
834
2
14
1
2
24
107
1
4
11354
1203
10
2
23648
55
110
43
1
716
311406
14937
31
193256
102163
2028
376
42
7100
6
28967
534
162
7
25522
276
81
507
5
102
18
320
1
21
15
4
4
14220
1
16
7
469
12
97
22
1094
43
30
3
1345
42
43000
2
21
876
8
1809
218
16
2
29
712
22
7238
2
495
11
45
4243
327
1153
70
61
12362
652
2263
81
1
345
4046
2081
1251
168
44
854
1747
3
15379
38149
182
1
4
618
161
1
34
1668
1
12
19
7899
13
3
1589
21
27
21
16373
11
136677
1
1
72
7300
1
578
696
4959
199989
9
5954
3504
15
3539
52991
1187
283632
73
126
2
7
38
108713
2
170907
1
2
3597
45
618
1
4
6536
4
2
1497
31673
497
1
25
512
2
563
23626
13
88
24
398
131
27
6757
1
79
2
18338
128
2731
28
13
73
10345
11
1640
7
84565
8
480
689
2
81
247
3
1
36
27019
3
4
119
22854
2928
1
18
58
95
5
28723
6579
89
201
267
13
1056
9
23202
5
43
4157
1
38
62
4
20
4
24674
85
300
16843
2645
3
18
369
6
7
6
5
11
1004
439
23970
105
118
25
2857
2982
11
4
15
1245
28
2
641
1
1
38
1277
434
4
23109
6
4
590
38
170
33
1
10
2
10666
81
4
396
530
15
18
2
2
5
121
361
2
482
318
73
1
76308
96
3678
43
2
15
174
1
52
16617
1235
1
15
2640
2
106
2
52
12
258
1
9
12
2
8797
1
3
10
74
113
10573
2
23814
5
73
15788
50007
7392
37913
132
21
2
1
167
13
113
6
15135
8294
1
2
867
5
29
3
1436
149
71999
59
13
7630
943
172
38284
1
2
50
290
10583
24
222
447
1061
2
1216
1
148
1
10431
111
656
20
2
906
268
90507
2
13
2211
590
547
415
559
34
337
1
38
3892
2
4
632
6
236
1
5
81
173
18
22
56203
283
10
1917
1680
1
25
19
22
9
63
9
2865
3
3
201
15
8
17
84389
1
7
13
2
1
2
51
11
22
3846
183
4055
2
13
1
3734
3279
1
88741
11945
1
1
586
10
58
7
15158
33
6
33
2
180
165
17103
2
15
1
12
12
1321
3264
1
354
17
25085
7619
126130
183
1
14
131
3
13
44
14
3
104
523
6
22
99
1
7
12
1418
5
1
63
759
196
1653
2
273
5293
3321
2104
151
11
41
1092
1
693
2250
62203
11
6281
23
17
25
24
5
29456
12
775
1
226
3009
1382
1150
14148
24
3090
18
1
905
4
3357
9
49419
386
19
34
32882
106
1
33778
11
236
1376
666
34
24
616
18
77
3273
10
542
6
2
183306
222
2774
125
2
16807
1
3
10
60
12
15
2
20
117
35
292
10210
9
21242
30
1
27353
26162
358507
51191
2
1
2
401
1
174784
2441
1073
18559
25529
25
53
1384
97
28127
12854
1
1
347
3619
263
3
30
9
10
304
1
2988
324567
3
8374
2706
286
966
11
3
2
147055
5
25
9
1
4
26
54072
6
8686
2
3144
122
175166
834
8
168
2
4769
72
64
1
12136
225
1
19
3
3801
24
142
2737
2
1
97
558
2366
8066
1
5597
7
231
12893
6
23887
27365
4989
73
7070
56
1
9
1
11
53
136
17666
1
36
350357
376
1
121
759
1
109
29
47858
112
1
1
24532
1
5
332
1
49
21359
282
759
1982
643
349
1931
5
2119
1
31
255
10945
5
15202
101
577
356
625
787
66
15
11
4098
46
23
361
6
10
48
69
941
22
9504
3
41
37
31
1
46
8
10
91
9
5
31
2
1
1
1958
1321
2
5
571
4
704
6
10
2
431
38995
3539
52
431
1
310
2963
2
4
429
181
1
7
5
2
22
104
387
19
3
1687
29816
1
4880
1
35303
38
8723
30
435
215
13
27313
14721
9
4
224049
27822
4914
48
16
61
5
25
3
8557
11
126
3
1
178
8
2124
28
2614
8
46
46
87
6
4
3000
447
13
5
312171
1
16
16
250022
9
4519
1
17
745
87065
2
7
83
1019
81
244
34
10
8
36
92
78
1
11
5
19988
3
7
27
203
2
1
4
83
220
1581
822
14
52
1
8
869
1978
11
7
96
51
157304
355
1
4
7077
3698
2
75
7
6
5
13
2
1
12627
1
4
1289
2
840
5731
3
5
2
33
522
1
1300
3
107895
42
239
21043
517
3287
1
5
2
30420
6
21
4125
57509
6
33
22
2
1
115149
42
2
524
1
1
1
4497
7
1
1
755
15
18833
159
5664
36
5
21
7
134
218
1085
1394
136
1
1
94
1
19
137
9
216801
16
28765
3
2
5679
1
625
69
4
1597
514
904
13822
46
63
2
1
268
487
15
6259
19
5
7936
1
3979
2286
11
1084
13761
6004
201
34
3
1779
989
4
1
14
10472
6
54597
1
964
274
5045
28
600
26
149
586
113
93
598
21791
4664
21301
115
202
2
49388
397
1
194
9
46
1
31551
12218
2
22
11081
31
3860
2
92545
25
208
2
3336
49
1128
156
5
534
24
3386
325
13
389
24
875
315
4311
1255
3465
10377
2
31
1149
307
48
411
35
10869
4
2
2
9
2207
5
1
114298
274
3
582
6
15
8556
13267
4
9609
18
66
6
1
12
3
14
301
8
1
1
8
63
1
8
387
158
455
8
192
22
2
3
1
31
1
4
745
206
124
14800
16
49
1
167184
15
1
14381
58109
2495
18024
5879
2
20
98
6
160
460
82
505
13
1649
25
367
4
23337
3
13711
622
32
75
3447
23
2
530
2
468
47200
123
2
7290
1
416
6
10074
2
2027
2
34
282
9
139
7
63
1
232
11
1
6
443
21
7456
1
20
1
4
79635
86317
15237
81
260
70
1
3
165054
3665
5675
30
304
5
5
13
1
675
30
11
14
2
3
118
73
11
3836
28
16
1
3
12671
35
1
96
33
2
2
49
67075
4982
2685
7441
5184
374
436
2
2
6649
5
31
66278
31105
914
1
1
1
9873
5973
9
1
68
80
4
130
176
8
2
5030
35
1
26707
16
3152
6014
4
124
3
39
3834
1495
4387
17
3
64112
759
4928
29
129
51
20
2
98034
9421
4
2
6
1
3
1
33
71
1
3218
24137
3
43
4
29
215
23720
25
1
1
1068
1
15313
8
1
36
2835
62
3
9
34
972
1
10
29
73
134
1
6
49631
12
136
1
4
1
8
1
9
6
1
470
1
1
616
26
287
39
695
8996
205
257
526
75
79
512
35
2
159653
2919
54
90
2
111
14
786
3
76
7188
44
14
2469
2
3136
154
29814
2307
63
23
1
23
1
8192
4
4
12
252
12
8458
1270
39
1
21423
2621
1
1823
42
1
2
29
4382
369
13493
9925
2
23
2
8042
5
1
17
134
396
1035
17480
29
5329
10406
19
73685
1
38306
5
3
6108
22522
50
2
489735
41729
17972
1
2
573
4
6
1
5005
2044
99
3426
7
262
4061
300
13827
425
27
165706
4
256189
34
1
4
11362
19
7
65
4830
63
10605
446
1
646
2
2526
59304
16
676
18
197
13
413
1
50
47
23658
63
1
2
803
1
94
12056
202949
13
1
1449
2
2
1
6740
29960
5
12391
25
222
63
3
354
18
1
5
4465
1
860
17
20
34560
313
3630
814
3593
2
10980
62
54
1542
1
4
6
16
356
2321
71
25
1
230
8
439
17
36
19
5
126
4170
9
8962
1
1
16
29510
50
2
40
16
1
2
1
59
8933
15
2027
1
15
19884
205
399
7297
9369
1271
3040
5359
3
19
7154
3
28
2
14
7561
13718
52
10
89
559
1
332
76
109
106
12
1
42095
228493
1
138
38
2
1521
1
69
585
7
159
1
868
50
1
99162
300
2069
1
12
29
63
609
723
180
1
63
3
529
1
5
4
5
1
14710
85
700
39021
575
392
8
1
1
52194
1
3
9029
3
13283
59
2582
7237
21
27
23147
1
96
50
149
6
15
33
9
9
1
13
11578
1198
5121
479
21693
4
130
2618
7482
6
10633
18
10
25
921
83
1778
1079
2526
1
2423
13
2
32
1
1
442
38798
24832
2081
2
165
2
41
2
2
15204
11148
6
8
69483
12
18
8
1
49
111
168
71788
23016
3322
74
14
91
9
93
15
10
12441
949
1424
9
20
985
5
23
3
12
6
11
4
75
1
8
8
304
16274
4546
2
17
2
6
2739
66
2
4
2
77
15
1
2101
16
4192
2
37
20
2
1841
1
2
20
3204
15
5
7223
36392
2
9
86404
10
252
156
130
1
9
13899
1
5
1
8592
101
4
3791
20
5427
9
12725
18
255
5
6
4
162
242
402
11
2
198
1
147
1215
178
640
20
4
3703
9985
363
2
1683
184
52
9
50
414
15
813
2
3
45
66
1
3082
2
352
6
1
199
15
3145
110151
545
50
4598
8
6
31
32977
1
3
68
1
394
170
1
5
2368
1
13047
14
201
3
184617
409
107
66
1013
88202
267582
1
206
10294
220
2
133
71970
2
1
371
122
2
18
121
1201
2
1702
300
2
4
20
164928
1
3256
125
383
2935
9
175144
10
144
94
3
43
16
48443
496
413
4506
4
2460
183
5538
2657
55810
4853
157
716
1
4
119
155
24894
9648
1096
88052
13
57868
1
8540
5075
10176
23137
6
3
67
4
1100
1
121
14946
180
1
384
170
17411
16957
3
2
2
2
1
2
1
12
6
78
358
772
294
485
580
1
42370
39
18
1
1
11
39
6
15
5
2
617
32
5793
15746
7
15
45
57
25
520
21
24
884
43
4683
21
30
2
449
6860
188
7062
158
9
3131
1
159
30660
596
1184
6
1
5
4190
8
11255
48038
528
3120
13023
77990
4
2
6
1
9604
15
226
8
3
3
5
299
128
137
12
63602
1227
30
19
189012
4
39
1
36
444
1724
7
731
1852
2
13
122
2
8705
1648
64
571
645
40
1
1
1
1499
52
1
209
16257
670
1
5
1
2778
1
129
22
17106
55
70
1
1
4
1
1
1594
2
12963
1120
6482
4674
297
2
5
537
1877
44
15
78
325
475
11
185
23010
1416
16
11020
7
530
1177
639
8138
11993
33375
2
374
2
200
41
152
3
32
265
9
217
1
48
2225
10022
31
1
1
3
4
6
1
25279
1267
2527
1
10
28
17
1
45
2867
5210
769
20
1
181
2625
5
60
103
1
2
24439
976
6394
1061
1
22
9
35
11
34
15
1740
1840
4
9
42
15
160
1
1
30
1615
45
4
422
5
20
6
175
62
8
244
11
244
2
59658
1
58
21209
1
966
62127
8605
23
70
15023
696
104
4141
4
12566
1
19379
8293
101
1
11301
1
52
18
728
17693
30253
216
1
10
43488
35
152
440
13371
3
11
1
6
4
830
3
16
5287
7823
134
9
115770
9
1101
965
9
1570
1
25
83
133645
1
13
70017
14
9316
22597
245
1457
1297
3
1
17627
21230
1220
543
407
5
80
77
1
3
1
72
2
2
1
202
2916
11304
42
124
55
13
8
7
28553
149
5148
3043
250
26
105
25416
49
2
1
36
748
185
100
88
2867
210
3
1420
1
1
7
6
39
2
1
15961
77816
2
23
8261
41
27
35
1
2
1
207
2391
202213
4
299
11
2
9173
44
2
104
40453
252
41
440
78
1272
18060
58
9
1
416
25
62
27
1
14
24
11
43
5
2382
2
1
29
99
25
91
16
7422
56
649
138
300
682
694
236
6
16
6
26581
692
3
22
11102
2402
1
4
3
2
1267
159
3081
14089
15
360
59
3
8425
1
39
69
2263
2
4
254221
210
1
13
4322
67
37234
14
1140
480
258
16
7
3274
5527
88
200
3
1
1
14
69611
4481
15774
1566
1
1415
896
2
1
1
19
2
71961
11
33
190
1
137
4
1
1
3
4542
2
85
3
3
11261
19
12366
58
1226
2926
4
34
1
2
1
204
22283
6638
34
29903
2
2457
493
1
16
98
2
39
1
1
9
57
55
1
4366
3
1385
1
5
2
829
1
26
294
606
178
805
5445
8
43322
23
52
610
360
1550
82
4812
7158
1223
4886
8546
2330
2240
8350
146
1
129
58
370
95
160803
5790
83
14
37720
466
22
65
4
220697
809
17
2256
104
2550
313411
33046
149
1
66
1170
28
1269
1
320
14
1
1748
1
8
6
71
21
617
50
214
62207
270
179891
5435
82699
1
19
70878
522
35984
26
12
1
130
9047
485
6387
2285
2
118
5770
61
6371
1
10
24114
2
3
1
889
3317
22
120
1165
74
134
1631
6
9607
57380
2430
42692
14990
2
1225
3898
337
160
10
8905
1458
6
1523
33
1
1
3
4638
23938
5
12
1
32
90537
145
1324
52
147
1
15
2
55
4339
2
21
164
52
350
1
1
1592
12976
2
12
21140
148
1151
10
23279
190
2257
72
6
2
1
45385
295076
1
7
265
1173
111
26
7
448
4
4
1
1
14
1
2121
25
358
258
2
4
1093
4
1
18
6725
25
1
345
9855
5528
5
1532
423
130
904
12
487
11
616
436
78
48963
149
77
3
56
5890
40
15
41
14499
5
1
9
351
1
11
282
1
2
467
122332
6233
128
5
309
2894
3
19
5
3
5
13
131
602
19
13
1231
50
1
970
13198
95
29
447
30419
10
40
1633
2
108646
110831
1704
1
1
1255
11
168
41
65
311
886
12434
100
5
386
1
46
20
15
9
1
271
1
59164
3
91
1049
474
116
4
89800
1
77
3535
161
15327
1413
838
1202
1
42306
11637
506
15
3
26
382
4608
1337
2
61984
289495
6999
4114
2731
16
205
64
9
59
150
3473
1
30
2
2
2
834
1
30
3153
6
83
25905
84
33
38953
21
1376
9538
55690
21
1
8
573
18
1106
2
2
54
1
66
777
4983
7
4835
32
642
1023
63
22277
44816
11274
7
146539
1
1
2035
123
39
8451
1587
34
4
1
10
32627
8637
1141
1
1
4
4
82
303
16
835
196
26
20
2707
344
3
7
2
3
1
50
191
1031
18
4568
2
1
9
12971
1
197
6
2588
1383
39207
22
26
165
6
18
24
1348
138
6
1
3
2141
52
1
1
16
377
15
2676
42
43533
261
19
12177
1
13302
3
14
14263
15
15
331
54
3
1
167
53
110
181
344
11
145
1448
5438
1
218
114
951
166605
1
1
19844
1
20
9
14635
22237
32056
17615
36
21
2
210
150
9993
7163
268
1690
1098
10
3
4
7332
56
2
1969
9
23
19
2
3
7
921
5
290
3
5
5428
10650
2825
1046
2
7
1
82
16
4422
8
17
55
109108
1
1
2
1
46893
3
26454
15588
3
169
98
62
2024
12444
3
1
4
7
37070
192
1
24
4
3
2002
1353
36259
5378
9
68
2
1
12
171
4
2
253
62
274618
2381
43
175
2
47
2
99
2147
9011
2
1
1
526
2277
8
1
13
2
251
2
1
1
2
1503
31
14
124
33
81
15
15778
32292
3
82996
2
877
199
6
7621
2
981
4
196407
1
1
4127
84
2
18
1351
14
3
20
116034
746
8
2358
208
681
2312
4
5
1
30
1
106
17
3
33317
3609
1222
120
5
7
32637
4
132
1
98
1
2622
847
1
7
253
56762
170194
1770
6144
536
37
24406
4385
664
1928
34
6
43
1164
4847
12150
36100
4
3
2
208
39635
728
7
735
64
1964
3
2
2
14
434
2
15
9557
1
1
955
781
34
115
715
230
206
1020
99
16
136
166
21
48127
5
432
17177
16
25
3
4
3
2
5
16
349
7
20048
1
26
103
1
3
3
270
17504
74
45443
15874
1739
4
69
17
154
2417
1094
1465
1375
1
3
3612
1
1
5
7
1
33
5212
8
2
3657
1377
6
4
12340
14748
37
4
292
1219
109
7465
4608
493
7485
11
83879
1
508
119
58
136
61256
1
2
271
8
1
1884
2648
10
62
5
228
118
95
432
188094
183
66
1
2567
31
4272
264
1
83725
25
1
1
159
306
33
86
90396
2
3991
25
140
41
570
298
3
10
50
496178
30
6566
20487
60
9920
4254
31
88
41
43194
1546
99
7969
1
254
475
2
5635
2
26
320
3905
6
236
18
35153
135
52715
14
16
81
896
2
368
4
5
256
24
1
162758
2
353
2
3
6
5
417
4
32
6
815
160452
11201
1420
164
145301
22
95
17657
2
3
1
513
98
45
436
49
1
122
2
2683
3269
65
15
10444
70408
118
2678
2540
253019
270
24815
1
1
9366
648
4945
3
134
332
7
43
10
7
194
15
13357
1002
464
117671
586
3
120
6
867
3
8
277
2
30
36274
4
10
1
50
18
44238
30
188
3042
1673
57
18171
36536
3
4
1
4048
235
1
13754
23064
45967
7132
6077
145
1
1
2
2
77
4497
1
61598
39246
4
7
206
10
164
22
141
4924
4
298
498
16451
16
45
1
18
1
18
1
4
1
1
4642
186
144
7683
22974
2677
1
1
7562
47
7
972
5641
13272
20
11643
525
64
33
4
40
8398
3
4
2
2
2
3320
114
57
2360
1
98
2935
2707
1
30154
33968
1
93735
11
1
23
2
324
2397
76
84289
43
661
37265
62
380
13
7581
142733
182
1
536
1
2
91
1
65
933
14
76
804
133
10995
3707
5
15
30
127
6
14557
4
47691
14
153
8
8
184
7
7166
3697
20338
675
11
53
174
6
11
2
48195
290
18490
108
10829
1179
3
25
1206
123
1
191
1748
14
5
476
30963
2
1
146
2
46
39036
209
852
120
38
38
22
593
100
1
9
2337
2
1
28
349
5111
18
195605
22179
3
572
19472
181
216
36
243
11202
2
1
2065
9
91
2
1664
15
3
1
2
230
2
23
1
1626
137
2
5
90
18842
3
417
70
28
1
13
1
2
53
153
4
75
1
18459
4
4409
701
34
4663
11
1
522
32
1
23
2
1
17
283
49
204
17
2
7
1
8664
1
3
2
22
5618
157
73
6
99
26
1
6073
1
106050
1
1
5
5
3
379
2
2
1160
3
34
8185
12
23
71798
5
724
105
400
95
29
4378
273
4806
2
14
3
1
1
5
1
4
16
1013
3408
1
10
2
2
23648
16
244
102137
7
1
5
9
2
110
161
1165
7935
14
6
50
1095
2767
6
478
238549
1638
5
2046
119
79
3
8475
3638
3
4
15
5
5
5
258
4
19
1
12923
1
175
34
2
1250
6
2802
15
43859
10757
123
44
4
1346
14447
20
187
53
3
1
382
2
12
7300
133
4343
120
36
356
1
25435
301
11
5
5
1
47
82
627
2181
22
94
2
736
13
81
11
28884
23
787
8
4
1
149
1
43114
4
8
2
1
1001
5778
3
7098
1
610
1
116884
2
137
2
101
3789
83935
116
6705
2
9
79
193
20
29
678
1099
2
60
1
853
30502
2
26
16960
1
380
728
13
5127
878
70125
573
49
2
34
3205
161
8
3746
148720
1
25320
40
11
37
11
6
476
22
1795
15
13741
44
31
2
116
5076
3
3
3
1
19
39
27
79
4
17568
2
24829
163
33205
10
43
36209
49
1
565
43444
134
28
721
3221
4
13367
468
463
508
65
23
6
1710
11
871
12
324
134
17
4
5
147
405
22392
13
558
8896
8
229
22
7
2
1
3
2
6536
150
45
1151
1
266
1083
571
11257
379
187
16
32
1
2707
20416
127
159515
33
10
39
540
1
9
134
1760
1
6964
12
39
2
6
204
61
103130
7
89
129
56
72
4
77
11
2
22455
724
29556
32121
12
3
14789
687
1
3
487
1
6
2326
6
4
9609
2634
721
2
2
374
15
2
9
14877
8872
80
779
3
73
83606
2
637
2
86
2527
14
7
1
46
1415
1
5998
19
28
3
3
32
55
562
1
7
4
14
249
1
5
13109
1
613
16
5
18
24598
25
6
79
1130
1
13513
32
3965
32370
4
6989
2
8
257174
26
2
2
2756
4
2
3557
9557
22
97
85
13
6008
1
1266
10737
1
237
74269
2
13
12
1
3
3092
2615
80
9
142
1878
109
4
16759
1
2589
158
28
36
88028
4262
49
189
1
12
1085
3
6198
1238
13
209
3789
3
14067
3359
1032
6486
3
107
31
3920
2
140
19
14
1535
33
35
77
7948
229
16
6726
854
16
6222
4
7
162
44427
720
8
66109
244
381
36877
18105
30
2949
107
6
71
2
2
193
23
165
2918
273
24
1
6231
137
1291
6
867
4
8
148
1
1
1264
14
375
5
734
4
1
103
5383
2
452
3
21946
33190
1
146775
77695
120307
2
134
3113
74
26
10
40032
1
3
4
61
8
24
29
43
209
3204
99820
2
4
3484
65
2497
2395
12602
2
429
104
3114
685
4
52
2
2
226
2
91
50171
2
164
1
17674
62
3177
144324
8
2
3108
5499
40186
14778
1
1
7597
3657
86
2
2
776
127
3
95
2
12185
1
123
20668
4
1
9455
9470
3
463
12261
4
23
1
10
779
11
14
277
1
133
14
25
3
22284
2571
2
44
1
876
284
21364
9530
26
5
285
38
272
13978
15304
76
877
1
10
11
7
2
1
8
1
37
3
3
33
7
27345
53
4068
4888
14712
588
1
17
3
3
11
2
30158
1935
3
14644
213
3130
153
80825
3816
7607
36
6
57
36908
12
150
98
330
2501
1
217
15983
21
8
5
16
4811
9543
371
1178
2
8870
310
559
1677
1
203
14
7
64
4313
4
26102
1
3198
35
1
47
22115
9
85
3
1313
4
10269
764
109
14
3
4
111
16887
6
2
7
473
36
17057
8
222203
3
36
31
1
478
2
669
55
59948
1265
1488
68
1
4
1
3
9654
1
20
27
9
1
19889
2
1
20
41
89121
19918
12118
1
12812
4
50
13583
5936
971
183
447
3577
5
136
209
16
3214
162
54
6091
1
57
9
3
399
27
5
2328
2
6550
573
505
24976
45482
45230
2
32
2
74
9
6
3496
1
311658
8
25
48
44
33361
81566
11
15
905
969
62
6
4
42
2
393
53
10077
1
1
460
18517
1
79
9
3
1
105
1
303
4
5
110
8
19989
63
1
27
23
208022
4394
36
4252
98
2
27993
1318
3377
208
1
109
2988
559
148
5915
1
5782
13
6
15271
25075
265
11
587
1
1
1050
4
4
2
2
5
4219
2752
15
3297
1892
124
42
1
2005
372
3950
435396
1876
1
1
10
1334
159
3
1174
139
12
5
61
7270
2
3
10
21312
57
3
11
4
114889
3073
1
8554
7
4
1
1
1
39
76
6
31
28267
62
34
571
3331
8826
4
16013
36
25
7
1137
8478
3
71
662
2
1
2
96
11
473
617
333
19
44
41
5465
6128
11435
114
2
46
917
26
48715
1
4
54
1
2
442
418
94814
390
265342
25
2
1
1
1
26378
2
2
185
1991
656
1
36
318
8473
5
5
1
15
10681
1
4
24
2
3122
8964
131
5273
56
1412
1
6
10783
6
4020
1
146
1
334
225
42
28
5
4
7
1
3
1
122050
3
3887
20
135865
15
34
1
23614
17
4
1
2
84436
102
4
1
7
11770
1
64
6014
919
5215
1759
1
23078
73
223
12689
5
20
1771
29
2
6
37
55000
705
3
271
377
1
126
9
8
10
9
1
11
679
3904
4734
665
11
118
4
5
6
1
1
1368
60
2031
10
4
9328
40
1521
1
4577
5087
15
460720
2
102
100
95
2
29
52
2
165
1
1
643
1
20
2
1626
136634
11715
461
10156
257
26
5977
1243
17
796
210
85
7166
9
275
8
10677
5303
3513
5268
2
1
1
51
15
1396
24305
21
2
300
22
124
209
9
25857
3123
37
2261
1
5370
51
48
2
9278
16
425
8
4838
3326
17
36
1385
2
36
961
318
13
8
1228
49
196
11715
10
4335
3676
12
1
1244
34
2
15
13
2
60
212
7
614
387
20
1
19
686
2
87
2
17773
1
4
4
17
5
51
285
3712
7
93
2
105
6734
322
3
12
3
27
6602
2764
1
13
436
71197
9991
278
24
119
1
112
13974
105
5
43
323
6
22052
3
7094
3
381
87
11
10418
38
50
383
3
52
1807
402
2
5
23
2
206
2
17209
12
3
174
71
1319
158
23
2
108
13
733
859
2
2
29
32
4017
1
1
2
9
5
216
1
900
10
1
4
8
19
83967
1123
10
3
130016
165
140
5
465
61918
98
75
301
2
43531
5441
19
2
60
8106
5
162
4
1436
5
21
71
20564
51
210
27
102
574
16357
90
2
1
1
83
1
334
7
1158
194
1
64579
355
11268
60
4
2212
1554
3
1
32263
2
4
4374
152
4712
3
22212
52
2
658
1
1
23
52
27
1
14486
12
10488
1002
2110
592
267
2
267
76
6687
2
259
21209
109
28
39584
1
1279
39
11827
4
1
191
4
263
33
2377
1
6
45285
4730
138866
13
3
45893
66
2323
1719
33
580
14
124
278
2879
156
8
69
11
9
482
8684
160
686
13
4
1
8241
3
16
8
331
53
62
122
31023
5
3
1923
463976
4
2
552
3
537
4
12955
10
25
15047
9
3
16
3764
2
156
2
5
2832
18
3018
3
1
139
1
2
13
103
93854
13
4
1
21
3
524
265339
1
2
959
1
1
10
9798
453
88
88
426
149084
3
458
3699
1
16
11
1
1571
13912
1103
23
287
39
47792
153
26
2
35303
1
173
6285
1
31949
1
647
274
22
303
3
66
1
70
1
49
12072
7962
19
745
488
15
203802
34
28
1
25
47
48
2
161
80
2
780
28
546
1731
31
3
10085
27
25
23089
3
3140
48560
1114
80367
1
7
384
24
32
5
1137
132
124731
79972
64
9248
1
14437
1
2
2
58
8
521
201
2
8
1
11456
1
46
2
497
109
356
3
4
4
858
6
3
45
180
91
30
57887
2
9
307
7367
13958
1334
2220
7
53588
83
19
4
25105
8
9411
1
962
14
1
57
6315
128
3
1259
331
19776
1
5913
167
77
1
185
1
4716
4
46
1
795
914
1
81
8
446
46
204
1
194
209
16923
650
58
6757
53792
3
34
425
2
426
2614
2
1882
13
785
19
3
13
94
642
70
106
805
212
1316
110
42
651
24892
37
4
3
15
9
176
67
981
27
1
1516
22550
71
27
58
18
1
138
16
16706
28
208
18238
4
4952
1434
12
6
192
24
119
73
32146
110
46769
2798
78101
2
10957
2962
111
17
198
141
204
46
135
5
1
2
1
500
2990
263
1
386
5
19
1985
218
13150
32371
6
91
1
202
6801
77
46
288
2
287
608
1
45
6732
1
4
16
800
10
2
173774
49
119
27
377
15
15610
4204
43
2
64
16477
1229
9
623
1
2
14
15486
12201
6
1
1
265606
138
409
2
19
503
1
203
27551
914
2835
18
156
15
1644
438
17
497
3
2
30
3
198
1
8
725
19793
107076
18
408
9
1
40407
12216
100
3
1130
5
2307
34
8
4
104
529
25
1
1113
1
2
3004
179
446
1
64
2
5065
21106
2
6
1
1
1
36
714
2
2257
1129
67
337
39182
566
1
40
5
97194
8561
16
4
5
2
46
166
1
3814
6020
76
5
2
408
2
38503
3
5
395
1147
7
13055
1
1436
57
18
3387
86
25864
34091
1
5122
137
4
89
13
2793
28120
1
21230
457
1077
70
32
14
7555
4
153
127650
59
1
38
7
1196
70
13
36
12000
46
2
302
4752
643
408
11
1
2
863
10447
191
1
114
40404
5
9557
2101
1
1966
352
8
160
25
147
3876
2
5
9411
5746
17565
13
2140
280
5
5
39051
3
2
8957
45683
150
17
1
48924
114
13878
11
8420
463089
25
2
8
179
1
45
1901
118
1
1
13
8
79
10
4
2
56
1
16585
16
5
2
652
91
18
1188
8
13
15
603
2364
29
30
158
2
106
36861
2
1
18
9482
1
3
39
2
23
13
433
7283
2356
151518
4
293
203557
606
5
2
119869
8
95
69
3
56
2342
29
66
14941
1
39816
15739
45520
1
218
30
4179
3
656
12
2689
16
15800
5723
1
36
853
11
11
3
19058
37
21
64
10
104
2
2086
6802
173
915
466
5438
7
360
2302
88
67
14
124
231050
39054
35
225
57
36
2
30
128
505
137
20
47
28
4
770
4
77926
31
637
1
11015
4133
59
1187
286
80
414
6
714
6
1049
6355
45
709
9150
1221
1
17
225
718
27
26516
6
95
17
2
6719
9
21790
11687
7
88
22710
329511
3931
151
921
109
1
2535
11
413
4
104
25
4
292
76722
21
1151
28
6
9
1
35
64
1678
15
20
7
6
1
44038
480
5
5
9065
1
883
274
22684
52189
2
95
3
1
12
184
12
42
6
11237
10
9
1
83
1
2609
25
7321
45
90845
1344
11
60
34
139
5
36
34
3
262
8117
74
699
928
48
2
1064
26
131
1
19
110
32771
2499
74
199
27
2
58132
93
850
3260
20716
15386
10
44
7
16636
620
99
51
211
1
26100
26
6
2
2
19
7478
6068
8
8210
111
1507
200
13527
1
766
1706
1
11687
34776
15035
1095
50
461
378
3574
83
5
3
2587
15
37
895
2
1
51
20471
1
4826
737
42
617
12598
245
25477
1
2
7
304
16717
916
226
35
2
78
183
11
85
90
1363
6584
1
7512
4
1
6
20
5
9270
70
227
71
2658
136
4
129
1
55
17954
408
3035
9
3
540
1
49
12
25
200
651
2449
9176
5
13
18581
1694
6019
25
174243
5135
1
12
3
33
1
34573
8423
95
70756
116
5
399
557
5
2
1
9
1
40250
1748
572
2
2
21983
5581
1
3659
2
1
8726
496
128
11844
67418
6421
10091
1
10
1
43677
83
292
1
3192
2064
1
15
98
3678
27
2
1
142
2
105
3
1
2001
2
94
76
283
7512
1
307
591
7381
1
6371
2493
2
1023
22
8
6
940
33
28
7
13
16
880
5
1
2
15
2
49
4
1349
145
41504
79
16
723
46200
383
257
158
6880
1
13
1
61
1531
1
640
5
1551
131
3
6782
1
2
30775
5
1631
25
31353
39
3942
1
151
298
1
396
2
15
1206
257
2
10
5
33
207
55746
2
3186
6
1
111
290
1989
461
14
5
97
208
120
7
36376
1
238
67668
26
5215
21
5488
4
8
2
157
5353
12
3
8
96
170
285
35
14
4938
49
1
5843
2
1434
85
382
225
37
17
375
1127
5
4
12
1
9
3
3981
297381
95608
460
21
10
3265
119147
1
3
179
8412
2660
6
5
23209
51
8
2213
10
561
114
177
1
1820
24207
14705
4
2
16777
1
345
1
1
1896
2052
223
159
64
459
86
20
4
1
2
689
54128
19
32
188
2175
8
40
10
21302
1100
3287
1626
8
37
9666
1
10
210
1
45
2611
25403
1
2
1
24094
8
1
58408
1240
4
5900
1212
22339
4
34681
2
4
2
11
11
491
1814
2640
905
12
29
5827
87
7803
6
115
1347
3192
1
6991
57
4
838
7
87
20
689
7
55064
1
18
2
16
3
4
18
41077
23
12
1
32
259
49
8
129
1
40
110
33
13928
6
1
1
14
2178
5
96
2
5
24073
9
566
1
1
18539
1
26605
3
1
109
13983
1
1
24
2
299
7
537
14
10090
6
17116
9
5
724
4
15022
1760
154
3412
7442
27
5
2
10
21
1
2
16324
11
1
30
42
281
3
7
8
2615
29
3
223
91688
277
8
10
1
2
49
1
1
18784
1942
1935
8910
2
1
4568
81
79624
1
9
2
4712
1000
107
100
539
74492
949
6
289
540
166
4
8
126
49
6
105
2425
2
1466
2573
1
2
106
4838
54
13593
18
269
9
6
16317
11
5992
3105
23
2
3682
1103
1076
1
7
53
31779
4
2040
9278
2
27
16
2520
516
356
56
10
10298
3
35
127
33
40
4
14
85
2
23
1845
8
1
12
15
51
131
258
65
1059
113
2
31
353
63
81
2
12905
17977
938
651
2
3
94
1
5
1751
80
72
315660
13
134277
59
329
3
415
2
792
1
21
5
9
112
11
858
31
674
798151
1456
3
9
58423
2
3341
2549
112
17
79
1
487
1630
10201
56
47
88
6699
1
2
5553
12
21037
8
56
3
4897
14455
532
186427
8572
37147
3691
1
1
1
53
9290
12
67
316
285
2726
3590
287065
46
15
390
4
13650
4
268
2
94
5
11215
124
166
149
1021
461
420
18
1
1
310
35958
21
5489
9814
65
10
21
25
48
5118
10
956
59
7665
71588
5
1
210
189
5971
1
10700
2
7
117
6
5
60
280
185
2
23598
5
21765
3
2
30
987
10073
535
21
11
2117
25012
449
161
3
429
1
135708
168
186
72
237
106
1012
763
108
63
3
1
15
869
962
1
18380
2
35
5
1987
128
4
69
2
44547
38
52
252
106
10
1198
1
4
4
8905
1897
18
41256
3
190
24
4071
1
71
65
36252
1337
188
4
9
4
47
215
81
5879
118
7
9808
5811
25
3
2
656
186
67
176
4948
12154
1
82
190
21
45
133
5
22000
7
8819
6414
103
41
7119
811
1
2506
7792
4417
70214
60929
10
2
299364
87
65
5
470
27534
19
24
5
14085
7873
29
1
3
27
10
1601
12974
1200
1275
1
10
7
1
4
5
26
111
2
1481
94
1
159767
10535
42
135
3
895
6
16
5337
8417
4699
5712
3
20
4
10
1
1
19
10
41
1
14281
17
4975
28
35
1
955
4992
306
27
124
44
1
146
75
5
6791
1
47
24
66
1
1
5720
2
1
668
48258
4
16202
287
7
7852
1813
8
101
4371
2
37
34
11977
158
998
67
5
84
77
6740
1424
45
5
123
10283
27471
497
1777
4
1
4
32
28
10707
9336
1
222
85974
15
139
44429
349
209
101
42
371
519
309502
10
4
4
74
9
841
22
231
5
73
2
3
1
52
178
3
23006
1056
23879
1
5
1
16789
216
34382
151
61
6
102
41365
14
165
2412
1
110
540
698
1668
2
1
13
4
173
1
25
24878
888
114
75
6
29
46
1
941
1
27
11156
349
21189
31
164
806
2
142
20
5
363
158
41977
1
48
4
25640
1
195
59
1
29639
282
6306
99
8
8
4
11
1376
1
2
8
7639
4
42237
3
138
1235
12
9434
13576
23901
8344
140
1842
7
1
31
125950
14058
40885
1876
366
14
98767
378
90
41
11
65
6
6478
67
5
15
3
40
66
21
2523
103
9346
92
219
1
359
499
225444
1
318
70
5
131
25
5
132
2
33
8
7
1
125
24
1
4787
17
1
2
2
2
9
3
1
52692
1
14538
13
2604
358
1
5
37
5
935
68704
136
12940
3890
125
1
3
2
1
3312
19
3
1
9
557
1476
4838
662
226076
1
13
37
795
29
15287
21
10
7
286
2
612
102
7
72
9006
485
137
18
1121
2
14
813
584
12
259
7387
1135
25634
404
16
4
89
45
11
51
5
1
48
1
1984
532
88
1
493
20
8
1
3
27630
116
153
19
127
1
1565
18
840
25
32117
5089
77
3202
1896
29
1
140
15
1
2
11
1886
12106
1
178
347
125
7039
324
193668
2919
2
1
5
14
666
247
31
4
56
1
2
49
94
2684
7
1
1
1525
153
93
1
12141
6
11
2
3
1
3
343
28977
16
360
1
955
22
538
1
1104
1
39
16482
1979
18
37521
6
54
15
2
3
5
21087
914
194
338
1
51488
5
9
22793
133
4
1
25
2235
195
13616
2
1
5
1
2
712
2109
6045
6703
1
1
155469
1
178
6
1
116
3
11
15
32339
67585
101
2
7396
62
5437
41
14
42573
14
2817
399
142
1
52583
101
8
848
1
2
611
15123
15
2
1
129
7
1134
532379
67
1
413
203
55
76
2
20904
182
2479
52
4861
1
30
4441
1469
128
1
1
26384
5600
10
4
389
1997
119
1216
11
32
14
5007
2646
2
1
2
137618
240
3695
9338
4
50
19
583
1666
6
56
4
6807
4
1
78
6463
44
624
1
238
37
46
49
1503
3
85
7
47
1206
537
131
1
19
26
36
267
14
3
213170
2742
47
9300
20
37
161
3
2723
3
2002
423
392
26
13
58
7
201
73
94
69
6
3894
659
87
20
76
792
13
13974
3295
1291
692
1076
45
5519
1
18
1329
5
1
3
596
18134
1
3358
36133
143289
12
79
178
564974
62
538
18
582
7
25411
208
6
1
1
29
4
7
3
100438
2
2
32
265
1
859
32
10539
14
8166
941
6080
6
15
10
47
341
4
17
15
52
173
1
7329
3
9
27
442
178
15
760
5
46325
3
1016
8
379
1
4
18
13
1
49410
7
1
894
1
6
13
1
3
2
3151
1
28
14
1
1981
2
269
7009
2
1
2
35
93
6
51
3654
1
150722
260
238
11918
94
21
16
8
1669
16484
648451
14
22
17
51
5364
1740
387
1489
1
1
1
3
7130
10
18
2
8
3343
210
6
383
24
1
198
1106
1
1
33
2696
2740
1
1
16
407
70
34
7419
2469
10
18502
338
1
10493
9
10
1
1
9
1184
2
14
383
1
19
63
31
160
1712
15
24
24
991
3
17
83
896
29323
2332
1
203
21
1708
9
4
71
1
29
20570
2
33
3
2835
288
4
20973
7027
19
2231
2
72258
22
617
1257
865
30
4328
102495
7941
1
13
1
8
5485
769
96
629
1
100
2
92
222
218
10332
64
8
120801
10
23
101
21237
5
211
369
1281
55
39570
5
553
31
9333
2
2616
2
6
3912
2263
66
128
241
15
1977
194
1
1
20
1
1
165
53
1
21
1
32412
1
5565
446
414
1
11994
13
5
12
3
1
10
2
193
7
3
120
1575
229
1779
96
43437
37357
205
8
6
12
13
1
4
67
72020
6
22
14
1
1
57
152
207
9
3
22
2
7
1
7911
10
16062
3
2
42
9
6
2
1
194
65
5439
33
24996
1
2
48
13
6188
252
1
9953
88
31
29504
9
1
12
33
4
164
12
5
36
55
2843
44
57411
2053
6
3
21
100
2
30
2
38
1
275
2
1857
13
310
27
10995
1
157127
86
10
45
3
40
1
633
6
29320
1
3
2
12
13659
19
1208
2082
1876
78
77
14662
2
347
3
2
242
1
4
2
61609
566
7
3370
1
19533
1
11607
224
314
1
6983
3
129
2
8
28
463
16912
538
1
188
89
11
7
2980
1
1
25159
143
672
104038
127
6313
6
14150
8232
1
14
324
10
36710
8264
6
531
14
1
1
154
827
2575
90
13
132
5118
3
8349
3
315
124
20722
92
1
61
1870
30
409
3
13
1148
25
12
77
29
132
25
7
27707
40
4
40748
9646
4
17870
382
549
14
82
2378
4
1882
266
376
6
34
140
128
4
8
1396
201
7
1373
1
154
4018
852
2
14
46
1
4
1
54
7
18
3
1308
895
1063
40224
327
1
25342
1
633
49
6962
15032
52
52
62
8
69
1066
11221
2
1
48
502
247
30884
153
1
3
321
13
3
30
10
2
1
52669
1
983
1
3370
4
14447
2
25116
46947
1331
728
4766
7811
329747
82
1
28
1
2
12571
1815
148
1417
12
33918
36
2
67
1
20
25762
1
5
1
14
25
1
8
383606
5531
172
2
46
807
13
2
227
1
24116
3
4
2
30
2490
167
10
9827
385
76270
1270
37
31
5
59
3
3
10
11
49
11
41
2336
4
36548
285
111
394
1
3616
1
5103
70
23965
962
2
383
11886
13617
209
120
17
3
2
1
6
18
10
387
708
4
1
6
1
1
2
14761
1129
11810
188
13
1
18
5303
79
1
14142
161
5
1140
2
7833
613
11615
76
6585
227
7429
1887
1
90
83492
102
107
52
6287
40445
1
23
13102
102
54396
2393
325
2
9569
63094
580
23
81
4
1
102
1178
2005
2
27
5
8944
1760
208
10755
89
375
10581
1
12670
175
2257
46528
321
9
923
21717
9530
80
10327
31086
21716
393
4
46
31099
4041
1
1741
503
58
289
9
13
2
11
4291
1
176
70
11131
3411
6
1
2172
10
3587
633
12
1
397
2
185
5
15873
76
77058
15509
17
1394
3
1
5
2
36
3
6
542
4
5317
1
37
14
108560
1
34
3
2
25
11
3
1076
13
100
48
18621
6
7
16135
1
17
2842
39
8
24
41
1450
2
1260
4385
85
13
7
366347
7
9
3035
455
15901
4
1
80
40895
9
9
261
14
3
2
72
1
105
52
3
58
10180
218
2856
9
2838
20
1
1
23
2
560
54
101
6
437
12
2
916
70
61651
31
4
220
9960
28396
5
29
279
137444
535
52
592
5
284
258
232
15
1
402
2
642
17961
17
6
102
5
4191
29
2
256566
460
2
329
579
2
277
1
5
8
3
10
12
10666
27545
1
517
2
82
396
67493
406
1478
1892
4
11
397
54
10406
2640
4880
1606
517
21
5086
12
9061
2021
27465
87
9360
116
1
223
9
2337
46
23079
6850
1
56
582
2314
1
15
15
44
7
10
6
1135
22
1261
2831
15974
17
837
7207
16
3
4949
4
11455
10900
28
155
1
30292
44
53513
74
165
8
1410
1
6119
37262
17584
371058
3108
13
19
98
799
466
484
86
98
16
5407
841
3
122
8
189
2
2
149225
5
4
1
18501
348
5
13
2
1
67657
59254
587
4
117
257
21
9625
14
24
61
2
11
1
7242
41
84873
14411
103
1
15
2466
4
108
9358
3000
3
19
43
129286
82
2
2254
1
208844
1
1
1409
5
17
1
22
2
215
4
88
852
2
59
38191
20
2912
1
8367
1
3
2074
7
462
6346
378
2
5
2932
308010
277
6558
10
3
37
1
219
6
1574
28336
2
2062
18
119
2599
2
35171
78
130
1
3
1
40
7
4
2
65
134
2
1513
468
4
480
31219
3
6943
4660
4
2451
18
6939
1
788
645
18
11
11
17
31507
2
15
30
4704
143
2562
288
11
381
7487
607
7
2
25
549
5
16807
55
10
1
15
5
977
6770
26
4
556
56
3361
9
283
3
314
28
1
1259
39
63
5158
37
1
2478
6783
2
6703
2
1311
700
25100
10
126
39
209
2095
72
23
24317
3
5308
3
54
17075
41412
888
2
10
13
492
1802
102016
1
3
1
1532
1
27521
39714
967
4
6
245
5658
101
45
2169
171
57
261
187
12
1402
1
27388
368
3
72315
74
3
10
44729
28
1
2
7
42
2
14
13530
2878
416
21434
324
2343
16
12
100
2
62
40
21638
72068
1
593
141
612
167
1
1
7
6
383
1
55
52
2
10
2
12058
10041
196
36881
123
1477
17322
16
1
1930
2058
1
1
31
15
130
189
22715
50
3
1
1500
123
100
1
3910
7203
22
20
10
36
1246
5
1
13
764
2663
520
35572
18
6
3
138
112
155
15589
2
309755
3465
2
735
2
1939
53
4
2265
116
10655
4
42
45
3
9606
15
52985
3669
8
3
11
21615
49
2828
2
28
6
5
1
3
904
597
2
44
5
20352
47
9
5
874
485
58355
20702
4
3
1
1
1
91
4
36
16129
5439
3
10374
2
1
139
983
958
4232
14
8046
21
3660
2
1
54
2
43
1
194
2040
21
58
53904
487
157663
1
4
253
1
37
1
367
27
73
733
1
1
4
1
354
42
763
30
5456
16
70
34330
41
63
1144
1
3
1
141
5682
13
127
1309
1
366
1596
26
3773
2
91
105166
1
70
3333
44
5
19
9669
1
168
327233
888
87
69
2
1
2
22139
21
10
18
31
1200
5364
4287
21667
3
11
4
10
1
17
11
199
6
16405
11839
1
43
1482
12
287
1
331
250
3
2
9
76390
92
3450
536
16232
104349
8382
2104
783
70
15
116874
10
23
995
6
2
12636
1
1
2
1
7
4
3
20
98
7628
2
22150
1146
61
201
15
140394
40
24
51
1
22833
126
14
13
21078
42
6571
120988
2646
119
3
21
2
3105
52
13
3
5
146
33
150
21
405276
11015
210
14
742
108
9124
86
2
5
3
6
42566
17
1925
4251
1441
2
12
76
39
9
67
4
112142
110638
47
4289
2557
1068
6
8
25
4
994
51070
4
35
7
1
1980
91
2617
17517
6
254
4
7434
2
20
2
43
356
23336
1
70
119
1
24670
219
4
10997
1
4
8601
392
235
2790
10
14
2
1135
1
2
6
2957
42
16369
650
144
25127
299
7138
5
3
1
178
2
1
1
19
7
1
111
7
55
1
151
201
1181
98
1
4832
574
349
6
1
42
1
1
1
139
1187
659
3
2
134
3
3
2
260
3638
43
11097
983
21629
1
108
1097
101
2
1
1736
26
34
47157
1
18
7
450
50
981
12
5
11
7250
1
5
4
3
50419
13086
1069
2
14
34
124823
71900
1
416
2
3
5
530
6
14
6352
50
49
31
220
69
95
8
152
4
1296
87
5
237
9
1
20
130
66542
146
4
12
21
104
692
10
17
67419
2
4
63
27729
53
5917
102559
5
11
58678
1
8
23292
39668
1
11
140
29
1236
30
7
720
561
7
27
470
2
14
1
94
4
141022
4
1
73
4755
17177
4
113599
1558
2
121
954
26
78
222
42
54
581
8
1
1
1
208
5299
22
145
14
108
31
6285
1
7
2
18489
407
1
92
30
215170
158
8
9
2
5
3543
2207
1
1
1840
1
3026
18
108
1
403
1044
3
1541
71
328
177
3568
114
74522
9358
13
3393
1157
857
1244
21
1
887
1
21
2
2
4
4
6
8
47
1364
37
112
43
75
25
1
34
1
37
43875
7
1
61
2
562
8
54
6327
23
1
680
152
5
22
11
30
2
278
4
94
49
1
4682
3
13222
37560
30
75
78
21
13542
1
6
81
29
1033
45
14
88
2034
17
33
156
6
1
2
1658
39
1900
29602
10859
1
53806
3
454
3
115
24
338
7801
1130
21096
122721
2
97
6370
497
78594
252
1
3
157
13
24
7
745
2
2
18
20214
32
102
1
1
3850
147
8
12918
188839
318
7
2
180
21468
103
44
2
25978
1
92
51489
19
377
36
2
10
629
3
52279
11
66
108831
7820
118
129
106723
2
1
10
78
45690
114
10
1
1447
9513
200
2795
277
9
23
79561
265
397
3
103
302
128
2
1
75
284
4013
12213
717
152
2
46
1
403
231
2628
4
71
123
119
19748
123606
9958
2048
65
18
77
29258
4741
190
1
31
2
24623
13
71139
69
57970
21512
11339
8211
6
98044
4
306
8
3
63
1
2
7015
5650
3044
2
175
12841
2816
16475
426
3
6
2
80
2
15897
1228
1
3
3127
62
70
778
6
3
758
1
3
143
176
768
1
103
47
1262
2003
8
198
9155
5
563
6420
2
14
1
445
9
532
7729
13
6
236
706
21
1
8
173
99
15068
112
117
87
59
71
65
4
2
24454
4
3331
63
8989
780
15902
3
775
2
49
85
397
1
5
34
4959
86
11647
81
6993
173
261
62
2
27
13
4
17939
27770
144
53836
8
30
6048
3
4
94
9176
367
30523
17
14
243
345
19
22
2745
1
5
29
551
150
424
2
40
75667
1
1
25053
1
6598
196
4
35
1
2
7
1188
14
1
1159
9
2
1
176
10988
61
1
31
3
27482
17
23
1
5
7808
22457
36
3
5
10318
2248
29
276
8
2974
3
2
9574
2434
6
656
11462
232
263
310
201
5
3052
162579
22
35742
14
3456
4471
1801
4962
6805
37
30
13343
2
2
19
2
22610
2289
16
40
1
1448
40
553
262
28
103
841
1
12914
1
1
40891
5179
1671
1611
114953
119
9503
63
102258
12
2317
34
37614
186
445
169
41829
41
160
254690
46
29
1
4
4
7
171
3389
16
11
607
394
78852
46721
4
4391
36
5
62
1047
4
15
63
4173
11
2
1
1
391
2086
1
4
15
497
867
128
807
3
2
7
2
73369
6
109
1
3
12508
1
45
1661
229
85
321
458
44
470
10286
31
6
25
1
36517
1
4
27
6953
9413
151
12112
3191
5
17
6
330
1
33
1
58
1
24
20
93
8896
5
32
194
1591
149
58867
921
17996
1116
1
177733
6
3
39
3
181
12
2138
11
2772
23
103
7042
320
349
3
7102
5
10
119297
5
1
82
3
40
22617
3
11
2
6
1
146
42
5
72780
1
30
35859
92
78
767
1
16
81
200
654
17
84
2
1
16126
27
3153
4140
21
613
2
8
1
5
11
1
942
278
34
7
4
20303
486
1
81113
34958
33
85
262
100
540
2
186
7
13
1
7
72
146
290
1
2
24
2831
2629
106
60
94161
16
12977
1
1
3097
57
36
2
21
28
37
176
3
50
47
5396
3
60
77
4
18
1
246006
31
1
42319
1539
16
1803
219
27
699
4
2
19013
5649
25661
2475
1
236
828
49
44
8371
64487
1152
602
243
3180
2
1
142
575
3
27
7
2085
2
22861
634
3
3485
2
52778
131653
140
1277
12
208
1
790
258
43454
2546
97523
8
33
12
988
5
11391
75
1038
4
126
1
3248
3
103
328
13
6198
13135
12
14724
27
13860
206
11
1
27454
19405
1
50
4153
346
3998
6868
2
31
1
14
29
3
2
699
19575
656
9249
680
143
6
4
33
6
27133
22
5
191
1
18
144
17
3
1
10
18283
1
9
34
3
10171
8
97303
42
169
26
596
1487
16191
2859
912
1
48
68
4
70117
498
1749
100
10
87891
62
46
867
8
1262
5
93
84611
47
260
5
2628
3
3
37
4
8
621
14
4
73124
4
14
8037
20876
2
123
4
5
2
46
2746
375
7392
3458
191
2
16
34769
1595
131
15985
166
112
2691
37733
6860
1
52013
1
11
43
836
9
1841
8
54
319
36
1634
810
1064
8
1
3
14
30361
1
984
90
4
16456
28
5
21313
39
8
12818
9
3
5047
159
6
44
1
4
47
95764
228
5
10
5798
72
548
508
814
3
3453
626
460
38
2
5899
4
3456
30
1
6
1365
1
1105
15
64
10
278
5
28
57001
801
56402
123
4
4116
1
3
330
3917
2
20641
1
137
1
30
4
2455
34
27
15
7911
318
1714
45
1
269
79672
1
23245
3
3639
1
5
1
3536
9006
7
747
2548
2
9396
2400
475
460
44
44
12
348
1526
7974
2
1
1
4
18471
1
1
2
30680
2
2517
4987
5
127
286
1009
61296
15201
53
1810
5
215
9
34
84
1
2
54
604
3
1
38509
15
1014
1
10
865
383
1404
10
20
6
2
109
67892
24002
3890
34
116
3
15972
2
71
4884
441
4
35913
78
758
9
2684
2424
950
4
2222
13
740
3
150
1106
58
5
3368
2
99
165
142
4
4
502
1
4
65
276
2460
60
9
6445
271
1
108
1
15
39
2930
2743
228
359
11214
7
1111
2
3314
8
63
4323
2
7
1
6
5
1
3
1
400548
7
13253
4
204
29
193
118
2443
149602
7
1
1010
2
25
346
51
2573
1
84
1
2657
425
87053
66
76
8
66
3
2
1
626
152
436
2457
334810
2
27
68
6
254
6
3
1
31
5
9
1525
1
1618
100
57252
27
13102
96
224102
1
115
58056
4
4
17
8
653
1183
5046
1654
2
5
5
757
3622
739
155
219
33
12
4
61
6
31
664
236
3
6
54
2487
58557
1
2
17
787
1
53063
8317
39
217
1
671
3008
12
4664
24490
638
5
8
270
5544
12519
1
4098
1
74
20075
1
30
5
133
12950
21
367
159
60
2
305
1469
2341
60
4
222
1
2438
13
1
695
5
1
2
1
221
30
2
16
1786
121
51
6
107
30
262
547
7
4
24
95
475
62
1
271
2
2960
3
10
307
1568
9
433
382
6
621
125098
6
3
7
9270
10
3
13
1
118
839
1717
22175
143935
4
54
45
5
9
465
814
5
5
129
19
14173
1
2
9
84324
1
109
118
1
528
41
32
7
6511
4
450
382
1
1
163
228
10
10
49
34
3
6214
51765
726
2755
125460
15
2077
11
750
4
39
134795
106
36704
1
3
18
77
15
33
4704
145
1
14
271
19077
5
12889
2924
81
25
16847
5258
19
15
27
1027
142
951
67
482
1852
88
1
7624
134
78
4
11
278
96
7
1
6
9
99
490
281
1
4
3
233
939
484
73
57703
26859
1
199
2
6
4
113
67
321
23
9
117
1
1
6
738
138
869
138
285324
43
49017
1042
30719
1
2
152
9084
1
3
2
4
17
1
2
10642
3
4
49825
84
252
4006
4
27
84
385
3971
5
2
7
1
59296
4
10179
6512
2
6
131
205
1
1
4
8
1125
36744
1
35893
164
52
22
2
165
9
39
2
27
5230
5
5379
12
26
70196
1
7014
54482
745
513
2591
2
3
31649
4048
58
12397
6
1086
8672
15
21
914
2
64
2
84
1
69756
244
326
1
6
27
124
57
17761
3
1
14
34
2
3013
1
23
1
24742
12
3
7462
10
167
1
658
3392
5
3
5
2
35
4846
768
16
588
1
5
20
536
866
26
8
8
521
10650
170
1035
33
91
33
2
9
1
36
2715
7
22624
3
27
3
22
36
1
56
1612
1
9
1
106
129
1
32
214
57
829
18
6800
188
10
52
1161
55
2
1
10075
29
92
1
15
2853
2
20
1501
415
10215
183
10
3
3
11
75835
178
59
6325
1
163
1
2094
190
6402
61437
13
12
3
16014
69
82
4
563
130110
453
143
2239
2
1
10
9
2
17475
357
7
64
87
6
149
28944
2
1494
260
58
1
19418
5
9
6
2
148
546
6912
1841
1806
1740
19270
17
1
830
41
211
3401
2231
33
382
24902
17
3473
34
4
132
3154
37
38
4
149
44792
11746
11
1
28430
2
4970
705
453877
28
75
3
3
1
19101
13
3
7
41
9
30
70
2890
4303
9551
7
3
1
832
684
1
239
349
1
1
1228
101740
211
586
27536
297
317
160
116
26817
4141
3
9
73
41
5
281
1
520
1801
1
65
2
4
828
19
16
12
3668
25557
308
651
1
16
96177
1
7532
16423
7
8
91
4
2
1
51797
1017
1
234
36
7
16
516
10540
149
854
296
491
3
74
4734
1
10
2238
1
1392
2
46
928
6989
8
12679
4939
185
52
2708
9648
551
52
15
98
17716
2579
76230
363751
6
110
22
35730
2
4
1
3997
3
3
10431
11
1
2
30543
1417
57
3
2
793
109250
58
34
781
16
1
19774
1
1
1
7
743
9
70
867
92
78
9
87
742
5429
9
345791
264
20
181
28
2
7
1
1869
421
3
2877
1
4
22048
4
1924
33
41
9027
8
3
4046
766
27919
5
992
30
661
1
490
20148
51
3
605
7
159
26
4
39
3
1938
2
959
1
35
64
7
4
2
18
2
165
43
1893
2
8
25520
287
1
1
2
29274
232
37
6
4708
143
30104
1026
21
1
34
313
4
5
307
236112
64
2
5
4
34
1
4
13772
21
524
1
99
20
37
22513
92
1
15
324
1138
2629
6690
25
3
61
1343
252
4771
12242
110160
142
10
11
9
149
7069
4
30335
154
176
364
34
371
10
13212
1
1
819
1
49
5
2313
43
1
12
540
1
130
57628
3005
95
55
453
9215
146
46
4
6
7
190
1
1
476
174
26
495
18
13887
6
29081
5
16396
1
5181
2
368
1
7402
702
1
4
13
16
125
97
6170
330
45
144
301012
20018
3016
1
8
54
13
402
2
460
1
121
50
13478
1585
101
2
2
3
1
2692
27
13
86
58564
28
14
9970
2
2
47
6
54
81365
4357
3
47
14
134229
4
140
35
1
174
103
8
5
132
24
10
936
556
1
8080
18910
521
61
204
15
43
7
113
1
30898
11
16
107
1
10
21718
326
34
53
3
8
1006
322
3110
2
608
3136
1688
9
44
3555
742
864
90368
2
98
3
3
15
1
9552
7635
4
1
936
2801
659
7
273
16890
13
1
22
1
6969
29
4
42
34
895
6
8760
309
89661
12341
1748
116
1549
100
10052
1
15
8
838
29647
1260
1
2278
373
2
12608
47
15
112
22
713
40
233
23350
2109
18921
11482
2
16
6144
6423
17
49
1
7699
26
4
29
36
170
466
5
30
12
301
1
53
5
36
3216
1597
223
224
1
74
105
75
17
47
134
60
2
3
218
7721
20
10
1
14
2927
12664
1
28422
100
1
36
1267
2
1
4910
2
870
16
11671
13
1039
28
148
1
6
228
112780
57
53
1749
1733
659
30
2
9505
89
137
1
293
14
18
9
2
117
30330
4
2
11
12
87321
3708
79239
23441
1
3
12
36
100
14
20
16
2942
4
1625
213
10
933
266098
193003
14615
1519
22
1
7
20
1287
2
23
1
34
21
1
28733
2
21
18
362
1717
2
8
3461
89304
971
5
730
21
76365
4
328
8
13
5
1
1
621
2
206
339
27
1362
3
1846
4701
32
1
94
208335
1
18
722
3
21
17
2750
94
3
1902
809
16
1
1
4
1
12
2
4
1
2
270
1
5593
3
844
7240
1
2765
925
2
7
12
14
1
1085
2113
1
108
447
2
1536
7125
24811
88
1
10945
1
3
2
44
380
3
12
23
134
14
1772
1
62
6
385
163
84898
1769
691
145619
1
22675
110453
137
1
1149
1
1
4
1310
73
2749
6
237
286
40
9
10
20
1
1
1
94283
1064
3
18
347
1
5
231
1
5
16
4
2
3
41
17856
1
3
2
4018
4
10
6716
9
50
403
5148
1
1
3
1
77883
47
5
8
331
68
10
10744
74
40145
73976
1
1
950
2
1545
12
728
5672
47
56
7
5881
1
100
1
6
14
310
726
49
5
3
60
362
27278
1493
11
19
11613
4
934
270
1
22
3
187
70571
19582
775
114
872
1
43
1758
737376
427
9939
20
349
53
56024
12065
181
12
1
14914
4
10
1370
27224
1
2270
7
1
134
9092
37
11
6
140
121
101
19548
388
2
6870
1
10357
957
95
16
2
6014
239
4
1
2
1212
8
23
13
11
9
105
577
225
6
2
639
177
1
214
1277
326
11881
5
1
22
19
1
17100
3715
2518
18
41125
14
69
1702
106
1793
175
4142
1
321
6
3863
34
538
6435
2817
30
114
1
115101
278
4
150
1685
162
59351
1
3
1
2
145
14833
64
1
22
73
2
4
1
7
41
1165
3
2
55
2
4
1064
217
428
2
1341
21208
819
218
9
9
54
2373
15
1
219
383
661
1089
29959
349064
8
1
3
20
9
1213
10
3
75
1250
7
20
1
6
320
386
391
14405
90
101079
11
3
369787
960
240
1
12078
33
12
7341
1
4
2331
4
55
2074
10
2
5472
963
29
24081
19
48
100
2626
9177
2
1
17536
2
4
73
440
869
663
1
30
2
1882
271826
1
172
28
7
1
182
2213
2
172
3436
157085
1451
68
33
664
42
21215
49
126
617
1
1
103
817
912
51
43
28913
9
52798
34494
1
31
53382
17
1
3
295
1062
13
4241
32
6118
1
3281
4
860
1
4
65622
1
24
2
37
469
110
42
1
15427
13
3136
1
194
193
2
7
47697
11
72850
262
18136
939
7
6576
75
30111
27023
15
4
2
26
3
469
16
21
4128
254
1
13
3
6440
8
1
2332
4002
2963
26359
4
39
10
58
1551
2
47
12
1171
2
1
10
163352
10
993
31
515
4239
29323
2
5
1
13
135
1465
2
4816
137
1
8557
1083
4
1
26
11
94
1957
3
2662
23
13
7
21
37
12866
12561
18
3650
92
11
1
16873
5
6799
115416
27
79
1846
2143
7
65
413
4
1
22
1457
102
16
1
35
3
170
368
42
1
3
84
2
10
616
5243
83
11
42374
3
2195
506
31
2523
38
517
1443
1991
2
133
4
173
181
30240
32
203
1
6
733
7
5
1921
1
30
96311
23
7
118139
3629
16909
865
1
37840
720
2188
5369
1
1
442
1
56689
214
6
1
392
352
1441
1214
7
23
2033
8
2
1
802
24690
9
21
1
933
8945
20364
91
3
365
47
12329
45
4121
44
170
18
581
16
1
370
2911
4601
81
16
113
3
8452
7
17
99
13439
3615
3459
1
1
7216
8
15
2
345
1
150
7
14786
10
1
107
41
3
449
1
5797
2
4639
3124
779
68819
25684
190
14
3570
274
232128
10
183
35
37
405
2
46
2
3
7
183
5
26
155
41
155952
60
864
4090
38096
10
842
1
2
8456
1016
32
12
421
3630
11
2327
20
1
3887
219
13
4
5
518
6363
1
11
33
49
5
14
20
236
381
7
12
109
23
1
7
1842
2
170
29020
5
4
57564
9
745
448
19
2
160
806
178
1
4
7
1
18686
1
922
2
362
1
1
3
1
914
42591
526
1
21623
50
3
11538
71093
5
71
21
15
3
192
48385
11
7
1
14
1
49
108
5
28012
2833
3
3
17
36277
2
4583
64
2
1
2
3146
29
20246
589
6
60
66
198
1615
87
2337
38213
12
1
56
328
11
71901
19
562
2
16764
517
776
2
32
3
2
619
13
2886
3471
31
20
4
2
1
38
527
22
109754
852
55
37615
259
22
358
1
216
925
1495
18
28
5
117
719
5
4
2
50
54065
1801
5
56
291
44531
6923
400
23016
2
16
805
65
571
29
6289
8
14
5950
203
858
4
1
2069
3
5
8150
285
7
444
18462
9
81
1
80
387
12
6
280
1
5539
18
1
2
7
26598
20
11280
4522
8
97
1
18
7478
34
2
19890
10
344
1
5877
349
35
5631
1
12
276126
928
13
1
54
3
1
1739
13
10
10231
5031
1
7
28983
3
2
1
203
113720
81
1
3009
118
122
692
470
14
14353
634
1
43
2
357
12
332666
77865
134
9
18081
42
17
152
8
138
1024
6571
30
1
303
19
11423
8
26
3815
5
1009
28
80
77
18
6244
131
110
50877
2
132
6
16533
16
49
279
1105
167
225
1
6
1
251
1
1095
2
107
92
1416
2
9690
155
13
278574
6
5399
2
6153
11705
48
136347
1
28484
3193
30
7
8378
156
825
1
14
7280
60
4
101
3266
90
2
666
1352
2
139
4
1
1
11
1
579
1
2
2182
274
1026
2
12
1158
32
3281
43
134
1533
75622
77149
1
2699
95
2
357
179
6420
1
1032
10907
569
8
1
103
1
5
287
14
214
151
6502
4421
16
8876
118
5
27
78
1
1
11743
1873
8
10
211
18
3
2312
16
5
24591
1
2
6
69515
297
75
1
416
1351
42
219
10083
110
1
26
167
9
9
57
37419
12904
371
2
1
85
558
3
32
16
38
13
721
8
1
17955
1
42
1
7489
21430
2
664
1955
30358
17
542
164
23
32
746
610
1
24971
38406
86
2
10
8
1
2
3075
805
2
111
13
6
1084
24592
79
1
5
2
28022
20
4131
231
1
10
156
477
7583
3
13
8
22
29042
165
60
330
1
1
3
57
2
2
2
93
1146
1181
38
200
14
569
394
5
1
7
4683
36
9367
285
74
1
9
13513
4463
1456
3863
2779
256877
221
40471
185
6
44399
106
50
151
81
76
7
43
7623
1919
203
761
30
322
1
135
9
66
17437
32
54
36357
3
439
6
31
251
13
49
3
741
847
23710
305441
15
64
1951
282
431
1
2
8
4140
2
3
1
171
1
5819
9
2037
4
839
9
1351
913
5
12
12479
1
399
63
1750
101
50841
2180
62
190
2
337
1
25
1
14
58
95
431
18
26
1
2
4
4
6
1
7
4
5
7
1
18195
367
10
57
11609
36543
127
26
5
83664
35773
487
6
170957
1
42
499
2
2
4609
664
6
596
6695
165
37
24
1
2
27
12
63
1
47600
44
15
1
7194
6
19
1
556
32
308
487
2581
2
12825
6214
2
1
1
2
120
92
17651
127
7565
12
4929
215664
117
1
356
16
7
1
1783
60
11
3
7
3307
21531
2
16172
27
225
4553
110
76
80
23
8119
98
5599
23161
9
40
1023
6917
4392
334
21
30
53
760
80298
53
45
13
143
194
22
5
7
116
487369
3
4850
123
4
120
8
3465
1
153
5
32
197
2
12805
35
10497
3970
1
310
5
61
350
1
265
3626
102896
1
27
127
10
206
790
12
226
21883
161898
2754
4648
127
5
821
50
26
991
48
37
5
79
2
88
271
174
62
4
76
31
1
35
6
3
4055
236
4
47
598
230
345
3
309
834
7863
148
1
1573
2
4425
5
3
968
560
1
12095
17
3
1791
6
102
13
192
481
2269
2
6
415
8
2
13940
6
21
220
22966
23426
3
2
9104
423
34711
10313
96
12
27473
39
23
6
55
13
10
2
307
117116
12739
25
1244
18
83
54461
1
1
901
370
149
1
2
572
274
47199
71114
105617
1
862
1272
58
3
777
5
90816
20
1
14
14431
1795
136
280
3512
47321
18
2
39945
88
2
8005
35957
2
1
166
6
210
7057
56
13
56136
1
20
141
749
3
742
57
7
1
2
1
37
7
9
24
29125
19
4
38
205
2
5326
1
35
242
11107
2267
887
52
35
1
100
185
3
1
896
1
5352
534
23
18
92294
96
641
2
27
77
22421
170
232299
2
1
339
13
6
487
82
4525
64
96
17
1259
7
4
72
491
171
2
2
8
293
2
44
8
1730
4
88
3
495
86
1364
334
16716
1446
73
4
6880
2
78940
3
48695
2
132
13
3
3
415
1601
4
5
1440
71545
85
1
48
8
10
1
26
8
46304
3595
7
3
20
65
16
1
403
5
10322
76
32
3
36
82
43590
196
1399
3
316
1704
32
21
1
2
2
2
182
1575
1
156
26
1
44
12
13
448627
1863
3208
4505
11
28
7532
53
17
1395
5876
8
20
4771
10
4
3
1
1
2
1
5941
31
438
207
3
3
178
264
2
456
5640
10
8632
12
1695
1526
39
1956
97
10
20
113
11836
1
13
468
12
98
291
1
5
8
89
10
46836
16
10907
1
1614
919
1860
2
12478
1
109104
28547
8
6
19411
25929
8
161
277692
21381
19
6
1
2115
10
349
23728
809
1
17577
25037
10
21
117
3
2
67375
10
70
4
13
4935
80
378
39
5384
1991
13
1
309
7874
63
4
601
2
1427
3
13
3
5
27
1
20
2136
5
3
2118
15
1
1328
20
310
57
209
95
93
8
13
2
60
374
33
19
1
39
47
1255
51
2
5
7
2
52
1
1
144
4
1
189610
17
1
6
1317
4977
2053
6276
30
65668
4
76
2741
1
13
14
2157
238
3
5
9
16111
2347
504
48
1
3201
110
33
165
10
42
47
1
7
2
91
3
10
1236
7
3
1
11
49659
1
431
8
6880
7661
5621
19
86863
9
861
16
1
1
58
246
69173
1539
77
1
3
537
1
40029
3653
4
125644
13
1
207
39745
30309
27
9
1507
1
48
7
56
67
1
2
2
1
10877
79
27
21187
3259
1
2
38138
1
486
1
176
380
222
92051
1
1996
15306
17
12428
1
6
46408
2216
9900
3
4600
293
7
63
333
20317
22
1
34431
11
190
1
1
98
75
11
683
2597
63287
94240
16567
3
51
1
5973
191
213
6799
37
10
31629
25
36936
6
142
2
6593
1
172
70
2609
2
60
63
4703
37
19
34
283
6060
32203
1
15478
2
1192
1262
9176
3012
2
57
3200
28
182
5
134
8
60
18
1
4
10570
24
22342
2
7
27012
145
367
2
37
27
17
3
1364
28
901
3
322
431
104
7
18
32
850
1304
2
436
76
38
1818
9606
22
191
2
1
514
5
38
622
1
2
1
87
71132
16
29998
6
8
2796
3
1
34
141845
26
2700
58171
43210
168
1
1405
7
601
168
87
2
8
996
7
3
2326
92
218
118
11370
4180
190
1
2
19
13
31
1000
70778
10842
163
1
49
17
410
5
46
286
742
2
536
31
2464
1
1530
23
27
101
1884
3
361
1
104
21163
4478
128
1
2475
511
81
21611
87
837
7
26994
2
1083
40
57
20
1
84
1
2
33322
2533
22992
63
19
28325
130
34
46666
1966
385
4
4
1
33281
17
4
5
1436
660
566
2
180955
590
69
1
19092
1
14
57639
1
431
900
243
1
2
5
1
6
1
43083
894
72
7
4
28
3
66538
3
1
3164
116
4
6962
2
26
7
39
33
164
2276
1465
29
68081
275865
5
11
14587
230
6
3
6
1617
1
76
2
9458
18
529
7399
2
1
780
2
1793
92
2
936
11898
6
30974
16
249
24
22
8
18
25574
208
31290
3
108
28
666
2532
33
1
8714
1007
3
660
289
1710
4
109
1
6
7
25
2
3052
5
5840
1860
8
4
35
182579
19
4091
62
1193
11
52
28
1579
2
15
333
34
2
206
5
34651
18578
1199
161
54
2
1
7
23716
5
3128
9
11
79
14
21
2
22
132
526
43
950
11
2
19330
4324
481
1
106
16
1
34323
14
13
8
29430
163
1750
5
429
44
1
1
1
78
1
287
152283
1
28
31
1001
27
7
2
1
1
5
61
54739
65
2
6579
1
4
17
1504
243
704
15
4017
1
1648
4
1211
154
2875
3511
171
117
8
1053
274
3
5595
38
4
215
159
614
2
2
19733
2160
12
159
93
65
1
10580
89
12
1
1
14891
184
2363
2316
4
24
6
490
404
6
129
2927
548
19575
9
83
36212
31
20
4875
31550
14
5
37641
1
130
135
588
239
1
1
36
2
44871
3
9
7400
689
14
1
9
53018
309
3291
1
27630
23
3
102
80
118
17
50328
3865
4
281
33
15882
6
1
3
1
71
13059
127818
2233
49
39
188234
5
159536
2
75
2
1
34
1
326
847
680818
270
1
412
15
1
5
2
5887
4
2
15
1571
226
1
18732
116
44
6
2593
44140
47
7
2
2698
8
1
11
245
2
5
739
5
1690
4
301
65
12
56260
158
2
106974
19
13
1
3962
5
3
96
25
6310
1173
858
228
4
425
106
1
153
31061
8
13
1744
54
1298
8914
54
2
25
3
5
4
2
6
650
2
59
2
1212
18
2398
16
1
1608
25
30
4642
2314
11649
23
4
1
3806
18
665
11
1
5
1
188
447
7639
1
1
77
9
36
6934
108
1
5
2
3
82
235408
7
49899
160
2
33
1487
15054
22
6
1
153
16039
6
1
8
40991
28
34989
33682
41
2
2
1
8
36
8205
70
7
1
3597
470
2105
19679
2
2633
1
184
19991
888
71
231
866
2218
12
25082
154
4
19
16
570
5
98
1
1042
12774
58
1564
125
87
1333
1
29
1
3
61
14
5864
13
251
12
19
94
1
54
200
6099
15087
3519
18
1
388
96
78
305
14
8707
76
82
2813
13
809
4
112236
1
27
141
119
2
72
4
35
86
941
13648
5
10
6
1333
159
23409
1
71
6195
6
1
33
7
3541
54
1
119
44
1014
58
5029
623
1
67521
33
3
1894
5
5523
764
12
47
1
12697
3
53
5
9
4
6
1
167
289
1582
16
13
68
5
1
92
5838
2
44520
76553
4
2
170
1
239
471
45
122
101957
332
66765
3
44021
3312
3430
28068
11
8902
1
1
3
9
8
393
78
23321
908
558
3220
26
2
10
33
10
16
39
95
6
3164
8
4
39
7455
7
127
866
402
12
1
16
310
78
1
512
3
2
1
65047
36
16
52
1
4
176
2
3
9
7
1
19
2
6
680
108088
54
3653
31
10630
94
82815
1
3
31
1081
3
22435
1
2
459
8
1
2
31077
2
3
101
4988
386
21554
130
504
17222
48
21
2
4695
2
711
75617
30
44
90649
236491
3
8
1
511
22330
10756
3591
22117
1
297
11172
9
10
1
7680
46791
4
544
9977
18590
29
1
4885
1685
37592
1
15
101
5
6453
1
57738
95
2
23
80
2047
6
21
12
3
11
3
10
26
50
14
6
35
6789
20588
8
2956
21
5
389
7
1137
8758
1
12
839
2
4966
37
2
3811
342313
11448
10
5
1
2513
6
2
353
5927
12
13
5
22402
54
76
305
22
95
2
1
3
14
19311
3
18985
33
89
4230
762
6
723
10
26
177
3544
1
2
216
3
634
3
3
1
1
326
21
4
3295
481
139
1
24605
25
1
195
42
22
1
12588
278340
1110
2
6
14
604
2
2
1
11
1
11
1881
855
13913
1
83
309
3133
1323
4341
21
2
108
25
1094
37255
16
39318
3
582
2
70
669
37
232
58
86
117
7
130
464
8
1
29585
1
1
97
1
3102
752
7
11252
1908
347
2
525
25
20269
444
13
75
1
2
25
40
1
4
24
3
1
1230
1
1935
123
1383
7
26098
6
16
74
6
1
8
53
372
187
95
2
53
4
383
26
37069
6933
3869
994
2
2
270
13013
143
1251
6693
51633
3
6
68
979
1
23
1
14559
1808
12373
3155
85213
8
129799
8857
2
1700
80
4
543
3
602
14057
496
2
9
17293
3
3
7534
5
35299
485
5767
57096
16
94
94826
4
356562
250
2
1
115477
9
6392
36
7
22
18
2
3
3
2782
270
26
2
5
653
8
1
3
514
21
9
1
4
32
1
30
465
39022
5
151
6
266
109
4671
379
347
5520
1
854
13
9
34818
4342
8
2
202
29
1
19
7932
2
1
176
1026
4902
88428
12
1545
54111
1
204
24
2185
241
16
2
38602
1
266454
5452
355
1
859
110
23
31603
1
1045
3
220
4
181
404
627
18461
390
531
1828
15
2969
1
3460
639
1
2
12
3
118
3602
857
1029
182
875
86
2
232
2
7545
6736
2
2019
307
1
1
1
3271
12078
3747
1
110
198
15
1
2489
10
14207
5044
1
5
2
155
22
53244
6581
12651
257
6
18
1808
13
444
1
1
13
33
52
5
3
9
95
1
45
2515
11442
2
320
11398
2
25
13
47439
102
2544
1
217
2251
66
1
2
7
25
3
6037
2
2
90
16
1
5
12
9230
3196
1
5
9
97
233
106584
754
2
239
1
5
5
8
3657
13
122
1
5
733
12
29
2
1
61541
3
658
10500
42
15
2428
8885
6190
100
4
7
5
2
1
12710
11
1811
181
579
2
1
2
2507
7235
1
108
55
3
603
7
498
41
70901
866
4
780
2
9119
2
51543
90
1
54
112613
7
339
105
17
357
16985
17
5
23
1
3175
8
209
1
51070
6721
1
107688
124
5
14
44629
35
191
2
1
112530
670
1
1
27767
2
2079
349
1
16
55
288
29
1
314
10
17
83484
10
24
18
1
3
6
26
5470
9
142
59
9
1
27720
4
43963
1
4
1511
2
4
21529
205
541
3048
32
6005
1
5
141
73
27108
374
37
71
3058
1
55
2493
57587
64
17
6
35
65
1579
10475
12
2
2410
84
31465
27352
222
37
193
1
112
30829
166
1
13
10
106
2615
816
1
30
19
171
61
3
72
19
1258
844
2
10
1
36
10
2367
1
247
3
1
54
1779
901
7776
4711
110207
11
83
14
2
213049
13
1
339
4
59597
4
10604
175528
135
3450
3227
48347
146
5
195
6382
5
53
3
15
3614
44220
2
764
14511
2
3
5
1882
20
52
605
66
14
758
4
11393
1
55160
1642
3
1
2
3472
9
16
16
58
5
2015
7
5
167
3
15160
31
105
15
30
212
58
21
27
132
1
11109
8012
1778
3
1399
1
26
241
4
258
36
21
2052
8
844
8
18
164
324
1207
3
411
374
33
2
24378
501
5
9936
54462
10
184
2
774
5
316
1
3
49
4
38
89
4
3
5820
2
47
116
380
5
74367
156
71
5
6070
509
1
4
464
5012
300
6274
173
333
2
13171
1
4
5
1479
2
16859
604
35
166
109
348
5
10516
1112
33821
122
9194
100
206
92095
4563
79874
27286
21035
53
3899
20
115
1084
701
207308
5
14023
3235
25
32
10048
208
2150
11905
244
1
1063
1
19
1
1
79
2881
10
23
18
142
11979
6
4
92
543
1
1
88
1385
23496
1
92
54
3
4
91207
14752
239
52
27
39
48
10
147
3732
9949
1
84
2
77
1
7377
1
28
13
196352
1941
1
8327
1290
2885
208
2
35
488
302363
9
1333
27
4372
31
2826
28933
53
2
13
38
19605
1
222
32373
5
46427
18827
13
1
14
2
2
4279
3928
4266
8
49639
179
3
13
2979
2
1220
513
628
331
113
2599
161
21
2
1101
63
310
3
1
24
136
961
16310
3
850
8
34
132
2
343
1
22
1
7
1
13828
25
109
1986
11
3301
2
17272
16
27747
2
170
13
10076
366
6999
5069
1
89
1
11
24
54
1
338
1131
19
29
68
36
1199
13
3
2838
3529
70
24502
44
12283
4
1
4
20978
470
406
3
1
7
11
4
9
15200
3
1008
8
1
2
3
13844
2
40469
12906
2
413
310042
1
30090
13
4
38
49
2499
1
803
6
8121
250
1088
23
6
2
8366
6
203
358
68
1
2
17471
648
535
1882
47
1
2
1
4729
19498
52
2
1
2188
277511
1
223
67
120
631
13208
121526
5
4477
996
7740
1992
756
103
22
4
1
27
89
2296
2
20
340
5
4
16044
2
11643
4008
2
16
89
49
138
54
3
102
9
13
113
10953
210
8
7688
684
6
85
502
496
10
4
11
88
285
1
3
15618
1
32
7
96
1
5797
22
33
2
87
6247
21
1
360
30
281
5
4767
18
63
9
15230
3
11
3
1
29
100
3
3
240
1088
64823
30
25
1600
2298
26479
224
406
625
7
2
25
2650
46
3
13
1677
2
3
314
190
64
33874
17
2
1
16
1078
6
39
13566
1
1052
51
23
223
62
2
58
17
2
3
3
14011
3
52055
4
1
1622
134
30
69926
215
35
117
32
13404
345
21688
1
2
48
223
1903
7015
295
49
108
33
33161
7378
34
37
34
28
1
24342
7
325
1128
26
39
385
2699
23227
6177
2379
72
27973
348
6275
4
62437
22
41
65
423
22
58
14022
4
1237
5
8
12
18
31613
75677
1522
51
9
2912
293
2481
30
2
2
13335
2
36100
20
5
8
5
37
43
63
36
370
99
26
5
5
2
1
1
16
10
68
499
167927
3
23
73
299
1
39004
1172
1
190308
91
45
1
161
214
2281
51
30142
224
3925
1347
26364
1
154
46776
13
5
24
6
48
31
10
2
53
6
5857
2148
4
3
21
5366
2
38
140
12
225
2
3
8
3
3
171
166
207
29
354
1
209
2
1
3
4
32
4
47221
7931
10270
87588
15
350
2140
153
399
38
1
8
13
2
5611
2
12
4
6
299
1
3
117
27
3
455
92
4
50
1
2
13235
17
312
1389
241
9121
4837
1
486991
1
2
4
6
6
132
1
374
13
187
3
159
11
1
1
2418
25455
79
3
1
53966
10
6
1
140
9
3
20
52210
4132
96
358
2
55
3
514
61
306
197
193064
1
4
737
1756
48
172513
5
3
72
2
201
1
6473
517
210
2
1923
2
44643
100
6
1
2
7
7
75
1
1
14599
2069
10
6
13
1
2
3
3
1
14
16013
24121
296
37
1
8367
3
593
310
1191
25
4932
75616
8959
2774
2
2
214
1
1142
8
260
180
6
201
372
1
192500
1
118
3
1
14698
160
2914
13
186
2
35
20
22
6973
1
51
4
861
110453
3
270
127
192
1
1
1
43
83063
338
51
2
44
13501
26
1
15388
3815
7
65
18
2826
795
19129
1
2989
17
4
44
11
4
2
1
23661
61445
2
14
2
70
11
2
3
483
2267
144
558
9144
25586
3
21
1
36634
1
6
49
33713
286
2
1
626
443
1
2
13
15
3
20
2
1
303
101
5
22705
41
4481
5
1016
19
2
7179
1665
15
12509
25618
9771
378
1
682
235
1
44
255
1
10
1864
2
9237
7
15
463
11
2
1
187
12
848
1094
2
1
226
21
32103
26
21219
75550
2903
5
2
4
2
42
408
25
95
34
96
45
1
1
1
1252
1955
598
9
5194
2445
65965
506
1
3
143
52474
1203
17
6
18
6
5012
1
101
3594
20112
45
50
47
18
260
1371
1934
7
24707
20
7
6
389
30
1
600
9
41499
5091
31
4
235885
690
14
17879
56
8
1461
1
21
21
3
1
3
3
38789
8
102
46
235
4
1093
132
1
151
4051
28
44
502
22
5
1156
5
1
20721
14019
14193
1
3
9
415
29
305
19944
15363
36
3
2
1
11
99354
2
21
9095
11056
22
3
47
4
9
134
10688
2
6
2
50434
12
2295
49
689
17
2360
72920
1
12
3
23
147177
32795
288
8
1
14445
2170
12
42
724
9
230
172
7753
5
136859
2971
62
9493
28869
40
5622
10
1871
5
1
2568
102
28
74768
51
71
38230
7
63083
1
4
10
1
2
3148
1
18
1
6
23
2546
3442
8895
8
44
3
1019
100096
2
9192
173
6453
5235
8953
17
31
3
2
2
1
127
22
1
3
286
7
4
11
743
10
2
1
9
38
1078
1212
4
2
2
37
123604
77892
459
41245
5
150
2067
4
852
65
22
2
1804
16
26295
45
4
3918
188
14
827
5
219
1
3
2
30423
5561
8
333
283
126
8
790
731
1
49505
1693
50
4
8035
24
5
2
1
1939
52626
16
25
30
19
8611
16
43
1
1
5
2522
61430
19
2
54
17
9
101017
94
46
1
10
16112
22
34
5
21077
143496
89
58576
1
47974
1
180
30131
282
21
13
667
4524
433
205823
5333
250
6
2467
1
29
9
1047
1124
3
1994
46226
1
3
1
33
325
1450
35
62
10508
1
5
11
178
988
3975
349
3
14
160
29
1
397
9
22331
39
190
6
150
2
454
286
18
40
654
145
708
104
5467
23037
135
87601
2
5
3950
4
23078
78
86
3
2460
197
3600
84
57
14
17
149
8
129
2
16
12
3
1
5
3
1057
56
563
3
96
2437
1
19
163
24
244
1866
9
338
3
616
47
19
3747
10225
112
14420
20
3
390
1094
2
79
249
6627
146
2453
127605
4640
171
1
17904
23
4265
88
38
123
48
17
499
67
1407
11
1
98
6
4
31767
1
6
846
36148
68
4795
632
144
19
675
4
6120
2
108848
3569
4276
4
15
1
2
1493
1
102577
1
1
10
294
800
21
2
22
1593
1591
131
395
165
16
12
36
171
1
4
1355
4681
264408
17521
2
1825
130632
31
16
1
140
27743
581
19
1812
2
366
1
15136
2
484
47
1
5
20
5
1028
10
319
4
30
26044
197
172
11
51
322
3
10
4
95
3
7
28
4
11
3
2
48760
3
14
442
527
3302
2
10711
4
1
10
1
5343
16702
1
8
2
40855
7
174
2466
237
49
14965
7909
296389
27
9
1
38
1
17439
8
179
262
155
1
75
861
444
23051
213
36492
3
1
16266
9
9183
6789
205
80
32
1
72373
39
80
2
212770
20829
1174
36
6599
188083
27
4
7
76
385
26
7966
8796
253
266
1
2356
12195
764
16783
196
1
1201
4578
1947
20
1
114
985
58
27
3
2193
1
3
60
4
1065
17
572
1722
7
2
1
2
1070
2589
16306
30
61184
1
3735
103
142
153
34
61
7384
6329
342
28865
183
2
610
1
1
6
82
37
36
24
1
9
3
1
713
237
20
626
1671
1
6
20176
451
1
790
58501
22042
54
19
12
28
779
1
6153
2
93
27
89
202
11
2
1
22141
1044
521
17
32376
94
227
11376
3
13111
6337
9
36
172
12
120
2657
3
2
2
6
3150
694
13
192
7
8
1
6
6
6477
344
12
13
1
1245
1
15
3277
80
65
2
5784
23
47
158
72
2
765
23
17
151
3
2
2079
39846
1
1023
5063
2178
32
1354
1
1
1
13
965
7170
2545
5
499
17
21747
17626
32
54
1
28
40
59199
11
9
2176
13
11135
49983
1511
23
68
35
3
2
8
15
3109
10
3433
16930
46
24986
1057
82
184
2
505
4796
3
1
71
1
31
1
159
19266
646
59
1356
2
48
15617
1220
385774
19887
522
87
2
2
7265
154
41
5
19
6
3759
1
5462
8
11
91
22
3
1
4
13
1
934
6005
344
57
18503
29
6058
183
22559
6
2900
29432
21426
4
1
65
21
586
2
2
15
14540
1
180
105
28
31
1
61
253
22240
3
5860
2
32
69
186675
27
6
2
3
144
184
41227
53624
1
80
1
2
4
50
12567
26
571786
209
3
516
11
1
1113
117
3199
45
1
184
395
812
34533
2
119
1
3
4
2
7
28
28
57197
10896
69354
3646
17
227
1996
284
23
42
262
6
13
137
87
203
3357
110
8
2
4
1
198
33
11
3
33
1941
30
30
33
30
43
11
336
1
2
988
4
44124
34
765
3085
581
13537
2433
1
11689
497
22519
4
4
1
16
6
2
1941
2
127563
1
30243
3
123
3
1
237
9
182
7
5942
43
1655
38
2
1
2
1263
1
12101
1
3
37
1272
171
1
375
17050
2
5912
1
16434
1
1
1
19
2
231
1
326
1
44
4
25708
1
17
2
178
21
623
4055
30
1
3351
6
31
738
1376
1706
3
438
709
306
559
2251
523418
5
1
38258
11
110
1
5
1999
3621
2891
8926
226
449
18403
4912
30
65
8514
251881
1
684
14
272
7
86281
3
134573
27
12
56
28412
577
1
1
10
52
155
216
16
11
680
688
13
18
27
6214
9
107
44
5040
35
2
480
1827
24
57
35
2960
7555
556
38
31915
1
15
18
48
43
162
23798
2
1
857
12
1265
34810
18867
51
6
11
34961
5871
2
5
10
1709
1
6
5
1
463
804
492
2
3703
2
5171
1
647
1
6
1048
17
6
56462
2
984
40
36
4
3
1
37
73
270
71
96
1
2
9
4
2
13
2
108
5
5
4008
24
4
193
1998
10
12
401
69
2
74
9
508
3
43
72
6736
32
1
51
595
8
10
56
3
65
58
40
51
1
29472
23
2
65
35
5
10
55
25
40
687
77720
11
356
21
3
3
1518
21
2858
34722
667
49
27428
11
18094
4
9552
92385
25
77
2
36811
835
15
317
799
100
3
22
5
22114
6
2013
1
11
2
197
12384
5291
3640
1830
11
3065
23
112
29
568
4
97632
24050
101
1
26
184
4
2
10
204
30
1
730
27
225
87
7
3653
503
54489
25
3
1
20
3
10
1
49
10
2717
45
20415
1
438
197
1
8
40
12
2
25
16862
499
19
212
334046
1
346
2
9
5593
6741
9
88451
4
1
386
95795
907
127
9
46112
1414
133
438
90119
631
1
43
43
8
2677
275
100
2
1
1
1850
1
815
62
2
2
1092
3
1070
31
4
6534
1
2
1006
40343
1
61
1072
5
2701
4
3666
20393
7065
12333
122
2
47
242
1045
70
5
39
15993
26
1
1382
267
326
5
13
6
3
34574
31
1
62
205
305
179
1
2704
21
129
3912
3
5
35384
71
1
1
625
8
27124
64
38
3
4764
13
5
3
161
1359
6
823
1
208
76
1780
11
705
2
3519
1
18491
11
5
1
4
10
7
1
4872
183
28172
5530
1
14
2402
820
1310
1933
13482
18
544
1
2324
11297
2986
1
62
1143
155399
1
1
14
16
86
2
227
6619
20
281
1303
4
3020
228439
630
1
24
2
4
42
88
29
1
107986
19
35
99726
8
2
289
1
4
14
12
10
4
8
1860
476
2
2443
72
22
16
11
711
183
2
510
1
12
82
12
3
875
235
24391
29
108624
21
26
19687
519
35
652
1
30981
1
3507
1
52
111
275
10581
1
5
248
198
2876
7
34
50114
154
21708
494
42294
79588
43
24
1176
2169
58
9
3
240
170
3064
341
200
19521
1
6840
358
34253
5
2435
22
1
32712
2343
2
1
9
206
1
1
11866
24
112426
2
2099
22
546
2
3
58656
100
5399
4542
16586
820
40241
1
47
10
61085
7
205
15
10
304
16412
2111
1
4
1
44147
3
10956
111
1380
15569
6563
363
5
18
151
1061
2
1330
3
827
4
313
1
76
3
693
1606
1
844
7
11785
17707
9305
3
124
96
21979
4087
209
18
2
2
23
135
3
1877
1
155
6057
26
13
10
176
4
1489
28
1
22826
2
7
21
200
1
2
109
38
52
9507
8
140064
2765
40927
3433
11
44
377
4
913
620
234
14
57
8502
233
2
2715
330
44
201
3789
13
1
396
10
35
308
53120
2
9
64
1
121
12044
74
9
10019
58898
1
1220
296
2
14317
57
127
56
91
9751
1
24
332
20
3615
4432
109
17
3765
18
528
1
759
1
65
17
26218
12
96
444
1406
4114
5
554
131
109
20
1
4
624
1
187
3
785
472
7
12
3
1
1
285
1
133
4
1
1
7
40
24050
279
944
16
238
213
100
22
1280
59
108
45037
5
45129
6023
2
9145
3
6
1
678
1
120
227
257
356
1
303
991
11678
1
2232
15
65
899
2
1255
13
13381
28
18090
7
5
3356
13
4093
8
1715
52
4
4
1
1613
1
44
87
2
76
72
60
7
442
12
50
3337
27
5
44773
38614
475
184
1456
6
1108
145
1
6
994
11
59834
945
24
28
138
10
245
338
3934
2160
458
1850
1
5
2
1
2
2
216
2534
2
64799
1494
1
1
1943
7
1
2101
25175
42302
2
16
4
2
2178
68
3418
11914
5
11654
137
4
44551
2348
43726
2
37029
27
5503
229
2
421
542
19
1
68167
187
10
1
13
27
3371
1
36
1
1
1
1481
574
19117
16
147
50
97
1756
1
18144
590
16
1591
8
13
13340
325
9
1
2
40
12541
6
2
18
23765
50
5
3079
7113
104
441246
6
3
18917
5970
1
6
1
205
5
1
9
1075
7
3464
331
634
644
3
3527
34
41
11
18366
2811
1
330
3
2646
1
89
30937
112
182
11382
6860
3573
1
3
4
113
3027
1
1
1731
2
6482
17
2
4
95
16
73
2
23404
328
3
1
1431
419
6
114
1551
1
26260
46
2074
21
14632
44
1803
33
124
17863
1
76314
570
33
1
31
6
6770
38391
1
109
2
2
11482
33
68392
55
2
22
50
2
1
11991
3
251
1
594
101
645
1
204
7616
3200
30
104
181
2619
4585
1632
34
14604
1
108
136
13
95
64488
32
20
5
5
34
697
54869
128
12
1
52769
70
15
39
34
5
1
825
1148
418
108
17051
1
4265
5
2258
60
2237
44652
228853
210
3485
48
1
13718
12
1
28
1054
3
3332
1
114
11
40780
71
610
13
28
1
38
31692
9
4
127
4
1
12
146799
46
595
5731
1977
2299
119
45
257
4
146
17
1
25
48904
2
13
41
45
46652
129
22296
1
24
471
2
110311
165
393
607
1
2463
73
137
17
2765
403
679
1
1257
19
1
19
355
1755
1
12
33
11
11125
1
57415
25
1602
51
45120
1263
96
626
38646
6
1683
44
27024
10637
22
13822
1
15201
1
3
2
22965
1
40905
105269
8
12
1
39
24
4185
211
38093
837
46
6
601
47
365
19
1758
261
9
336
4659
6
2754
467
13
87844
478
141
47
2
60
106
22893
7
2
3324
72198
28
22
138
1115
7
10
421
160
3
778
172
796
25
145
3434
41
9
4
109
568
3580
18
53
1
2
235
10
17
7
5
149
15
45
6
46
3
695
94
855
1199
10
15
852
97
382
755
4
14
5
1588
10401
145
14575
31
4
102
79
13
33
45
411
6
12
2
1
173
2
3176
1179
3
101
9
6843
6868
855
46
796
3217
1069
271
26
21190
6881
42
924
1
85
1
23
9688
123
652
8234
25
1544
9
8
1
2980
10
1848
8224
1
27996
48
37
34
588
3
1
15635
11
6943
309
11
32978
112
73
1
245
1002
14036
1
52100
228
768
10909
104
33
64
748
2082
2
2
149713
5
199
1
65
22
32487
1
2
1
1515
844
6
1224
16
56291
5198
6292
13694
21184
13916
1045
36
117
1
20333
17
20
399
2
28
2
2
20
2624
497045
3891
5
440
14
2
1
5
12
27
1
20
2
60
226
60
1
26057
6
10383
4
1019
59
2
34888
30
6
3
17
8782
62
7727
1022
2
318
2788
9383
1334
1252
12
13
4932
1172
2
4122
7200
1780
714
28
1620
31
88
2638
321
468
66
261
743
5963
24
29
435621
197
38915
5
128
308
2589
12329
9
20
1
7905
51
1
14
82
422
9
12
16
289392
55748
5
2
87932
108488
255
690
466
586
2
2404
310
77
8
11
8
37
239
2
23
40
117
190
25225
7218
1
2
2045
2056
234
44
548
2
15
1381
2
19
10
968
2
10
11
3
4538
14987
1
85
1
4747
2
5093
1
1
5
119
54
17567
5
77306
3
33
335
33
1385
7419
3110
354
38
2198
3860
1029
1
7
564
15
186011
9
918
1
5890
1761
11656
214
31
47
28
1
1315
77
99
1
2418
1
1461
831
2035
2730
2
10
562
174
1
138
28
6
3
2
26
6
204
63
40
15965
41
33609
2
10
7
75540
88
64930
580
58
200
2
53
596
1122
10415
285
1
29659
36
3
386
17
3000
7
56
3867
106
50448
2
3
545
84
315
2
2219
358
1
147
54
1467
21563
4
38
1
10
2
1392
13752
60
168911
1
2
11
1
9637
223
4
70
9376
1
4
8036
39
2
31
1
1
719
22
305
229
1
696
16
2
2324
929
15
388
14376
1051
850
2
9
4
11978
1
23
1327
2
2
3
261
1
349
1
683
9035
225
1
825
2
3827
4
906
25968
23
147
1
5334
15
728
7
4
1
119109
37482
1
4
114
20903
2
218
19
13
800
149
132716
3715
24
1
3313
1
7
56
23
305
10
756
26651
29
3
283
6
98
9
270
317
2
8
246
25978
4
12537
11830
424
8882
1
2
3703
90
3
138
7
171
8
1943
2
1310
210
1519
1
64
2
2
606
10
2
356
417
90
6
14
3
9
4
2
3155
2
212549
1
78
1885
3
41
10
4
8
331
4
194
15
5709
731
16
6
25
488
18579
203
152
1
19
48
4
3953
116
390829
1
8230
183
2339
153
1
3
9
140
7
389
10
416
5532
289
112
20782
1602
1082
1894
55
2
5519
987
1782
4
5
68761
31
13535
164
245
1
2
14
27
3017
41
101206
28
26
67
8
97
28198
4
2
561
41
438
1
35770
20
183
1
88
2
14
1
19
345
139
754
55
13735
28
4497
2400
48
99
53
334
2
561869
18043
1
1
52999
8
487
2
77
124
16
20
2875
294
173
15336
1
6315
1844
10806
245
13
4
4
100
5
11
4
10
1
2
22755
64
64068
2
3436
589
5
7
294
35491
5636
49
3
2041
76
2
5
5
227
5
96
1
18
1
6907
9
6702
14
3
126
58058
63791
2
24
11
1
229
3
50931
9099
141
4232
133
49
49
1
294
5
328
2
68
5
677
10589
42
1
1
233
658
11028
14
1092
19222
1032
2866
89479
96
125
26
517
2561
113
1734
7
1
136745
1
4
3
33373
25620
27123
1870
33
7864
2
1133
3045
5240
462
2
131
162
452
10
1
6
109
2968
607
5
7
636
343
34714
93
12683
74
8
9
65
137
53
127130
3
216
43
1015
833
903
499
5
1
19
3
36
2
1
2
16485
13
108
2
8157
432
89
1
2
180
1
35
235
427
18
988
7
37287
265
3
213
455
45
4
43189
501
113
4
84
37467
60
1
126
1
15
4207
5
1980
15
9
1
17
2331
4
1
3
1
258
4
3440
4259
51993
3
5529
1054
250
961
8807
2
47269
1
41831
13
1
3
22
1
45
2
1472
43
236
64
2
25822
1181
199
1
3
6807
1
6
773
4
198
36260
12
1
5
4
65
14414
8505
40326
2524
49
15
157
1
87192
142
53
54
27787
44394
1143
141
2
7
2
1115
5
102116
42
2166
8955
1
83
13380
8599
1
4
19
13
3091
12679
3610
6647
1494
28295
2
6
23
1
67
141
7389
63
34
1
39
36
441
1
1
7807
66
21
27
148
3
3115
4
1
97809
1714
13
10
1872
75
18
9
1
30
6
3702
421
916
3
28
4
79
136
8
22210
36
16268
4
1
9
53616
1184
34
1
106
16
6928
235831
1
1
1792
83
1597
22
12
1
10922
2782
2
32776
206
1
226154
95
7420
17
16
2
109
1
156
158
6
1176
10
78010
6062
146
5187
635
5442
4555
92
18
1
6
21
89010
392
60
54637
15520
11
9
24028
8
104
1269
217
3527
23
9
2
486
16
12758
215
2
59
55
182
1
1
1
46
2
7
1
2
3
852
5
36259
44
2
1
482
1
8001
183
261
9
84
28
4066
31
3514
8
6346
11
1059
4465
6
8
40
13
26
2
2
17
2910
265
86
1
14
3747
69
1
16861
1374
497
2640
2
162
98
413
13137
30774
2
10
474
26824
52
3
10
4
1
23
160
146673
1281
108
194
1
28
123
1
130
14
123
138
113
2478
846
1
130137
3
1
3
143
720
19
4
396
542
10
5
30736
8
39
155
1199
11
16
10558
318
139
141
30
5
220
70297
4
2194
11
6
3
7
3963
1
3728
6
2996
497
37
1661
22
229
14979
155
1
624
92
21
1
7
8
1640
15
11
284
2123
83
14
84
4387
1024
1684
296685
6
1
178
27
38
797266
14684
1
13214
4
196
512
9
2
522
3691
2
503
11780
1
2
65
1
24
1363
1
272
1
9910
156
416
274
484
1308
1441
34
122
33
728
150
88
330
10103
9
11
13
29
43692
564
1930
2
76101
568
4
53
2942
27
1
1
10
7
132
18246
64
104566
32
17
252649
214396
45
167
2554
5741
3
4288
4105
10
6
446
82
76
50
243
130
1
5
1
8
2
13990
115
17
5
14
252
11
1
676
5292
2
176
164
3
3
6
1585
487
69
4500
125
2
1
1
10562
986
1524
38
28978
14
1
62
70
12
12
1
1
4686
21
2
42
409
1053
46922
4
7
18979
325
1
40964
79
14214
19467
20
4522
2
1
167562
15
2
5420
11995
10360
1887
2
5
163
3
332
180
1369
1
9
3886
68
2374
1
479
49
1
1
20388
13
10
1145
6
1
15043
2
1
38
10
1
18
4
3
5
7
12
905
1
52609
34
2289
4636
2
31
147762
3
1917
31
3
17
2428
406
3
148742
13
1
3
85
7
3759
151
6
25
42
18
795
1571
1
98
314
2150
5768
48
65
2
4
46
4374
7404
1511
1446
2
25172
1099
9
6
390
46
3
190
1760
15
17488
9
4457
45
3
599
3
1
1
1
9724
9262
2
2288
1
64
44
6
450
5314
9
2196
49
32759
118
139825
7673
9
3
17
41
29233
4
2
316
1
8
2
11
29171
8
32
274
1
4
2799
222
1
15236
12
29
99
19950
1921
1303
2
1
2
1569
13
99
1
5
192
830
4
1
30567
2
99
1
26
801
45897
2
2431
29210
8
28
72
2070
22798
1755
1
2911
1
4
5
3
2
1
17
51
124
1
2526
125
2
17
1076
4770
8629
17664
1491
10
148
1
231
184
16
6936
3
509
1225
1
1
4
415114
2
120
27
1465
1028
8874
260
10764
1
6
66
1
48757
2040
419
4420
5
2
3332
13
78
1093
518
1
1
2
6
56959
28
12
1
13
3
5238
237
590
1
1
713
901
6
39
9508
37
1
19
7
25
64
291
254
2552
12814
50673
5
1271
26
178437
6
14
2
47
56905
2
8682
383
240
2
2
2
4
2
40
46
29
1739
20
6
751
530
35
1
364
26
33
13
343
10
2
4
3006
1
143
1
42
14
105
9245
292
3
30
4520
84413
104036
3048
1
13
2072
4
300
36
19567
1
637
102
64
21
13
400
56579
61
45398
29229
164
3
1573
168
57748
118
63928
1
1228
120
158
307
2
1
11208
430
3
555
299
178
2
6
4
98
10030
8
535
23260
238
3
1
5
8
220
2
6
139
1
8
19830
29
337
20390
17596
1
28157
3
5013
3
1352
1
63
5
1555
27
5
5
3
3504
2
376
42
4
333
33487
103
792
10562
12
42
71
2
384188
13
3
1559
1
15
16131
3
2
1098
35521
11
380
104
1552
6
186
106
13
25
247
1
2
412
126
165
32
6
1
1
1
11
2
717
10
226
102
15
5
1932
58
11
96393
3857
3
3
51822
1
30947
79
7265
359
487
11
15
8898
751
12164
132
9
2598
8534
4
16
10
103
1976
13
98
37
2801
8
843
41
1698
5167
290
166
39
2
6081
59366
52
2
395
3622
3
10529
19504
56
2
40
1
470
24657
6044
5
1365
161
201
23
5963
4
119
23
14
5
713
3
1762
1
15
1
1335
183
6
4
2
13573
20
116
1
1
4
143102
22735
46
1
6504
58
1709
6
74
11776
1563
118
1
1069
22
5
2
3
6
3
2
5808
33
25
304
2
193
20
138
40
4750
2
3159
5817
5481
8433
193
14
3
1
1
69
745
43
3592
805
122
1654
7
2
20
867
4
943
1
11
8377
6
17
1
1
1
99
550
277
3
71
4
5
57
20183
22
108
21
370
91
195
23
15
8865
10
6161
2241
3
94
14533
9823
1
342
1
39016
2478
159
1
11874
3025
10
1
1
3
486
24
35459
18166
12
3
3
507
1
87
180
3
355
21433
1
58
35
6
123
51
394
45
524
16
1
32
312
54
1580
4
1
8
4679
1
177
16
19
3007
72
295
155
314
98
654
5
22
1
1
15065
22040
26444
2
31
22
2253
4
294
643
43988
1
20625
1
2
6732
11083
86
23751
47
6
977
3558
9
14
202
15
7
36
733
7
1
19
83
23
212
1
18
298
4
11916
112
16
1
921
29
20
305
3
4988
2
2
2
66
2
496
8
184
10503
10274
153260
51
77
60
17
4602
1
9
33
55
1508
91290
72
1
35
8
1
766
441
675
281
48
39331
7
6
1
8939
1
4
1
16
5702
3011
12
1
20
22
2
57
9
16
32
3
2158
40
1
2
4713
55
90926
15994
2
10
1
3634
18
168
5015
1
9
2608
687
143527
20
3064
1
469
1980
18164
203
2
30
17
359
4
20
128
6
1
227
42780
20343
2
72
300
10041
1
92
16
4607
91
3
1
15
4
1
43
18197
19
46525
1
538
1
28
71
17
11676
9859
1
2
2798
28
7955
699
1
6
1
82
4
9
140
8
29
22
2520
34
79971
2
197
184
9191
164
664
120
13
1
17
106
1980
185260
1
105
27412
1
10
3692
7
678
1
820
1773
1
37257
1
12609
11425
73
673
1
245746
32778
4559
397
34096
103370
13
34
6
4
5
128
980
5
3
642
6
2
1
9
520
2
6
25
75
138694
2
2
414
1
1659
5543
39721
39
22
137
242
3031
76639
3
1
2029
3
23223
5994
5
8039
263
5842
39
41
8077
68
3902
2924
3
2
31
86067
5
14
4
13163
100
91
2
10
60541
6
382
13767
1161
5
445
1
2
1
11
236
1440
42
5974
37
40
154510
586
6215
1
939
64
2
17310
276
3
147
2
1054
565
90
8
1071
4
444
8
1
37701
7979
60
5
967
83
2
29
18
39
1
1
2
5
6
21
17
10
5
1
1315
6333
1949
34
13
274
829
34
5626
1607
3
20
49
27
835
4
4
4746
30079
6
4
1
27135
5634
2
3255
3
3057
7
93
31
2
1
415
119
5
13
383
211
1057
2
4
3
235
5382
114
1644
24583
38760
786
23702
3615
261782
96
1
14
18
3
5
1
1
4711
90
45
48875
13
2187
8
499
70
3153
1
3
285
311
26
3
9
2
96
4641
1991
586
38
1
5
487
79
604
83
5011
104
8
1
1
65
1002
57
52
1486
197
25429
28694
71637
8
13386
7367
18
8181
79876
35
36419
3
41
298
98
29
24
477
2
28
2807
44
40258
344
1
44949
16
15111
72
19
192
1041
187
13
123
51348
69
165
65
1
140
5922
59
2
6
4
66
9
6
908
79626
16
5
18
32
3135
38
8
20
2
46
100
1
23
513
3352
1312
22
398
103
2804
872
7
2567
11
837
119
101783
116
1700
2
51
92
47365
87
77
5
4879
15
4
1359
141
42
215
38
380
902
703
1
6
187
2355
32
77
412
1029
20687
1345
4066
54
6
131
3
2
43199
13312
1
13
3329
1
504
900
1
2
39
1
3
207
14368
119
1
63
6
26
901
12
21
113244
237
1424
24
1
25
914
12195
7
10749
63107
25
5
179
4
3276
1
1
384
2586
5
959
7798
6
1267
17
2
813
1
9
285
256
5
21
2
2020
11
1
74
22
1858
1636
1127
14
283
27223
5
109
2528
14373
4
407
37
108065
17
1
1395
17242
38
1
25
29070
3
11573
4938
7186
14
19
42664
43
9
2
20447
4467
19
2
137763
377
168
2
244
3
1
6
11839
2108
1
6
11
5341
3482
35
1
124
17
5
1
10159
1
38
3626
2
1
243
1
57
6284
15
4
159
3
44846
87466
9
48
17
5
136
1
1688
85
79
29031
34
9
2110
1754
57311
8754
168597
1
5817
64
30
4
151
202
120176
22
13
5327
1
2217
1
178
795
42
1898
38
27
9264
279
140
11
474
6
10
42
93698
3
10
287653
50143
517
5
8996
5
6
13
8
53
1
183
17
148304
65
403
1982
16
222
612
60
61
3506
1
5125
50
20310
94
6185
10
1
2
164
126
74
10
10
33650
176
4
1
15
1106
1637
306
66
21
80
2
1
19555
25
3
17
968
1
221
134
2
177
170
1
5
58
3247
1
3831
864
1
1
196
3714
5
11
10
1
21
19
541
572
749
1
323198
67
334
85
2
3
39
552
10
411
5
7
11749
19
143202
1
7
25128
11
14
1
18
10
1
47634
1
9
4
1
5
379
17572
1
6
44
65
2
7
2
1
2
127
14
15
498
16
222
3
54837
2101
1951
7
1909
33
39
18369
6
5342
22
307
112804
79
314
4
90278
1
5
3691
19
568
18044
6794
105
150
40
19430
1
13
61420
99
124533
4
12
1
31548
154
10
7
194
3193
9
460
23
19817
2
6684
4228
1
4044
2267
18
26868
14
5132
14091
12
163
28
1434
1
1483
309
937
21
466
7210
45
2
57
3
7
942
2550
131
151
3
2
4
334
254
6143
1
1061
1
1
27
5
9249
3
1
1
60423
763
1
24524
1
1060
143
2055
17
1
141
79397
3
2
16
16410
1614
4
968
120
2056
731
1
2
192
7
7
62
44
19302
2206
56
713
4
35
61
19
457
11
19
19
18
123
37096
2
1
17
1
1621
7
12781
59
36458
100
2639
5
2
17759
5
42202
27
7222
64
26
36048
3
2
63
487
2603
6
1166
147
7
139
67
8319
1
32
184737
5
231
609
2
102
6
9348
244
596
157
1
11187
7
1
33
1
17
53
3
9399
20808
28
1
4486
12
34006
1
1685
3
913
5
17
18
1
46
128
12
108
6
4
163
151
1
3459
402
10508
10
9141
22
2
19909
245
297
1
5408
3492
69580
929
46
817
1
2
5
7040
107
77
140084
521
486
773
12
2
187
43
3055
112
1
3
27231
81
7350
4
2741
4305
1
9
1
24093
1374
13
71619
7
52
51
1
1
1193
4610
260
31640
36704
13141
2
532
10
4
207
1
1
1
977
17368
10
74
295
1131
31
921
23776
461
3
9437
215
147
232
11
6
82
1345
8
6
1688
2
8931
187
63341
122
484
6
1
175
865
1116
112
1
39
3
15
356
735
221
9847
36
201
1
15510
2
108
1383
1634
1
52
37
24
603
2
11
526
188
20079
626
246
3120
1
1
991
1
11412
3
9492
5
426
78
29
386
7
8301
1
715490
1
1
63
398
12
10
9
1
4
2974
38
2
15
28
38
278
2
586
345
1
94444
50
1
1
1
22914
2
113
145
5
8
18
1576
1
2
12018
90
870
13
6
25368
60
449
536
14
67
28
725
1598
468
2
1680
908
2
93763
135175
1063
21533
164
21412
725
90
5610
1
17
65
1
16
4
51369
117
2
2
2
15
2
4
22
879
2
10875
879
1
13616
94
10
1425
5400
45308
12
1
22
785
614
2
27895
770
52
89
23948
10850
120
2
48
10595
5315
53
14
37
4
22
4628
77
1
1711
263
649
1
66
53586
1
5
1
24
29586
1
9
2
66
3
340
136
1283
184
289
1
2
1
1
1
2464
8
2549
6
2
117403
1
152
2606
3000
137
1
142
20
690
202
1
1
5
12918
2
65
125136
15
2
22
1359
1
2
14
32
3179
1
1
73789
1455
535
3
1
668
31
15311
1
1225
6
56
68
9728
67
59
5
499
49
96
1354
37
51
5996
1
21
100
85489
2069
1
2
2
252
180
20
354
56
19
6
3
691
2
736
344
110
6
1
10
169
33
1
19191
2
11
66
10
16
75689
16
2
61
40819
2244
29
30731
160
498
1866
4635
68491
3931
36
8
1
11437
23880
238933
121
35
26
1957
1
53
2387
2
231
20405
2520
245
6
399
8
18
8
1
2965
5
24494
9
124
35798
2
10
7916
6511
2
2
10
10
6
4
3
1926
137
14
3854
4
17
964
3
2
13
45
21
3
7
20
25
351
633
3670
20
10
23
29
56
437
2
75
22781
42
1
2
3585
15
165240
62
2
20
248
843
62
10
53202
5
5
14318
632
19
266
1500
395
1252
67415
90
7
8525
9424
830
36
28
7
1
410
1
5
1
2
9
20
2017
100
83
1202
1
5
413
851
7
368
56
401
4
12
2
1
24430
1
248
342
7429
631
14156
4855
509
3
35
318
1
1
460
7
16744
15
1
1
63
2791
386013
8365
1
45
6
1
16
6
2
14524
37037
4
4
71
15010
26
2893
1977
17
104
5863
12
25479
22
2
6
1
590
327
1
37075
6398
33
9
18
2
35
5
8904
714
3
12
3
2578
221
29773
2
707
7237
9
1
261
198
13
1
13
11
7817
9
9
466
17
1
3362
405
32
23227
38
11
1
2
4
4312
4
2
182
4
163
916
5603
48
717
2311
1
1
291
914
7
147
74
33318
12
7407
4
175
217
26
4
2
8
291
4
3584
16
4035
10
6
2710
22
31849
4977
1
5
108
210
10
1
170
240
4877
492
28580
145
746
58869
2540
931
801
2
11013
24635
2
3
4
92772
116
8291
2
369
3
418
94
231
321
25
1
781
515
2
14
16
1
7
4795
2
21
218
23235
558
17
258011
8963
810
931
4
6376
15
647
7
4
34
111
28293
41
69
445
2
32
1513
47
62
1
42
104085
963
56698
1561
155
8
106
5
10368
2385
18
7977
1
6436
1677
4645
47
101
12
8
15902
14
5
1
18
2
6630
61
11
15
512
3
8
1749
46
37
123
357
12518
148
28
37
124110
11
4491
9104
1273
4
7
111
30
7
64
98
3
120
4
1435
10933
302
22
4594
17
95
2
21
6
401
7
2037
3
2
14
1
8501
1
3853
1
9
1
138
4608
894
130
53
23
32
404
22
4
1
1
1
17425
31
42289
1676
7
2
1
1
3348
3
5886
109
16010
275
3901
9764
986
15
18011
70
6176
13782
68384
248
2
17367
19
34
1
18
3350
599
547
37
41
250
46
1261
1
512
6
7
33444
2
81
78
7779
2
6
4
93
367
34
17750
17835
10489
2
48470
71
1
84746
99
752
27
7
115
3
30
6
9
4
115235
72152
26
11346
6
7219
27926
3
1372
4
13
255
8879
237284
121
21
108312
11780
1222
5
1
153
1
509
1508
119
7
1
2
1
4
36812
1
7900
27
4681
162
226
5595
1553
12114
2068
1
74
27817
36076
3578
226
120
181
1
10
32722
225
2
14376
1792
4
1
812
1
20
12
5706
349
51
18
76
406
509
42
7090
2
2
16
1
199
168
3
1394
953
48810
1080
1095
1
23
7
3214
4
2
195
1
76040
80
64
3
117
2
12
4919
2
45221
2
9826
66
148
7688
5
1729
103
124848
99
73
1
4
1
22
4233
64689
1
1
1
65
532
1
97
2
22
145566
1429
284
6
4674
36
199
1582
16
28
14592
111
9
8
11836
159
5115
2
1255
26703
28
2
25
7096
318
8
4235
1
43893
172
1
1
427
1303
130
2
31014
42389
4
189
2
1
671
4912
7
26
37516
55
1
63642
578
49
8866
79
10
22
4
444
1
22
494
1
38
102
10733
88205
6
486
21
37
32801
12
18
1759
86
32
36
190
23
36
1
15512
2448
88862
1
1726
2
367515
2
145
2507
119
52656
559
3
67
13
14
307
2
118
59
5084
2
11
7
1
169
1
12
310
341
12
14
16
4382
15
97
15898
6
15448
11495
12
1913
10
2
1
9
3270
449
195798
1547
2022
16
20
23
34
1
498
51
282
12194
18370
1
3
2
3
41176
2
1
4
16285
433
5
3
9
415
603
4532
1
14
27
7
77
30
2
1
17885
17
4
477
1
19
76
14422
12
20
17
27
1135
54
33
4400
2
9
143
3
1
156
6
2
1
116
18
20
54608
2
13
6
5
29
77
293
1
7
1
12
2126
1
6
1
1
232
69
1
1
122315
1807
137
5004
21364
498
1259
1654
17
36140
1756
269
54
4771
2
3947
103
38
2316
2
10
1072
1
688
32
59
2
73
1
352
31
4060
1479
1
60
82
80
3
1
2156
4
43
3316
1
393
277
13
2
17257
436177
2868
1
72
431
2
7
126
374
1
2177
39
766
28
228
44631
5425
279
17
839
4238
8
841
9701
447
21
7774
61
15
18
559
2022
359
1
94
44
3
99
1743
27
17
808
2404
26746
22
9032
471
2
3831
2
1
12
14458
1
2
96809
4
19514
17
12
16
25
2
1759
1
81
1
5
10
222
1
1
138
2
131
44
60
22062
3151
1
1
18030
19
24
329
244
61
334
4
1
30
5
441
3964
136892
56
169
4747
9
175
13
2905
644
62
35908
9
25
8444
2
993
1927
4
3
26685
6
8064
2
1
18
32234
10631
23
1891
3
71
17040
1586
1
494
12414
1383
15
1
54
2840
31
31
1057
2570
219
224
2
149
978
442
177331
419
44
385
223761
59
2
37
3
52
2
77
47
1
1474
28
6410
19327
166
4
346
8713
2427
53
100
33169
8096
1
43
2
3
1520
889
3462
14
2356
3
743
4185
164
11
2209
1
42
878
104
3252
2
45
11734
220
1
3
1
1993
17537
623
6
514
223
950
19
7
6913
9
49075
1734
8
46334
1
7
4
165
37270
530
80
8
229
2
1
14
1
14610
260
21
309
11
34
69757
11820
31162
266
56979
2
2
8
101
3505
48064
50
390
2
1
35
35
2
41
472
4
66
13
1
97
1
9
2523
2408
44
1
44
2
92
5
2230
1
169
1
10
1
48
1
1992
39
184
608
2
517
10
23
6202
2
39427
1
2
16
6
1
143
243363
2405
31
19
498
5
106
2
3
1
1
83565
524
59
19462
55002
1
11177
1
9072
1
1007
1
1
1161
1532
5193
30
183
1
156
34389
20
2
5
1
3
8
5
4
19
1
28
1
50
2
10
87
83569
6768
9
2220
836
67
116757
4754
1
5161
1762
60
13
13
1
3
39
1
109
22
2467
95
4
10140
415
17
106
9
37
3
2
3
472
1508
8
5
1478
271
11490
4
1557
17
57
16767
20605
4
9292
5
1083
30
60
2
7
280
4
65
140
2
3
1
188529
45
2
1
5
24159
38
321
37
1
1
83633
27
121
789
16
39887
139
839
113
251
11
1197
5236
3
1193
62
63
208773
32
67421
4
8
146
4975
31
35
467
1
17
1180
236
19552
1
4
227
26
103
101
65
48
1108
316
54
10
93
13421
136
317
9
1
1152
33
400
2787
4
10069
1
34
1
3
18447
32
7
4670
1724
46
7
279
1
3
142
3
469
42
11
1939
3
5
420
32911
4
136
404807
1
1
24
3
37
8
114
90
3946
465
24910
49
239
2
18308
172
1
286
14910
9
23353
846
76
1
65
3
52524
12
24
41682
7422
36800
1
1
1
1
2720
19
1
102
24
3918
240
1475
96722
2429
510
16
36118
13383
3295
10
1
12
199
546
13
973
610
10
223455
1
5
617
2
524
5
666
7
1804
135
5
8
79
14929
2
9
1
94
34607
299
3
6149
1
4
1
627
5
3364
32
1
506
89
10900
123814
17
23916
5
21181
126
4199
31
13
20728
3
4
48
4288
43
4
35
13
2097
1525
2
2121
882
53
1
27
1
56
2679
17
9308
143
466
1
43
1
1
877
325
1
4
12
8222
5
3001
28
67
9974
1
4
1
56
10
5
1
2
5446
5
127
1
4
29
66
4104
985
654
1
213712
3
3
5436
32
99
140
1657
59
5
353
2
96
1
6992
3930
4
61
1
840
62
45
1
89
40
1776
11955
131289
21
3
178
355
213
1241
4
14
62
9401
704
818
7
847
293
82
33
1
224
20
15
3
19
3
1
10
6
25780
3
3717
250
2621
1
9
60
22491
113
1
473
1
105
1
1
725
137988
143
69
19951
6276
104
2
34
1
1
16057
78
19
1815
20380
12284
63
34905
20782
2
6
18
27
2
65
2
4055
18
3
249
30
9
76
53
10
1983
5
19
8
12
28
460536
1
286
1
44841
220
3
18
1006
9
846
10
4820
4
172
45414
6267
332
1
8
18
238
271
85
7
7458
75
1114
2
2
13
21
31
125
75786
1
123
61
44
45985
6
980
508
4893
15
14956
10
353
1386
423
577
2
47
21896
2529
1
11556
5280
9
6242
6489
9
616
389
33095
205
315
31261
16008
3
1
7931
7378
2344
126
8
52
1
53
11
1105
31
8
2365
5055
26799
149
584
91
171
1
8
462
58386
9
35
1625
5
1
291
4
2
1354
33
18
2353
113
30
928
3549
1045
2
173
2007
57
223
254
2
11
1722
55
33642
166
3
14432
2
1260
2
6822
4
229
1
144
84
1017
954
1
14
806
16
3591
16
4
1
2
26
26
459
59
12
713
1
29
2
57
4
25
24814
23286
2
42
220
21
120
13
22
82
1
13347
135
477
70
17
1
1080
465
801
1110
1
2
235
20488
43672
3424
10285
2
4
70772
5
61
228
943
80
2123
48
2144
20
123
50
1084
4865
43
29
1
20
7534
5097
44
95
1
1
161
1
26
3
7
1440
11503
55197
89
246
1432
7439
223
5
1044
2
503749
6
8
1
2
22491
11
2
11521
1
8
2
231
12
9165
2201
28
58026
1
1
12
1054
30909
6784
61323
657
108
1
3289
6
37089
2
21
883
2731
6
73
207
7206
910
61
117
1083
3
1
21
27
91
14944
6
7
4178
1084
83
1
3890
1
41208
8
38
305
5480
5669
28
94
17997
9
1
1
98
1
3
47589
153702
47
63
1238
3
57
8
180
32
1
9
50
8
416
24093
27
15708
14552
8
29
722
90327
5842
8
541
1
150
35930
6
4
50
4
3
293
6
9
2683
230
19
51270
102339
10673
3
3
185
38
7
399
18
3
482
1166
2
7
3
1
3
24
3745
686
22
1
6
2
44317
206
5713
28
13670
3259
291
2
4822
3453
18
797
5
89486
2
6
1
173
542
54
379
2727
7788
87
4263
39245
1
1
406
5229
45
7456
13
110
160
1
340369
3
4
14
3126
23
95
49
140
21
21
154
27280
216
4
118
971
59
7918
35
34
237
146
1232
24
55
1
9305
9
678
23
1833
603
42
48
8
8
103
929
1
24
257
3
5
11
269
43
1241
14
150
230
11
1
228963
10
2
115
22
33
6
17234
319
8
1
2
180
19
1
209
11
1
576
1
4
5
120
4159
52
7
1
12
674
7
1
1
1
3
2
3728
3449
2
13
3
14117
114
201
16
6109
243
4148
11
1391
312
10
54113
31
1
7
148401
14
404
76665
40
226643
1
117
12
632
11536
1
10
3801
77
13107
1
944
1
2871
4
32420
1
5
500
3
57
28201
2617
1
66
1
31
1125
33
302
19
1709
6837
17
551
10
7
183
71
167
54
240
571
350
5
3
5395
4
1092
4
2
61
1
2
6
1
12
10
113875
133
96
107592
81
1
6
125
1
278
5
1
14484
1592
6921
4
2077
15357
2864
9
1
11890
2
178781
18
3
59782
20772
39119
87815
39
4
15
1
3
76
10992
20
145
26
2
5
411
8
2
41234
35
82
6
1
2
1
8
237
396
32513
23
19
61946
8
7
1
2315
31769
14136
54
7
12
6
1926
16
2
16
694
424
2832
27
1
47
59
7499
5
133
377
265
28
36
10
125
738
10
5
1571
9
10
115
1054
4761
1
2
27107
518
4889
23
1001
9
6441
90897
8
1
22609
1
1468
60
11455
24
3
27133
40855
81
9
1387
76439
2876
26350
74
6
585
187
57
3
2
2208
5
1
24
6491
11382
265
1
26193
2454
13
38
15
352
3
1
19
15
4392
27674
1
71
2
29582
6153
8
7
1198
1
2
36416
1
4
3
5489
790
2
1
492
1
1
4
11130
9506
2009
1
1
13
159
3766
89
10
1603
1
1
62489
3532
6
146
1237
10159
2
2756
54
20874
11
1
10
233
66
2757
6
102
9
4
394
7
46
12
19286
547
18
2
26267
799
2014
5
466
1733
4
5
10099
1
42
2
1
1
325
15
181
16
130
8095
548
10034
650
20677
1420
31
34
24886
7
91
6
11
1
10
22
12
2906
45059
12
15
130
2
25
333
7
1
214
160
54
595
9
50
193
2822
4
100
18
175
205059
11
108
4921
446
136
5230
670
520
71146
8539
28
8
1517
3
66
46378
42214
22
67
4
2
10191
754
23
1
479604
10
2
402
42411
2
5398
11
1
1
833
23
37588
4
46
101223
1507
6
89
622
44
148
17
523
2
1601
354
2236
21
134
11685
2936
60
367
260
4
16
96
1824
168
576
41020
3
1
26
18217
5
2
6
319
3
43143
313
2
289
13
936
1
1
8506
3075
182
26
4
90
3443
25
6506
2
17
198
558
23
2
1472
620
4
48
171
1
3
13
15
920
84
1136
1
9
54809
5
12
68
579
65805
1386
2041
810
20
2
4176
662
4
13
711
3045
60
2
3
1
10
7662
87528
3092
1628
113
5
132
1
1
344
81
6
15
649
2
236
17
2
2
196
201
30
10
1
23
2
4320
136
9
3
508
15620
10966
3937
15999
483
1
3
1
6
2
35
3480
4
166092
1
1
1
2
146
32
1
54
469
135
1
2
194
18
1
71
45
1556
419
649
23
1
7
25301
11360
845
90
3
2
175
1868
74
42793
3
46
3
445
72
65
40
1
25
12476
29
209
2
8
3
1
1
2
8
22661
9
9620
510
8391
278
13108
2169
1065
1
1265
2491
1505
75
46
1301
94
3
150780
863
69
152
3
2
32323
393
3
10351
3
26
1
4
426
4
67782
529
1
116
2
2
7
12225
2919
1161
93
6
495
2
23
1054
1907
107
43
1432
120
51063
24226
107
637
146
1944
75
2010
7764
1
5
146
12
7
7
511
2864
1
136
1
246
2
7
51
20
7
1
15
50
40
23
1
3
225
3
5
97
2
363
140
4
54796
7
52
213122
445
3048
2569
4329
1
496
1
10
7
5
13
40807
16
1910
51
13
912
1
2
2
113
1
1661
5
512
24
654
93
621
7068
1905
2
7084
7
2655
55
159
98
8
1
27
1
13137
8970
31
981
1040
66
4058
7211
17331
2
99
61
3
1
12
3202
8660
3242
136
141
4
6
6603
43
964
217
124
1
2
9
517
91230
115420
4
7
2
34
1
2
151
164
3026
2
1
7
2016
2
16
3521
1
20780
18
3173
7138
230
133
16
2456
185
1
38045
3173
53
18734
21479
1
97341
1
6
1
23764
6
71
277666
1
581
19543
1
46
12
5895
15
6
8853
19798
4
715
31
1377
116
27
18
4
1
731
48
5055
729
1
1
1
5
53
76
3
71
18323
7
4
8
40
28
1072
37
3284
13
160
7
404
2
6
146
2666
32156
4
78
34207
511
1
9090
4
76824
1
10
16
88043
2
101
1
208
20
26
1318
1875
1
1
231
33
244
386
10
41
45
1282
22
10
105
710
1
246
5078
597
37
4211
1
56620
1
77134
8
1
209
2
113
5
2900
125
5894
20
3
176642
93
127
1
5
17
1
21452
2
2
3081
35
3
347
3
41
1
470
21
216
1370
12
6612
14
1
1021
719
36
167303
17
250
2
5781
5
449
12078
1155
9
58
7433
2
1
3608
22062
576
4
1
12
92516
12
13228
827
9625
1
5
1520
88
7
1
923
131
13
230
390
16
2
150
1743
15
3
47
7
45
3
673
2123
96
6
1819
4
1
23789
211
15003
1
3
1
85
122
473
28
113
1658
405
23
8
12
5385
5573
726
1
15
2
1
3779
75
29
1
107775
24043
25
1
330
437
411
90
4
463
19753
9
9
990
60
289
84
81
8831
7
58981
890
1205
1
8
5
9
113
59
4
574
82
152
1052
50
8
6775
9248
16246
13
2
31
4
11
16
16995
297
2
1
5
2
62
335
32855
5
4
2
7
41
3
57
358
17539
6528
20143
6
9
2
10
1245
72610
63
308
3
6789
14
35
6
8867
84
3
90
1
1
1425
4
1
18546
5
211
1210
647
5
517
67613
75095
7068
2
317
7172
4
252
254
2
34
2
3893
5
14619
1732
651
731
1913
1
6
57
2284
1
85039
276
6
39
3
1
1
31
7
41
42
5420
4
13
17348
9863
19
6
3
472
446
113
842
6607
16
27
3
3
1
3
10
2
312
1
149
575
4692
1
1040
9915
790
1996
8
406
38530
9
9
16
12
77
2
5
180
48495
52
164
170680
229
1
40
3
27279
2
6
17006
20
6
1190
2
163
66
1
15669
18796
71
22
3
2154
66
1
38
2
7
65
3380
1
199
2
45
3805
2
1
3044
429
61099
1726
272
14452
11
4
3
4675
59
671
7
24
35
32238
1
11
2
15
114
6
1
13391
3
2
1663
49
1
4
10
384
27952
71
84
10
1
152
244
3920
5
69
3
8243
5
117
558
766
196
17
29634
26
10845
1309
2836
1
1
26
408
20445
1
179765
2605
2
183
42
1
15544
5785
58
4
1
1
24
66
3530
82
38
12483
2
1
177
3
1
3
73
1
25
12
45271
24110
19
4
367
73
5
3277
1
1898
6
3
15
177330
1
17498
18
242
1966
2
154
112
1
22
3409
7772
2
13620
80
1
689
2
217492
2
2587
735
1
45297
5
223575
6
2
12895
46
12522
2366
8
132
188
1034
151
38
2
299
3
1
1
1
4
43955
36
260
1330
30
13516
26
4276
69
301692
50153
23
88326
21702
175
1
19
3246
731
11
188
4511
8565
2
1
159
3757
2
9657
27
3
208
2
1
3
39
5
4
3834
38
296
2
8
266
284
58
3770
27
21279
25
1
1698
11
46
1
1
6
359
137
2
142
567
79
161
13
604
3
9015
60
329
6
13275
1
16
5
423
9682
1
141
3
2240
9
9792
9
64
540
1
156
42
2
15
110438
4675
1
441
143
1
2777
502
3
26677
87
2
473
883
29
2749
3
17
21
5
15
1516
174
1
48
5
92
2194
524
1667
4
135
41
2
142
29
27
4
38750
10472
4
4
101
1
9
2
1
3
1
9126
19
182
82823
1
6
8
4173
2477
232
7367
894
4
28043
11147
57
171
5
12141
89
289
1
183
18
1080
13315
6
32
76
54153
8
10
3515
10
3
2
26319
7
343
62
34
26
422
126613
1
42
19
2
13789
81
5617
2
101
55
71
36560
20
4
67
1225
2
9260
288
109
59816
155
5
914
481
201
196
331
29
4
13
16
9
1
56
5
35986
63
8291
4271
2
2
11
42
839
35632
106749
192
3
121
1551
23126
3
6154
3331
1
192
4
13
697
396
746
198792
40
1
833
1
80
3
10
3
250
4
30193
24
1
2
1890
12423
12
7008
10
5
22
29
3
1
256
61
234
1
5
21592
152
1578
18
3
44
1309
1
1
41
1
3
2
881
7
83
1
9
5870
887
85935
208416
10
128
15
109
66
14
1
309280
7
10
1398
781
13416
15726
330
2
135781
2
2
35
15171
7
2
1293
1
136
478
1
11729
8
80
118
1845
2869
2
7950
166
7
3877
5422
80
3
180
7
149
288
3721
14745
590
4917
5
40
1126
188
480
14
333
91
25370
160
331
1
2085
1
10404
7
3
17076
2
128
778
140
36223
487
5277
3
2781
287
2090
98
1840
62
74
2
1
2
8946
2894
431
1
2
177
384
307
8
11
74
2
69
1
12327
226
23510
139143
12
2
129
2
58745
117
2
31
8
4
2941
3118
355
38
1350
31214
717
1
1938
7
13265
30
8
2
9
41129
9151
25079
1169
17042
98
5
2
4742
19
3
2
57
112
68
11453
1099
1
17
11
311
70
496
3
89
4
3
47346
3
31
4533
82
27137
270
4566
339
1726
3
78
5
75
197
187
45
17
2
416
4
2
50
6529
2991
17
279
24872
1
2
1
933
8703
6
95
66
23156
44
19639
11345
710
8
6
1
42
65
10
360
44
4
21
5745
71
9586
9
1
198934
28
9
165
68
17
291
1323
6294
18084
243
3748
256
4
28048
144751
6464
2
24
276
1
112
72
1797
16
70
19
1087
1
164
64
1
571
10
4
3
428712
44
1
247
1
295
198
619
2
29093
15
1
1
2690
5
3
2444
5
5
55752
1
208
379
14267
1
986
45
2488
29303
1632
22
209
1344
201
9
2
34913
3
68
17
1
67
572
4
2525
2
2061
188
3
155
11
7753
2274
5
303
4
1
78
15881
1
1
43
15231
56
6
5652
21
190179
862
5
3
221
1461
37
1930
14
262
13
446
11804
418
2
16
14388
1
539
1
2846
48
40
8381
82
1666
1670
1607
36900
198
277
216
65
1
890
8
12598
58918
2
2
117
11
661
44
21
314467
81
1
8759
8625
7
87
36
1
1
32
7
6988
157
4
2389
8
3
10
89
19
7
6705
1
9
142
21
28
925
150
22
1
1
45
33
330
1
5
41
11
394
1
15
52603
7
9
4
19512
465
12
14
12
22621
401
157
14
2768
67766
25216
4598
237
1
5824
301
5855
59
3640
7
38699
44
3168
13
32
1
10
18
20461
1
47
1
2
7
2079
119
13195
55
187
32
9
32
510
22
26
4167
29646
9118
6
150
2
162
152
40
849
4
7673
80
21407
656372
32
1
23
112
59
1040
1306
2
2
392
1186
1
101
12
300
1283
10
6
43
504
59
98
9
4
1780
35
1447
175
50
71
17
1
3
737
5390
5
3801
2
436
7
12318
6
5
1
37
56376
277
185
1
33
250
9
2254
4
1
2250
54
126
16165
2
21
76544
22568
1
1616
9
997
7
7
1
1
7
3
296
25179
143
1653
1812
2
433
599
1
47592
111
1
31
555
2
1226
155
2
353
102
68
1
71
1
2
30
372
46556
20
2032
371
1
1
20
1430
3
1
81
6
77
13
259
141847
898
176
2041
8857
14
17
1
2
3193
46
639
1
2
216
199
3
12708
2086
38
8995
299
1
26653
471
1
24
414
3764
3
1
3463
12
141
153
2
8
330686
4
6
19
665
304
624
131
2
7
5
5
10275
650
19240
78
11468
3
1
3304
695
5272
10
1201
24895
2195
522
22
23
18764
210
2587
4
6
1007
2
4
5
4
48
3
7133
36860
2
7
19
26
24487
608
16488
1724
1
50
20
33895
292
2751
59060
370264
368
418
21
86224
1358
13
7
4
19
1
9811
35430
29266
131
923
43
216
88
6
2022
10
6
4
189
3
2
109
41
5
51552
9646
16
5
29
185
1
18
1
26
136
313
11
277
309
490
4
2278
35
11
8
1
6
4
705
21048
4
94
25
775
20
13130
235
302
265
58196
32962
389
81
11364
11
1054
1142
36392
8
2
2
60005
46494
2
7
2
3834
34
59
4
9010
5375
3
120953
75
3
7
6784
29
17418
4059
104
1
1
8165
5960
9
42
391
375
7
12
8
1375
7
4
8
1
12
91172
27
62
599
124
927
2
772
14949
21
13
5
2
531
90
72
29319
18452
1
114249
1103
1611
232
59
2
6
534
30
5
2
29723
6209
9
7
1
559
1
5254
1
9
1307
1210
49621
21197
1
68
1
221
3
15
28
2
9827
1
1
144
5
656
1
5
3027
619
440
62
7564
43
24
2
42
3
5
3
12890
8
63
43255
15371
12
3529
2
2
12900
13057
7
22
1
1
18
713
1816
37
65
41426
1
116392
630
901
4078
2
444
53
2
42092
420
1
2
2
1110
1
1727
69138
793
90
27
34
1
13
360
28
90
4
1
21
147
13
2368
9
17
2
23
6441
134
165
3192
2
1
129
47
2
83
17
309
3
45477
141
19
177
1691
14
317
4
4
1252
7
16
247
91
4
73
5601
4
2
1301
8
133
3
2
1
65
1
2462
6
24
10
5644
29269
3
1833
107
3071
1
7
598
4341
1
1
11286
31725
40
2
2638
1
4
1
845
43
8
64
11
1
43
1
169
227
264
5
226
4
140
20
323712
7606
229
6
148
38
3
47
140
10750
1181
4
3
7
27275
2739
4
79
126535
108
2123
5
10
3
43
34
216
1907
6207
24
41
65
1
1
1
496
3
2743
2858
5
472
1
11447
12
1898
8
146338
638
2
65
1049
2798
497
883
3
51732
1
1
3
1
238
730
16
1
2
9
4
102
562
52290
8
10
53
216
478
276
217
721
7
104659
3
126
115
3
2
6702
252
5
1
25417
1448
92
41393
1521
33184
29
107
2410
10
21
25
6
24
30
76
41
3206
99
17
662
53
367
423645
175
1
33
21
1
6
1
13003
6047
2
1
304
3
59
16
34639
137
734
15
3
25575
29193
24
3184
1829
146
2
15
8055
37
16589
4
1
4
2
69
45
69047
113525
1
336
5
111
6
20768
1
289
130312
15
87
5
1656
199
2
5
1
4
14
1
917
4
711
3
2
4
395
15
434
34
45
37
80
30
9180
52
9
299
809
63810
18
12392
719
16944
5
28169
4
1
1
2
167
13
8879
12
583
1
8
2
34
6
6661
45
2
30
9
19
19
2554
24010
828
2667
2
13
4
133
3
1605
5124
2
9403
7
101
2491
27184
105
12
46532
5
1
47615
20
1761
422
29350
169
2
4
22710
62119
3
8
39621
21844
2
4018
4
36
4609
1
3501
4
712
2
1
6566
17868
11
69
549
147031
73
1
19
22
4
2247
2153
37
374
33
27190
13
1653
123347
23
1
9
3014
56
27
1
27
6449
68
297
6
11
183
394
600
9
94
2313
8
18607
104
2
2
6
1620
5
4804
1
564
27204
3
4
5
494
13
1
2
2
3
3
29393
117
163
2
28
4
3
28
15
1522
149
4
293
6
20900
1
17
331
3937
375
42
2144
3579
15637
10
4088
4430
9
1444
6
308
1
1
2
50374
3
27
31
2
2
1
79
2659
11646
68
535
539
1
3411
719
42
12
2
7
5214
4
10
4
905
122
6
3845
1
1
205
10
28176
83
16053
630
10363
2
361
15
86
1
1
55
1703
19
5
32
115
1
25
54
1
263
21384
354
11234
3
21
10
3552
56
5
1
35485
2
117
2
695
6
17
2
7
13
36
1
417
710
51
823
624
84
1
1
1
1854
246
1371
2
15714
90243
1
23
2544
626
37888
10
9
62
1071
4
1
11
2
9712
86504
26
9
2
13
26
49
167
113
39320
47641
5
16
23
265
5
1085
122754
3
56
2
460
10
94
4
5
14
1
40
2
123
15
9601
15
87
66
101
2
5367
1
10
528440
54
1380
6
3
179
8461
1
1
385
55066
10
579
1
6
3
185582
294
5786
23
9
94
114052
33297
7
626
275
260
56
169874
44
551
123
236
9
33
12660
3683
909
261
20
21247
192
98
290
1
1
1021
10
87084
13
2832
4362
5
5416
223
3
2
2
6398
851
141
9015
39
5
1467
9
14
15
13
11
3
7
1
1
70668
3
1
1405
6
2
4
6
3
9
11839
64
5
18680
10
5826
41191
7
41431
514
1
319
94
114
3
25
437
14
10579
11
1
1
89
12083
446
10226
1
1
117
1346
34069
1
112
17035
91
30
166
1
50
2
206
89478
53138
17
3098
4
3
2506
39
56762
2023
489
5
4
53
1604
2
23
80
5
97
1
44
7771
163
13
141
304
27
262
104
3
1
8
1
166
39517
637
44
65
4748
1225
15949
9
8
621
1535
127
9
34
212
498
2
32
3
10
2
26
2486
23
3
6
1
891
2036
28812
9
15
10
2267
350
3533
943
13457
853
11
2
1060
912
1
108
71934
32
106
333246
2
23
1
2488
30821
8
2866
61
1
1
27360
1319
7
282
212
70
1
2
2579
13
46
1349
3194
44
20
404
2
21
1
900
23
3
5
320525
79018
30221
1
2680
22
1
1840
43
34
3
11567
1
1292
383
117
64
96
30703
153
1
1
8659
17922
3
88
108
1
2
3
33
9
675
9767
1
5
369
2
1253
5601
2674
1
73335
20
3010
74
206
92
1
41
5316
122083
196
276
11
2658
45227
1
15
2
27
23254
3
5359
2954
1
53581
52
18320
724
214
2
4264
2
23
375
8
12296
4894
121
3765
24027
1
86890
2
449
23
1217
1
1
7764
3
222
2
12
1
10
1
912
7
1
4
148
15
131
304
27
1
19427
3517
50
279
9
5919
12605
1
2
18
71126
1
1241
2708
25308
10
20
89
11
1
13726
1523
1
1593
388
9
2
62613
1
155
1143
4
18
3
8
529
83
1
4
61
14
135
1
113
2
3073
3769
5
3281
30
9
1
185
10
142
1
995
117
52568
15728
399
4
17
56549
224
82
4540
717
2378
3
1232
348
32
43
34673
3
5
2
11
26969
77996
1
4
2
1
22
9
45655
7
1219
14
1
89
979
56
5
675
89
23
269
6
745
1
3
370
1
86
164
22340
20
10
2
22
7039
2
8038
33786
1
315
29
612
1673
23244
6
1
141
853
51
514
7
2825
3
64794
556
60
3
188333
37198
4
151
1
1
8
54
662
2
771
3
5213
1
61
82
381
77231
8538
14122
25
5130
9
256
118
39
1
7
17051
2534
1
26607
3
9
7
1
372
8
98
24
21
7031
910
28
163
14
5
296
5339
280
7381
12347
6941
20
49942
6
3
196
131
138
10595
55
39024
14
49621
2369
2028
4
4
2088
1315
7324
501
4505
300
6
57
46
314
903
134
1
2
8005
182
143
1
14
10
42716
29
3
11
2
13155
14345
21
877
1319
1568
13
3882
92
23455
1
2
34
122
1
1
203
1413
9
35
5
15
1
19
48
1308
14
39
1843
275
44272
1
46
70
593
3
69915
354718
1
198
77
2078
6161
1223
1472
795
1
304
888
58775
24121
6
2
1
133
1
6
3
18
14018
2933
140
641
4
41
1
785
9
2456
5
72
14
308
256
398
65
18581
52828
2011
12218
1
2302
4
1332
50
3
122
12
306
32
416
1
13
69912
1
428
4
1
2228
572
402
31
30621
23652
3
12
2
3
4
13058
18762
27
18
51
25605
163
5
49961
1109
55880
1
1
9926
17
1
95
55
20631
15
13832
2789
1
63918
4
809
14
3517
5481
1
1
1800
217
1
1
1
63
6024
21745
24247
1
888
1
158
10183
89
26140
1
102761
9
10
414
156
15316
2675
10
22
10
245
3
3
1
81570
7564
4
7060
9845
49
43
55
4
5
10
218
452
3451
1
8
70
5
43
278
108
6
1
85
5
14
705
1
13
56
89
1
874
32542
34
6167
2
1
1
7311
11
20
144
201
2002
1
2032
122
428
80
929
5002
84
336564
21
200
75071
5517
125
51240
751
2
43
154
26
15
31
8179
788
7
1
3
14
3
310
4
2
84688
9
8
171
10
1
17
24114
29
1220
1
14
1
556
2
7
315
2
14
2491
2325
6022
1663
89
1
6
33921
1045
4
1
119
1
247
59
1
2
539
1
6
9089
54
39827
49
995
67
1
1
1
299469
23708
4065
38464
6
15332
2
44
1678
4
16
153
2
1323
67
287
9
108201
5
9064
88
1
125
1
608
1041
33
1
13
1
9
13014
241
456
4110
2
428
2449
1
95
10635
94
4
15064
23
8
845
4
38
6
26
2
5
8
28
104
969
162
87
117
2706
9
3426
463
787
1
45379
921
8038
72
6691
7
2
1
9
184
123
1
153
507
1
1
10
3892
31
72
1
359
13
1257
142365
246
47790
1
298
52
53
2864
56
6631
28171
10401
1520
10662
5
7
31
1457
118500
14
1269
99292
3
5
691
3
168
123
13257
1036
5
22
23051
9
18
137
3
3
34
37018
2309
2
10
2
2
233
3
6
6
4
872
525644
52
113902
2
150
1451
3
187
62
95261
4
839
887
296
1
867
168
20218
222
1
91
1304
2364
2
69
1158
33
606
1
1009
18
11
320
20938
6
124
2
58690
494
2
781
2
2848
22
35290
398
196
17
1
5102
128488
142
3
46
5
2