177598703
166
6733
42871
178
31
146
37
1
878
10
7032
5
1194
57
184
2
8
15
6
25563
14620
16
4247
4
5066
5
18
56403
58
2
1937
52
1
2
1
26105
1
466
26283
146
3
616
1859
243334
9
22780
20812
3
8276
165
1
516
3
513
15
2
4
3
287
1568
2
80
21
54
9397
7337
43
2648
7
38
21284
5
884
15
10
2
1
8
1
9
1
1
316
2925
425
2
3
8315
3674
19
141
346
7346
30652
2242
100
5
5
10
95
706
15
14
27544
94
10
309
22
3599
243
57
158
1
6
150
563
75
27
1
16
144
47154
3023
16061
6
69
33
1
274
36
178243
12
10202
10
8
4813
1180
29056
2
2
5
106
6
10
19
982
46
1
1
203
24
4
3
15
17
2
13954
1
22
83
1539
708
1
2
7
1
589
6
21
8
10730
343
59
4770
2
4
138
1
565
3
76
1
706
91
85
330
2408
9
4
2794
4
2073
7186
40
26
106965
67
1
1
2
1
1
4
1
15
2267
13
4172
52784
4
15974
27
779
1680
1843
27
19
314
10
1
1
2
31
13
133
24
4
13
13
14
24290
7
4
690
1
50
1
1
1
30
3
15
1507
6
1
330
2
4
1
7
1
145107
58
2
6278
1216
14674
57586
66
346
12
2
106
1574
4
2358
1233
9567
2059
1
3
1
9998
1944
6548
3
2
2
2
8
1555
46
9
2258
37
9
2
2
10722
5
874
42
27
131717
1
4
183
4917
895
88988
1
59778
1
41
2
110
6
5
1
130
1
7
29
2
4
4084
1
2
1
268
6
6
402
99
3481
1279
3353
298
307
2
6
162705
560
8
2257
2289
7
11
136
1
769
2
74
1192
7
24
10
101
4
85089
1
2
60
73
123
219
629
2
612
156
3
220212
7
338
7
3512
446
2065
1
22
21
247
34
547
653
1
219
85
17
1
27
38
75116
70
258
1
54
89
12786
8
105
1608
32
22
2
2
1818
1
203
31
313
15
90
324
112
5
265
100
365
1048
8
67
14
1
17432
49
2
131
1
89
26
7893
1
552
19
39562
563
600
68
31
3
1889
1078
48
62
98062
7
22048
15
6
12498
7
1821
57
59203
149
1
3
6
3325
28
9
86
3
22745
9
1264
236
7
1
113
724
1866
11269
1
4
61469
2
26814
16
26
3103
52331
95
1791
12
5743
3
48360
2
2
6
299
3325
240
149
318
8307
976
83650
3503
3
1
3
365
36
98338
1
4409
116788
148414
270
11483
2
1
16
34
9
1046
5162
9403
1
306
1
14
2
150
11
1358
2157
4
2
17073
7
39
30
8756
220
5375
4
23
14
4
4
4
29819
8658
8102
33748
43
3441
80
82
69
642
1462
4
5
71
97
8
52
287
23
65
1
55
871
1
146
62
7
2
5497
20030
461
92
7
2
5927
3407
6
4
6224
11
6
2
20334
58
3
13305
5
6
9
2419
14914
159
13
1255
6
1773
7
6
558
2
13
1
13
212
139
3
1
74
8
18
26763
7
1
3
15
13
33
104
1249
1
2028
3759
276
1
108
4
160
64
506
84093
19
52
1
21
150
2
1100
2
9
54
287
19
1
1
1
168
464
29
73
604
41
1
2
9
1344
25
9
12
3
1
11
38
21681
3216
68243
10
7
57
2950
3578
1
10717
535
36
546
34
174
1
39
10064
309
400
299
1
241
6141
14
4
5
433
16
1
32370
659
41
15
6343
1
2
11689
12737
1328
1
17
171
101
66
17712
21750
6
2490
4
78
17448
312
2
1
4
1
4
6
132
105
7
249
54
2
2
114
6070
2
90
3
1
17
43435
172
13
1
1082
11
3767
3
7578
18266
37
8
9805
72768
254
9600
1
34372
1
3
20
16586
1
7
1473
8
270
4
38
26837
3
81
16
1
7006
3624
2
62
5
1
29
1
54366
467
1
4
68
2871
39
1
3
3
3
4
1
284
6
1101
942
45593
2
293531
4
63
6
10
48
6
2
1
11
27175
202
1
4
793
2
432
9
3
648
468
14
157
144
4
3
1426
1
702
15
555
322
368
97
5016
1
635
150
113
38724
797
1219
1
84
11
2
41703
1
3
18
9642
72057
181
53294
28829
3886
1
1
7
1869
3773
13
19
9
6
9174
3069
11999
2
4
9961
25
7
234
122
8
7
4
1939
8
141
650
643
28
394
6649
7
86
17
20
2
7
414
58
51531
1519
365
37
2
13
166
66
14
495
1
6
208
137
20
21
15
1
59
5
5
41
1
1
15898
7290
3
490
13
2269
1
4
1736
394
2
285
6793
19513
6
468
472
17
7
536
2157
4
1
1
452
197
134
51
14
3
13
59
6400
1
50
8364
952
1
40
344
1243
137
2
1886
13477
3
2
2
84
104
72481
34
505
650
1
138
1828
1
22
1571
1
2
179
7
22272
84
270
20
3461
3
1
100
9461
50413
2
19944
3
52
1
36
97743
649
711
1290
42
95489
204701
33
2
731
377
63
56
18120
14684
14
254
2
2
6
82
2
52
7
46
126688
20
366
558
1
190
896
95
23
222
2447
30
15
1297
14
4017
12
5
6
4499
10
33
845
9
2
1009
37
2352
1
160855
1
187
3
10
3804
3
4
13
31207
32167
43
18
2
6413
1579
6
42781
30439
7
235
1
245693
11367
9440
1
16
177
2
1
1055
10251
103
1
72
60
198
4
182
5400
210
1
1
9833
2
5093
806
4
16
40
29
644
378
175
1
9023
7352
923
2
4008
707
13
11
2
7
120
20845
20
2
1
228
1244
16
1
11
1
207
10188
12103
2045
1
167
91
4
2
339
5
575
2
1
1
4
2719
4
1
4
1341
27594
2
87
12
12
574
299
59016
14
3
687
4
1423
1
964
4503
1
41
21
2186
736
1
75
12
638
169
1
7
310
27
3
3818
43
2
8
229
4
23133
22
39
1
34
967
312
2
21
3
5559
1
5895
1
45
41
4338
287
118
111
5
138
9
91
99
527
88
401
8064
194
289
15
34
1
549791
7897
1
105
127
2
46
2015
3
8706
92398
7
1
946
1
7178
30
11175
71777
2
29891
1869
469
1
47
33
5
1
32
6
450
10826
27
22
2
2
2470
15862
16
6
17
935
2894
10
3
247
16886
1
8
283
40
7026
2
34
25
41
2
24
1
2151
587
25
129
28
5
1
2618
83
408
20
7
456
2
41
21158
14264
4070
9430
6
5
655
51
5827
50600
85
14893
2
35113
43080
13100
14
33
4
7325
2
1
19
22876
2377
214
34
6
148
7
6151
33
3
4
38
43
3
2
10796
1
361
1001
27
185
16
4
3343
1
45
209
30
75006
4
225
2226
54
1
5
7
8
22
237
2
2922
1823
21
1
444
1
12
34
217
22
1961
4
403
1333
1
11
10
115318
8
2
103
4
24
33864
83
1
1877
270
1
1935
78
2
91
19586
879
28997
7
5
999
1
6
4006
5
20
402
11
229
13164
21
2864
2
2
6527
266
25732
3056
6411
4
11
4
352
5
6
9646
3
78
392
5514
1869
1
3769
3437
16
1
95318
2
33
11769
17460
7859
1716
72889
1
1
14
2619
6
2
10
1
1
2405
14892
76502
8108
7
26
1
1557
3119
13819
208
171
616
1607
2950
41
248
10
33177
395
62
223
1160
2
435
55
1060
476
9404
769
342
2594
100
130
74
3
52
66483
77
18784
400
2
1
3
30973
1816
141
15558
5526
24
241
2
29
35
17
67809
273
3
10443
405
1
23
29
3210
4
2
288
180
101443
33
11926
25875
9
57
1031
801
7
397
69631
1
6
3
1
1282
147
460
124
1
9
644
10
6
2
969
3
2
1541
10
140
11
140
8
30
402
1293
589
7
158
4591
36
1
17440
4880
1531
60
2771
15
182
51710
16450
41
27546
1
1
10
1401
3605
46
569
581
11
7223
2
3
60
23
28621
3
58
220
5
12230
2
810
3
9399
43
78
3
1
37444
400
68
122552
1
1671
21
2
1
2
1
3
40251
93
12778
12
3
2711
10
2
761
4975
7
3842
809
1
7
76
1
4
240
7253
1
2143
1
4157
17
2
1684
1238
1
11
349
1
6831
4674
10985
1
28
120
50
6300
64
77564
2
12952
42
78
6
13
9
289
46
13
58
672
11701
4
24945
1
201
90
50006
4
11
4
207
23
2
4
8031
12350
43
12
307
3239
2233
1
16
9558
1
10154
1
819
125
33062
6
1
186
9
35
38
37
1
198
23
4
3
1
35925
24
740
16
2
5
1
249
4
3
66
2402
3
1
2
7426
18
3
1415
1
224
3043
1
2733
4
1
5
36
90
2
6709
8
2835
23703
5
10
14085
1
14
1
2
1492
57
10
524
213
112
6
10840
196
8
22
53
20
13
16
159
8
1149
564
5797
2
60567
207
8
17
137
21
709
5761
127
706
680
50
10
9
12
31917
188
53
3
13
29
1
9947
6349
144
1
2797
41
53
5
1
5
1
282
5
1
1
30081
4481
22
29
7
2578
40
30
81
17
219983
3629
12
9
90
39
1
1936
11
74034
29
4
12408
17
4
1624
3312
18
2
696
2
192
483
1
15
415
14011
981
5
23462
54623
3
8129
13
1
14
56
395
50
18650
1
855
619
238
1207
57
4182
1
455
579
139
28
9
55
7796
76
7017
4
793
47
16
3649
428
46
12
18
376
6
84
1716
5
15526
2568
56
242
1
789
14
15641
23
9
3545
73968
672
200241
56294
35450
67
157
11932
1
4
7
1133
37231
2064
33
3
43902
7
6
130
23
3162
5947
14
34
111373
25
16
7674
347
7902
105927
38195
24
995
49577
353
2
36
3778
2
114
14
29
303
4
2
648
90919
58
41
111
161
689
5608
2
20
5
4729
521
1
20
790
240
146
80
1
17
21685
1
1
8
4
2
2316
1408
20
15
500
19985
44
22
16230
922
580
2
1230
60
5
22
423
12
69521
15
17
502
55083
811
241
462
267
155
335
32
1
48
63
3
3
14
36
27
2
1235
25
3
7
8
2
6
3
1
308
12
27860
419
47470
2
108
10
2
4
1
1080
5
1
4189
9
5
1
2
1
138
2
602
4
1
3437
9
174
417
8
26
149
371
4
7
2
1
147
217
2
28
32
7
41
4
5301
3
4
1
11123
3
10584
6309
14
2004
2
6
1
14
23209
1
25156
25
132
204
788
623
2
1
45
114
66
2
33
133
138
99
12
433575
76
27438
29
3
340
21432
5
604
12
16732
3
395
2
1466
1763
2
4
353
2178
10
21
6451
1
15607
2
1
21662
4
20098
41
1603
78101
20
2849
13296
1143
19
653
98530
18
163
314
153
2
58
144332
1014
1
2
1
11658
16
1
42635
1
1055
375
2274
376
1727
1
1257
149
4
1
36
13551
1507
9
1
4
18
141317
3072
508
1
2857
2
2
4
2004
1
117
1679
7
113
8
302
18524
4
1
4
18
1
1
3
1
5
455
2
14
2
65
1
32
97013
35
4
70354
159
30939
1
10
13859
29
8
173
4
1
48360
73
11
8
28
16
46
1096
101
55
1216
64
1
2
2
6
1
22
3
5
45031
1014
12050
12739
6
3
2
4120
23130
22532
30744
1
1360
30
25
1
6
1
169840
1384
25043
76
15
439
7
112
445
9
52
84
18
23
313670
1326
1845
1170
219
1
1
5
2
14
17601
2735
6453
23
770
14
2
13
3646
13
297
39120
13
18
67627
111
149
87
1
5
19
1728
13
10698
23
395
576
52460
1
11982
1
774
110
102
2
1
150601
199
2
3
47540
48
1
176
199
7
20
1
10
10448
3496
2301
527
87
29592
157
8
42
6
95
5
96870
27
4
4
33
15
3
1
13
120
575
63
1583
35
95726
41
1
2252
31
95
1595
261
4
2064
54189
8931
55
1
1
5
4
918
1
1784
819
585
1225
14828
2
8
22
1
13
208
1981
659
14
3
6685
724
1
103
11751
1764
121
1
1012
22
16
916
9167
10926
5577
94
146
15
12
13
3
33
1958
17
47
7124
1935
113
6
67
2382
10805
3167
12
183
177
12
7368
1846
5619
13224
56
2
13012
887
36
3
5515
4
25667
27313
4
7755
1
27
56
97
3159
11626
5
17072
808
502
19
17
242
26750
39
1
327
53
9
8
546
67
212
647
2027
33
660
1
9783
2
1
1463
5
1
39808
72
2
1385
1532
4180
1
1
48585
11
6
4
39
67
1
189311
11651
474
8054
21
3233
4
10091
2
1
40273
1
260
2
211
31
1
7
2
8
6474
1075
1
317
3
903
5549
10
2
86
3018
37
211
73
2
235
57722
116
295
17
387
1
2
3
880
2591
1548
27154
152
5810
1
42
54
55905
3582
115466
1
39
39
2
6
752
10
7439
56
28012
10577
6
39110
3
2
12
126
1
19136
21593
7
13
5526
1459
16875
1367
1
1
203
374
30350
41
2
2619
5
4101
3809
161
2
3681
1
45
3924
54096
9299
18
7740
2
114
3
1
2
67306
15227
2
17959
11
1328
2
4
2303
1
216
17
6
1122
6981
9743
178
8
982
4
53950
6
20
5
31
163
22647
63
18004
239
48389
2190
4
20399
18
282
2
94
16
12018
453
1
5
1
1031
7
30
59740
115
49547
987
2
546
1616
26
148
18
92
1175
96227
55
761
188
2
29
2
1
1975
8
158
10
64
14
37836
2
7
19
1
19337
3
1980
444
6
23
6473
2
6
7633
436
12938
291
77
2
8513
89
11
53
1248
1
54
49
641
50587
1776
18
370
45
1
1
2
1
114
483
9
609
271
5
2
397
4
116
12
354
4
76
8998
36599
3997
10
185
24
4
17
340
4
1081
34
1291
6
6
33
9969
16
3
8
4
289
1956
43307
6
18
27
1
3
33
6131
8444
143
102
2
41
142
6115
8
94
353
11
1
3
57336
18
1726
197
23653
32095
296013
30
2
3
64
453
2
37
3322
118
849
7
24
1036
1
405
10048
145
1642
1
1
1
6
91
46400
7
1827
28
16
26
2
14
150
51
1
1232
2
2
1
6081
6
75918
7868
1269
12
5876
45
228
2
34
88
665
113794
1
30
2
14976
1
97
5820
2
379
70
690
615
2
20
141134
4
1543
1
814
1
298
275
7983
20737
3
3964
159
5
1904
499
3
1
7
18102
2
40765
99
2
1
3885
6997
20
1
29
1
7
42
2
31
3
426
125
1
4
31
44614
142
1
48
473
9282
58
2
9
1
17782
4
3052
363
21826
2899
25
50
311
6
2306
16452
18
91
2464
8106
93
13
7624
18199
5
69195
132
1000
521
4
13
7
120
274
1
642
665
2
8195
47
4686
375
1077
892
15258
136
2
2996
1
50
62589
3
8610
6
110
57
4
8
236
3
63
6
4
1
2
3
3
1
6
2
1296
13
344
2
5
1
22226
1415
1
3
100
48534
85224
51465
15
14543
40
1699
235
4208
32374
11
163
18
1
47
2
610
137
1
12824
790
1007
1
8
1
13
534
12
8879
72
2
509
78
4
7
19628
1
506
23701
133
59
1
71847
27
14744
78
1
4
4
621
1
52757
2
4
4
4
4
514
3645
4
8
1560
5183
186
6088
2
78
7
3737
20839
3186
25
244
2939
445
79
442
1158
120
54985
518
7
5122
2
20
9
2
53344
37
2257
10
1025
1565
54
1
51
7
41
101
5503
861
9
9968
4
60259
1
394
6
1
18122
5
15
4
7
557
2
97
64112
2
762
14
7
821
8
1
1
8
1
30027
1
10
6835
195
1
93
5
5
935
25
1
1
3
117
34
41
39
1
1202
4501
861
1
524
5517
16
26
5529
23
1731
22897
1
10
333
189
1
21399
6464
22
12
980
6
56
15
7604
25
26927
80
137
1
73
30
10031
232
174
5
3
1
1329
1191
312
235
10
9372
40
1048
52
2329
59
2
1903
4
1
26
84
402
255
2980
39
21895
277
1
1273
4
31
6622
137
4
4
76406
1061
107
321
11813
86
3578
44
2
2
2017
162
49
14
13565
8
1395
19
51
2
76
103
3
513
29
53
27
2
31059
11
73
54
3
1
48
14
15
89233
21
196897
23
25
10770
3
3
3
44
102
21644
108
4
379
1
2
660541
354
3
219
161
55
14
113864
39
84
8
114
1
1
3675
5
178598
1
5
18
4
6
1143
6759
24
1
32
7
3
124722
27
164
15131
1
54
192
102
13127
35
236
3
17
4
122
5
1
1264
51
3
3924
2
14
11
153469
15
7010
23
49
32
97
192
1
47806
65
29
189
4
12
4104
2
310
1
23
1272
11
191
10
19
222
52
833
244
13
10
1
17564
200
34
23
17477
5
1
26
19
23
6
30
22
11
82
389
16
1042
5
1
29273
41445
1811
7826
90
28326
195
1715
13
10473
181
254
10047
115
4
2
1
17034
1
2
1
2
12406
164
2034
69
1
383
4
9
640
551
695
8265
7
2
13
4
9
124
8844
35
2
26657
6
66
6709
115
5
53
3
86
146
814
18192
3864
3
14
2807
6
140
7945
27
45
1
49
7
526
19
1
1571
51
2
10
2617
1616
632
2
16571
51
21
16984
1170
7
3779
3
1524
2253
127
53927
5
9554
2
2909
14
2
4
19930
17830
5385
782
8
1
3
20
8
2
82179
2
71
1
2
9
1127
65
175
585
2
10
252
5
16
2
2
1
17
4654
16
6
512
1108
3715
1
46486
84018
1568
2925
9810
1
14
304
107
2
6
75
47456
5
60
93645
1
1
426
9
4
12
2
10
1
374
5
4
5
11
5
3
6
6
2227
6
26442
516
30134
39
19
193
98
104
1
31
14
8
64676
6
1
11
3
1
12
45
3
58
889
10
61
52
2
1
3688
16
648
7336
7
3214
6355
1614
307
416
11201
6
4150
22
16997
44
26
5
9
1292
1
7
12
82536
5
27
2429
3959
1
8
1889
244
10224
60146
58463
82367
868
126
17
121
15
715
24851
218
7
84
311
3
6
2
47
1
83
429
357
25580
1
559
134
83
56
1033
2
10
1
20
2
972
424
6
4833
10150
247
5452
36
15830
6
21
864
1057
1
12
419
34
43
3
44
65
10
289
689
18030
2
1
2
3
29
30
14838
2
1226
37
143
94
210
21
9309
2410
20459
2
2
42876
16
6
221
1006
1595
17
73023
1474
36
8
769
4
65392
1
31
153
4
11
15
1
4
3667
12
22953
7
4115
1
2
22
248
15
61
45
60
2
9008
1
1
148
215
365
75
46
6308
2
3685
4
31979
9
251
272
205
72
70
422
95
18080
690
98884
2
1
780
6134
14
4
15
24
1110
114
7026
9
16
3026
111
56
217
4641
347
14984
9
47
407
742
106
2311
1
1
5
56
8
70
3
828
7
663
1327
4
33
1
5
1
40
1
1
7
99546
249125
23488
4
383
3
873
3046
15
7127
1571
1
194
7577
108
8
139
67
93
1
58
2664
830
12754
17
2
8670
11
23
141
145
46054
1
74
331
5856
86
6
1601
20091
313
259
18541
16
21326
16
89805
485
38
71
9
9
99
22
441
3
3
194
686
188
143
3
1
4
3
72
231
137
405
1585
6677
40
8
680
278
447
1
87
20
37
3
4831
3158
4
226
1
79
10
1
536
56
53
6001
1178
8648
87
10
3963
21
7813
1375
37067
16471
1505
247705
1207
2
31
674
822
806
30
101
9
27
1
516
23
4615
114
1
716
1
273
1
339
3
14
3
27
19
121
48
1566
4
1
3345
2114
408
2
421
3
10
3
19238
130
1
4
16
2
429
12450
3
4
35
2800
20207
1
3
1
2
145
104
6265
52
185
22
44
984
2
16
45
53454
9
14
17
5
1
4
11
6465
22716
128081
8
844
43091
102
67
9
1
1094
5649
8
1
44
16800
18
18
5
4
23
489
17
80
5112
260
1
1
45624
104
63
11614
3596
33357
12
5
1025
135
2
6185
2249
28
141
19782
127
3
111
2
28
19
2
1
1
79
64
8
545
21
3
8
17
12
1
15
293
12
1092
1
10
18409
132
10164
3132
37412
17
53
541
322
8491
92
15907
4
25
33406
8
24
20548
17624
1441
1
5
37539
30
13
17
238
21
2
2535
11972
1
53
2
3
21
1734
21
5
5
6
21
1
26
11879
44
391
22675
8
8
1
2
908
36781
38
8
6905
62604
1683
97
6416
1
10946
9499
83
550
7
140
16888
31
4
40357
295
100019
1530
4
5
84
1
266
27
3
170
764
317
13
6
20
23
15
11752
2
6
5
1
14
7
65
2
5
66
2
1
424885
8
58
25
126
463
7
18
11
77
25
2
2
105
239
35744
43169
2
18
4
18
1
2
43
7
596
581
10769
96
4
54728
125
2857
20
19
27
123
810
1744
3
6
329
1
9
461
3062
11
12
2
4237
1
91579
2
2
54
154
78
179
7
8
13
1
52340
186
34726
27
8
2626
3
19
3028
2
52
8
4
19
97
5
1089
2
758
406
54329
279
13934
244
23
10553
1341
3
3585
10664
71594
3
17088
3
2
54
1
14
24
5
1
9
9042
2
5445
1
1
25
120
1
170
243
383
417
6
93725
3
15
14
857
18111
126
475
96100
7
13
2
4
17
1349
1
206
8
74
22255
34
2
2
5
3
2
53
1707
419
1
20
3
35
6
1392
1
114
8
729
10
28
1
8
1763
1
56
1
9
4
31
33
5
34
1
2604
3
155
2
13160
6
1
18
30
9
3
4
26404
1
49
1
783
11325
45
8
758
1551
68
21
615
330
1
2
26
236
19525
25
2
1
1
1503
21
36
1
2
3239
53
241
105
205
13
153
5
4
185
1
14
1426
2482
1
19
149
5
30550
165
4
316
44
27
1577
7936
2056
8
622
149
13
26931
36217
4
3744
329
10
48
1
1
2
35645
11
9
6
1
10
143
5718
69
1
165
13
9
15
1498
904
48
70
1
4
1
7
2
17
3
1
1478
26900
3
48036
38
21
6
9
2
203
6767
36
294
2
4454
68
2
197
137
9710
6
15
144
51
9
251
6115
21355
22
504
118
360
28
1
3
6561
8
2732
8
1581
15557
4
1
2
2
40
667
146
190
15117
7441
53658
16980
3991
2
635
2
54623
9
16
25
2
27
27032
386
20
1
35
12
5
15
2
1614
34
18
164
33
6
10132
1646
15
20
354807
1
3
1
54
1
1
131
391
2
1983
23793
1068
63748
183
10
269
8
4
2
2
2736
115
68
3
49032
9
70
12
596
6
111
27
182
344918
23
1
1
80303
208
221
1102
44
194
7
1
553
2
2
1340
2
68
770
10669
26
199
411
10069
165277
138
106216
16734
3
99
2
5
1632
2
1137
13
1
97
2856
238
61002
3
86
3
1
41
1
10
142212
883
24
3123
1
5
225
22
4
13
44206
1
2325
5
40
132
1694
23937
46
110
31635
39
148
83
7
11
874
91
2
18
2141
11
111
628
2
2
78
609
19
29
31
275
22974
2
9
1
1
25
40
3092
327
924
21
49
11360
2
258
3932
14
24
4
16419
1
22
30360
314
2525
7554
5
1
1
7
66
1
1
10
9
683
2
314
44
20
2
1759
7524
97255
20
312
211760
1
11
64
31
24
98
11
22
3372
1
2
46668
2
7324
1064
3
4
102487
707
40170
2
916
5
7959
133
2
105
40455
2
11
173
4
70
3
122
25
1320
1760
2
23
21
1
956
14
3951
20704
9
1
1
2
17
44793
221
68
8
4417
953
151
205
374
7052
40231
36
326
3
1154
1
1
128
13
5361
1
7
673
778
67
17311
2
75
70
2283
477
445
2
360
26
2691
1
43467
1
2
21
2295
1
108
41
1
4
18
8
730
6611
1
72
4866
228
208
55
71
32454
1056
21
243
23
1
1
4
6947
20397
1
46494
8
11596
2127
59
1767
4621
23
992
409
12
132
50
259
2035
50389
723
728
1
20376
8
1
754
16774
21
1
1
7794
38
2
32
780
203
2613
281
7
4
5
14
12143
274
94
752
3
14
1
35
2423
38
71
264
3
17593
1
2253
843
6
1001
13
1
3
2
261
29845
54881
20
93217
127
1152
8
4641
17
15
15
1683
76
57
238
29010
91
109
1
17
3
51
24196
9952
1
1
2035
216
24072
10
156
3
111
61383
77
1
358
102
1986
14
49
22
41
657
11612
4
65
3122
2
3
12
2
19
15
5
5
4
1
1
9
1751
339
885
7344
31907
15
42736
17453
397
5558
5
6
1
2
5
847
370
14915
3523
3
22
3
48
2355
7
1
46815
30277
18096
632
964
1
18158
10797
19085
3
372
190
136
4
15305
17
1328
7
66
5
249
3
1
8
717
1
3
1
27
5769
1
11
4
88
6
306
6736
75877
1
2
13
17718
2
63
4522
3062
5679
9
842
3
23
2
399
7
4408
257
49
126
8743
893
4
2
368
188
4
7
15966
505
10
34
1
1
9
584
297
3
16
4
1
161
15
1655
4
80
1
24
2
11
72546
17
30
1
7
2663
5
2
6
5816
1
439
601
5
793
908
2997
13
101
2
1733
832
3936
11384
1
3
11
57
11
17
1
15930
1079
9
1
217
75
1
13565
11
5
19377
4
3
1
1
421
226439
3
25277
205
2959
871
35
136
298
776
14
1
69
1
1
13
3
856
7003
6001
50
3224
2121
2238
29866
122
7
2
7
265
37546
1207
441
1
34
3
123264
444
8003
23
18
3
18811
9782
9
21
17054
133
3
19791
1451
16
6424
266
3
1
1105
2
55
1
627
7
1
6
288
170
22
2
1
4
7
17
7056
1
192
7
1
128
1
144
109
3
3252
2
278
69
9264
19
801
29
2
2
2
1126
16
10
18
165
110
6581
35
43
22154
4780
7
5314
1
120
2435
21585
1
5174
50
1
7403
11
2
7933
1
17
2
12
37
26258
10
3310
5
894
31
1
21172
17468
2
113
675
2
1
591
42
6
95
160820
64
1
670
27098
1
360
1668
41
2
71
1
7
14906
110
886
49
22
10596
10
5
4
87
905
93
1
1
1
71
2
6
1
5
61
1687
8
3
34
45
424
25
43
1
12
1
4714
77
1
926
3
47
124
1
66
58901
5127
6
4053
1
9
21
32
220
111
23
1
16067
29500
18
1617
3
1669
1
1
6966
23848
760
2640
30
4
8
108
8
43
223
10
6
368
15821
46
147
1330
40
1810
16
7
178
571
10335
68
1353
2543
4155
23
14582
1
28
70
303
30302
479
141521
1
53
16
6
48
34
1
16
1
239
1
6
16735
5593
1
32
54796
1
997
68
27
2
15686
1
51390
1
390
63599
49411
3900
1
414
47
1416
8
20
2488
1
264
7
12
5743
112
1
29
2
2
2
27
96
43968
5
44
6
1
26
148642
35
41
128
140
3
1
21
5
803
25
7
33
1
2
13
17
2974
3
5
62
23012
36
105
2
347
27
7
5451
389
5
2588
3
310
813
3504
2738
4558
202343
85239
6064
17
2
10
2
2
1
1
20692
5
33
3613
1
40
32
1
906
1
285
12089
394
30
31284
506
6
65
1
5
1
20839
12639
159
1
10
45748
186
78
1
19
9
127246
3842
356
3424
1400
11579
3
4616
1
1
7899
79
2
4
90
1
25
1
18823
24353
195
2514
193
644
21619
1
1
2
5
26559
6119
3
1
6
2002
18
18
3430
2140
12
87
1
60850
16713
18285
2011
751
1
8
254
17
20758
1
37
60
2
1879
11472
54608
1
29
13
6689
958
2064
77
40
3
2
1
15
10
11167
51
422
6
5
614
3
1163
1460
14
18
40
73
9
634
1718
16
98
9917
2849
911
298
3
81
213
2657
1
18737
5
259
54
2836
2
12351
30739
44
50
40378
1
7427
342
12
11
54943
325
708
883
3
4
3
76
179
3
317
3
3
4
4844
25
84
14096
96
8
533
1
30
110
22
115
2
4
18
5105
87
96206
3445
16
17919
13
2
2
4
2
4
2135
4
33
1
297
67
12
1179
37681
15
1365
13
9
1
32769
2
789
36953
70
118
2
6658
327
103
12093
15
11
5
4
11
5
24
35763
57156
16153
141
4
20
4555
5671
7
1
265
302042
1
1
27
75
12201
1
1879
3
9
133
169925
23
1617
572
35
28
9
11639
7
56
571
130
3
75949
289
93
1
78
1
1
3307
2
83535
3322
4829
3
765
1
3
41
122
3624
1
344
28
1
576
1
14
1124
89
510
2
23989
528
5
1905
980
9760
77
9458
10222
15
2
2226
1
6
23650
1
135494
4116
216
61
1
92
25
5
3759
2
423
7
127
1
189
1
421
755
13
3176
18906
2
184
1528
2
2
10
8
1
34
115
5823
18843
516
147
1
1
82
182
502
1614
1
857
8249
37
7467
3
16505
90
53
769
4
1
17
185276
36
328
59
274
50
2
4
4237
3800
24
1
11
9
189
442
2
1
81
5652
1
3
504
2820
15
49
3
7
4607
4865
26
35003
18
4
8
371
16
3
18
1
27884
16
3363
6
44619
2
251
1
6153
3125
77
263
3804
59
6305
255
2
11961
4
2
1212
204
39
1688
2645
5
38
1770
16
1
48019
2479
1
2373
1
263702
3962
86119
5
4
152
4
1
371
20
173
17
387
3
12
15
6
104
7994
14792
3986
1169
51
23429
8
44
2667
5
2
3029
12
1
749
84
1
5
8
6
79
1108
508
22
179
340
12
84624
39
63
6
1
1
1
1375
1
1
1
1
403
659
6
20
20927
1
87111
1
10
72
2
10
15401
561
897
27
59
3
87
1
8
11894
107
8358
643
16905
2694
179
112
62
65
8776
3
12396
2
1
376
1
1
3
32
15
11
37
5
1
1
5229
1411
4
5
29
1666
107
10475
609358
1
1
143
9
454
29
7
1629
17861
31
330
101
2
28
102
8
114
21260
30563
966
534
1
56
1356
32
9
28676
38
5
40
4
927
6930
175
363
4
157
7
1137
44
6
11
15967
2678
410
1284
34866
751
309663
110
1
214
39636
2
3
10
2084
1
1
122
1503
17
49046
1
1633
325
1
45
5103
3923
15
1889
3869
6
64
16
1
3
24
92
840
32323
1
1288
3
2
4
3658
12647
1910
1
5
3
218
2
138
68
15
1
64295
2
229
4973
4202
91
3666
2
5
200
8
46
105
1
6
1
1
269
412
13
7
42617
7
2
5667
1
255
36
25793
5
4
6
10
4
44
4348
15291
3
17
2173
590
8
76
1
46
6
1651
24
2
1549
2
5869
32
10616
2
6
281
5726
6
4578
1034
2
1
29
7
50
2141
27414
1135
445
4
3966
75
790
249
215
127
6
31
4
2
13
34227
44
2
17
9311
34
28
5
54
176
50
248
19
1
20
7252
9
1
12230
13164
1705
502
246
3
32
14
2
2
1
1712
58
44259
4
4437
20
199
127
181
48
1
306
23
66404
4
2
142
68608
75
334
20013
1788
7137
257
339
9
4
16
75
1
592
1131
157
11
1
3992
1508
14926
7325
1
10649
1
1380
2
10
12
1271
81
1
1
586
1
223
1
16651
8
3870
868
27
1
884
10
8128
4
1
1
127
7467
1
18
2
5774
2
4679
4
1
58722
670
1
5
829
10809
2
27
3007
26
1
1
2617
28
1
11057
1397
31292
30431
8
784
169
119
1062
15
1714
2967
26
9475
18
6
3118
967
5
788
41
33
10
30
80
2
11
151102
2
318
1
4
1
1659
35
10
29
7
555
6223
7
153
12
3
2
2
62313
407
1
1584
1646
1
1450
7654
172
1
5
22
1
1
1
17
3748
1
252
30
37
341
445
12741
3
49
84
4
1774
1042
514
8985
109545
851
1
448
72
64
29
5
39461
1
344
1853
20
102
7
18
39
755
6
1
52
88
5
209
28
20029
219
117850
19887
1
199
501
137
1796
228
1
1
10621
170
8919
148
3
13
78
47825
31481
20223
37417
456003
984
84
1
18
36
38
2
287
1
43
30
19208
983
1
16
88
14
1
18
21363
6
4
100
3
28985
25
9
460
13
23
1
27948
3
634
105
1513
1592
33
1
116
1037
20
2956
6006
21
16
644
440
5
18
399
12
36
7
238
23
1499
6989
1
2
5
9693
25496
140
2
1412
2
7530
3
13
2295
1
19
2
15102
1
48
1
20
3
342
754
4
27
3
3
3
202
1
1343
189
25
23
4
12
34
2
6
131
2
924
254
35
2350
5
1
296
2
11
28
48
15878
2
8
2269
5
59
790
7
56
3
9
26
272
22
1201
1
7
114
61
9120
665
1
2269
1
61
2
24
39
4
69
1521
1
3042
1
7
1701
167910
29
120350
1
16
11
1312
757
2
2
4
1624
10026
8036
1196
14418
3191
31167
1
96
184
11
17297
101
44418
3
19
208
2462
12
8
2
1
40168
23
17
1044
1
2
1
30
9301
4
3
184
1399
1
817
9
13
53
1220
16
1
1
165
28
1818
419
13
1110
6440
7
4
23
2
538
25
28
1
44
102
1
234
118
8496
145
2
139
5403
15
111619
46
5021
264
55222
4
238
2
926
290
31
4
55
1007
1134
5
4
112696
1
1
33
32
153
112
14
1
574
18
2
19
11
2
1
4
19323
226
167
10
1
1
72588
81
1
344
4464
26
67
1156
1
84
1
1
6088
150
36
1072
4012
2
1
41
41
70
46113
14
6415
2
118
2
851
6
39
15
5488
78
12611
2493
2420
24760
551
8
113
2
5787
30
3
9
59
53
540
16
3
2
1
103580
213637
104
1060
1
72
207
1
15
2
8563
33
163
73
47
4
4819
276
11
7533
28
829
9
19645
1862
6
2
4493
4
17972
196
299
272
1933
34
1
2
3
459
339
120
1635
8
83
14
1540
530
40
8
18
1
155
3214
4296
47
788
1
71
7
28
1
3
2662
8
43700
8612
4
665
702
5
45
3
1343
4
6717
25728
1
1392
513
36
1
1679
3
4
200
2
3
1274
191
57233
4
280
632
28898
164
1
3
53
1
14618
780
874
6
5111
171
21
70
1
1089
10
2
432
21289
6766
333
31606
1
10009
287220
30392
1
3
7
102
303
3
15
2
2653
80
5
199
782
14
25
1
55
2
1345
7725
1221
292
43
103705
1
39
8
4278
1735
7
1130
1000
7
41
338
5
7
590
54
6
4774
36755
62
14
169
2
51954
20
649
22
5120
31157
1
19166
122
19137
276
155
11
38
11
202
20
3073
11161
23
242
1765
95
7
12
210
5
45
19003
15295
1
59672
8
350
774
170
176
8
9
2
1332
12
511
12937
10
2
5554
16783
88832
1822
6
8
31
4
21009
14
3
15300
1
1
29
28
32
11971
6973
67142
3699
11
1
1
63
2
3
891
79
61
16172
52588
3
51
12
2
1338
17
3
176
1453
8
55
17419
4
15
5168
5
214
33
35
417
91
1
923
3
6001
23401
3
1
1124
47
477
95099
166
14
6252
163
18088
2
11765
2642
6742
2
1
4793
19
1
2546
30
12
1
4
98
3528
574
18
330
675
2
12
3
498
11
2
27
15173
39
38
16
365
353
22
2
1
32
890
16980
40
10
161
55408
8
4849
13
2
1
14
15695
1
36
4
2
2761
2
281
1
1
2
2835
65
1
37257
22
1
4
444
26
3120
1
253
18229
46002
920
69048
355
107
23
37
13
4096
19
1
223
61153
72
4910
8
2
22789
1
39
13392
693
8
7375
120
40
1
681
15925
7
2
3
2
51
6
9
1681
2
8379
19394
549
1
90
210400
2277
85
1
40056
7039
15
47
1
8218
93
4
216
5727
43
87
6920
70407
23
10
140
1
90
4
1
1
482
1155
132
735
8
90
8166
169
7
298
2
88
45
4
34
14859
116
371
20359
94
1
1
22
15556
45
15
193
64
2406
6819
101
12
1
11
12
87
277
1910
26882
1
1
2
8638
112
6966
56
39
2932
2
10
2
67
878
684
908
9891
60763
9289
3
11149
206
10
3
637
1836
472
3
2100
1
963
2410
5
58995
1
8474
19
2
519
4
3
3
409
1
4
179
31
3344
889
13046
533
31
89
1
1
1
1000
332
4
11
61
13001
1
1
1
83
1720
100
289
1
329
1
94
5064
3535
300
2594
4088
2
120
24776
6
6
1
3
3053
16011
2270
5
15586
1
612
1
100
143
66
1
26780
2
10195
29
53006
402
11587
17
179
1089
562
18
25771
27
3
15991
4
3247
225
49036
1109
19301
35
1
93
412
2
7
1092
1663
1
58
4
35190
3607
4746
87063
1
7
2
54
492
427
2047
6
694
269
11
31708
71
32
1
32995
52
43
24
785
25
3
3
6
103
18
10909
445
13
665
38
4
7
3
32
22
2580
6
165
382
2897
1
81512
89
1
2759
14
12616
47
31
6781
2
118
199
1
87
161
98
1
3528
33727
222
2
103
15
3
20
1475
1
7
132
1906
4
25
2
97099
29528
1
51044
50
2
778
1
19238
2
542
17551
15266
2069
2307
55527
2298
10
12
103
5364
1458
3404
1014
1
4912
9
9
50
1
185
46
110
1
1
411
3
4
2
2
90
1721
85
366054
1
4918
138
4
1981
2770
13
102
1
1532
27257
1
1
3233
976
7379
9328
1388
322
14323
958
2
3
168
51
20
1
537859
1274
582
3340
20
1
6
1
31
15
52
185
3132
7065
941
3
9
88
198
42
1399
165
4309
2
6164
1
3390
2
4136
1020
3510
160
60782
1
963
10
51
3559
8
22
53
1164
22
3
80
8
3723
48
6
89
222
2
24021
45
240
3
1
6
3
14
70
32
25
5121
12
492
24
36029
2
3
94
407
49
282
70
834
4
2
3
76
2744
5
1
1
15
113
6
6
1
32
585
41
1
8
4169
25
28
6337
2797
11032
15
36
159
263
1058
6
1
8
3
282
14
34
277
3
3
3448
4
1
142
93
610
1
151
8
1
7
26393
13844
1
5243
11
3741
208
24
160
1
5
863
288
3
42
24
2
1661
1
112
151
348
544266
106
6
4918
1
2
12
2
312
3
127
6
2826
19853
49
1
7
45
2287
1
3
3861
1
4
102
933
470
16
1
13356
36313
22337
1
2
11
15413
337
837
28
27
2
87
165
562
285
5
5
2171
2
1
870
71
2
1
371
282
3
3655
1
322
5
2
97999
1
36312
42275
83
3
1
954
6
123548
36
2
505
14
1
1
3480
13
20552
251
33
1500
2
2466
1902
53463
8
8
4
8772
410
799
4
6840
126
1
4
1350
907
21
8
14
8668
9
15056
445
1
2
86
2166
1
1
7155
226
5836
3
193
12931
14
149
148175
10743
4393
2
15
13
1
21
21561
3
40
1
90111
8068
606
146
2
52
53382
102
222
1
586
1
49
101
1
219
1
28
1
63
3
505
200
3106
3032
18636
2
1
2
14
9352
628
5
381
84
3826
2
2
4
1
5
6
1
21642
15626
1
42
271
16
1
17
1
42309
1107
402
2034
7
3
5
277
1590
4
214
2
1
24706
2
287
76
1
6652
1
1029
2
522
245
8
1
18
1
1
16003
990
2
1392
119
276
1
1
2100
3
5
6
41
28
1539
947
6072
12
2
11
1
121
26641
26
2
5
32
70076
862
82811
4063
99642
3
1
1276
3
1145
52
1
643
1
3
2032
1
8
1
66591
11
159
11
231
56
3
30
8
536
1847
10
1
14
17
42
5072
12
26
65
135
1
55
5398
30
20
41
427
5
444
370
1
311
840
228
1140
1
4
286
287
2
324
2
89
403
79
4
4400
13828
68
2856
3725
8774
17
43715
220
5863
1
69
3
89999
1190
26285
5
239
540
103
2
1
14014
3
2
277
24
29
90
3
1
237
706
149
880
4
2
394
18381
304
8282
846
24461
1
13
1
27
37
41
638
7
1
271312
1
4934
17
3
2225
1
2
1
1
7
15
490
28
47
2
13
12
1973
473
1
2
7
149677
1098
1
95
400
76157
1771
2
1
1356
25
5
7421
90
5
1
4
874
12
65
162828
73786
10844
8
264
12
190
67
5
5633
1
76
71781
6
14209
220
3
102
46273
1
1
20
140
11
44
77
10
8
2
684
22
2
13823
102
80
81
372
10
289
8450
2000
2
1174
1
1
501
6
42
414
13622
51
9053
4706
1
3
8
821
4
349
1451
33
200
2
77
1
5
2907
14
125
114
7
14578
530
554
217812
6032
2
2
2
68
424
1328
1492
237
2533
333
189024
1175
1
2
6
90
70222
4632
2
72
48192
150
166
109
2
28
12
3860
15600
5
11
223
2
658
1
4
3
2
95
1
124
41
24512
6
2
21479
1
403
36
16044
12403
98
11
3
9263
50
198
227
44
172
1
3
1
134
2
2450
19450
7
1
14
6
4
15
47012
496
2548
39
4331
8
6
375
54
87
4
652
63
4
2
4
71
147
11
6
18297
2713
24
1
1
1
10
11
6
966
1
7
1
5
6
17834
68147
4963
17
9582
173
83
6
1
4
2246
31718
2
99
53
7743
42435
93
46
1
4
404
11
820
2769
8864
13
1
3465
3389
653
7987
21509
155
2
256
1
902
90
29443
6758
21337
5
86588
13
9
49997
333
503
258
2
841
25356
47
8475
1
659
11887
6
716
67
55
2
1579
3
1
189
8480
1
1
3
16612
52
174
9870
71
5575
4534
1
7
3884
2235
50
241
326
75
14
2
47709
1032
25
148
2
20
3
7
1242
516
85
2
104
6760
25
555
2272
93
3
5
16
364
8161
2
2021
3939
14
1
55
8
1
539
1
23298
19
1491
41
6676
1
9
8
599
6
2
31859
1
21
3
1
40
1
26
433
5817
2211
1132
712
2728
3527
48875
89
3084
4
3
2
2
1069
7395
7
1
4
68
3679
932
271
1
2828
164
1
259
15
118
84
42
2723
1508
27
16557
16
1
10
10
89
189
58064
39
460
7
2
36264
8
389
1
39
11162
247
4712
103
4
1
130
16
1180
1218
2
3
2
1
604
7
435
11
8
4857
3
1
46
157
2
1
17
81181
12
21
4
1
22
184
239
1
138052
614
73383
4
22
152
4
1
96
13
1
2
23
66
11853
1
138
15
1
99
4
3
3
3
701
3
104080
142
11324
2
34
10
11
8
162
119
11
1
1215
1
8969
742
86
19713
8
422
2
10
8
4
1118
210044
144
57525
1
1
24
43322
13
4
25
297
18
174
4221
30519
19
1
59
16
2
306
1
69
3044
186
13057
7
1360
55
5
315
208
2
1
143440
8679
213
4
151
357
2
7
1218
2005
74856
53
6
45005
849
65
18580
1
111
10
553
153
1
644
89
58138
1
5171
4
5
2
2
2939
155708
4
18617
3
1
9107
4
3250
7857
3
50969
4989
52
76
16
3909
420
3412
4
1579
11852
1
5740
1
6669
851
19
2
387
16
7
8902
3
3
1307
30041
168
43796
1
2
3
121
19
47
4
782
9
53
49
2
247
11
13
8
3
6
1
4
154
3
6
11261
6
86
1095
11
13274
29
554
4
499
13
1
4
3394
957
579
2
398
18751
6
2267
1
28
35
5
4
5
2603
13
24798
57
2
430
111
2638
899
5
19
16351
1
51
9
3
5
239
7
199
38
2051
79
40
102
122
3
132
16130
1
53496
18
152
6
45651
3749
3
54
34
3
7
9
19
12
7
1539
3905
275
30189
1
2
52
80
136
109
139
124
18
297
272
1822
8
2105
75
470
8
142
1
12
1
385
3
59
2
1
4
14
484
72
163
10
10275
12095
7837
5
70
57
101
3005
93
537
4327
1
1974
10
7
7
1
146
38532
430
2
109
791
1
7
1850
1462
18
23
9
71
200
13
227
68
1
4
289
2
1
5
1
65
38
364
107
1
84277
3120
46
45
516
118
1263
553
1
37
327
8
161
27
3222
8994
2430
1
2
3
201
2
11
69
19013
166
14719
2
3
6267
36
16109
2
1490
1750
1
4
24858
5
8
4
3466
1
3
56
1
1
1
12825
1
8
17420
1
7
1
30
188
2
9732
19537
29469
55
31
135
58
28
419
2
125
3
171
42
1
748
47
4378
5
653
15944
169563
51868
64
231
993
18001
3917
3
7556
80602
4424
1284
14
68
65
1
2311
1945
68142
139
5
19
1
15
408689
3
60813
257
3723
108
16686
2
119
316
1
76
10007
272
38
1
4120
94
291
25450
12633
2
13611
1
2
121
5402
57
4
2
8263
8388
1
6
118
3
431
19651
68056
3
1
1410
2
218
1
384
29353
1
8914
10
104
15
7756
1105
12190
6
21
2
122
1
901
1
4
4398
3
1
6
1309
7094
5
22
32297
2
3431
5
30
5777
4
1
80
11809
154
4
243
92
104
16
239
7
7
4
1
120
1
7846
39
193
24235
5041
1
11860
455
46
7763
3375
32
29
67
18
192
1
3
11837
221597
2246
1
2
2
11
2719
625
2264
1830
942
6
2246
361
1881
603
1
47
1271
54
95
16
408
14
5235
30
2
58
7
526
40
1
513
89
2999
1208
22053
10
10225
4192
207392
1
1816
1
4347
5
26
3
3086
16
2
3
6
437
1
9811
794
2617
2
3
5241
11181
55283
5
10
10
102
1
57
59
1568
109
871
2
1
69406
4633
25
1
191
6310
2
82
1167
3
373
118
130
6
8
160
3
1
19
33
2763
3
714
2
196
491
284
3
8
58
60
57
27148
254
68
4
3
50
8
1
3
73
7
74
3680
2
261
156
146
468257
17
11
219
55
40
607
2197
7
181
1
15986
14
204
10
17
363
2
31
1
86
51
6
241
326
828
23482
337
4001
19
7871
86
36
15
11637
1
5923
165
1
76
11
81
1
23
1
15589
11
8
15
6
14172
36
5008
11
8
24
23
1319
75
2172
2
2580
4
7
33
83
9
1158
11
1
7247
38
48
12853
24
13
25
25
2
6
10
1
10
3
17
9706
6
3
473
5779
108
3
1
7159
5024
7744
172
32834
8
1
16
1
77673
53715
362316
25
4421
11
1164
108
70
47
38082
1
2
3
1
5
3
1
159
1
940
3712
71214
224
9
12
1
1068
6
36
760
4
3
1
1
26
5472
4
6
480
387
2
42354
3071
85342
42
1446
6
5
3
2
8
144
282
1
1552
82
14
10
31
27
86
335
243778
5
910
727
39
293
13514
685
7
32
5
1
78
540
4411
40
210
5
2
49664
9745
11
2
7
50
2
368
55356
3
3
352
4
1
1
1
44
9
6181
1661
28315
441
5
2395
21998
1332
871
1446
23
13
1435
50
1
24
30
24764
1
20
3
829
586
1
273
123
1
3
17
32503
1
15551
4
527
30
262
5
10399
50
19
2749
45
36
6
947
247
210
12
19
94
54
2
405
1
349
1
422
1
467
1326
8
53
16
2
2
10033
5365
5
68
9
258
2
30
134849
2
154
6910
2
6
107050
1
3
12272
5203
3
21
51
57
1183
10
328
60
120
4
40618
8500
16106
37
4
6843
399
7658
1
17569
22
117
1628
1
861
1
4
795
25
43510
21305
1
113
18
2412
11
4
1
5
68
65
3
171
39
143061
15
4333
40290
7404
44
23605
2334
88
15013
5181
8
46
2
4521
187
385
155
414
22
18
44
53451
17833
13
2
196
2
8
1
5727
1
10107
7023
70
3
15022
1
18444
1759
209
1957
20
4
265
4
29
12
45554
180
51
6
727
14
13423
14
13
1627
9250
26
41
365
4
3
16
59008
5
2
5
2
7906
857
2
85
593
11
280
850
1
43
19626
5205
6
23
12167
2
108
13
2
69
10628
15
51470
37
5
2
2317
2
26
6957
21
1
5
1
25724
347
3
1855
8393
61
2783
21374
815
12
3911
143
501
2
91
4142
21497
12
16
3888
68
796
1
1
4
1
1
46
32
51
109
32
68
6161
3
248
1
3854
699
1
12
1
6505
1
12
1
4884
5702
14270
1
9
1971
61346
94
3953
16461
50
5483
25605
1064
1
1
164
1136
4
883
89
328
28
1434
1
6011
2
22602
1
16
265
2169
158
193
448
21168
2259
1354
624
20616
4
1
2299
608
503
3200
2617
1637
1
27
934
472
1
15897
57
1815
20
2
2
315
145
7
38920
113
85
1
21056
127
1
40769
346
640
17
3
54605
7253
143
47
8
927
198
248064
291
8
108
3
1
2
15
213
565
4201
65
8586
1823
23
18041
265
1
2414
3
34
3
2
400
238
434
8
49
8384
24955
35224
172
799
11
117232
8385
108
521
57
260
81
1
5
2
3380
7
227
18
16
6
1
3
6
102
51
48881
1
145
12
85
3
73
17
2
389
2
15290
28475
284
2
22
117
1
1
215
21
5
16
22
236
599
5103
2
17
123
8224
51
21
4
38
2
176
53
3
13334
78
27
39
172
7
13499
3595
24505
3
2409
2
1020
22
51869
10
24198
20
2
61
803
1
774
6
29
3
16
8374
4
30104
1
5
117008
975
14
8503
3
3
9875
10
1820
38
947
263
2
33153
307
1
2
8
399
23
166
2
315
44070
2732
793
1
9
19646
148
3224
1
1322
580
4
6
1
221
45
18
2
10030
6
527
921
63
2707
4846
885
11672
7
679
38
6
30271
3
3
2
55
6
4
712
3759
372
416
228
2
60
4
127612
33
155
32
9
104
2
37
26
62
21
6
63
3676
230
2
493
21541
17
2
2
17984
4
85
2061
3
3
15243
32
1
22
68
3
375
17370
188
5387
9
3629
35211
290
3007
733
4
985
302605
9
21
20552
264
331
4
808
1055
1072
3
1
39059
9
25
1
61031
1
163
406
42
1
49
695
1
3
2530
2
4
2
6
7
326
179
57
39
1
3676
23741
112
2
1
318
2
4
1485
17
473
3228
84
77
23
287
2331
1
6
21
1
13
7
1732
415
52442
29265
50884
262
42
216
1164
7
67
8751
425
9555
244
1577
22
283
4211
458
25
2154
12
4378
7639
48
146
1
2
10
491
4628
5
3
3
6414
29
1
1
19
15482
42695
60
141
9
103
56733
8014
167
853
1347
26
12
41
5
24
734
3345
23
390
5881
17
6234
4
57
56
82
73
62
218
196
2270
28
5
1
2990
1
64
9199
9674
62
95
8
15518
15
6883
1
2
96
1841
41
122
4111
7370
193
1
1
6
2
1
95
6
8
32176
5178
1093
374
1
1
14
4
13
104
325
7
24
230
6413
6
1545
4803
32
587
3094
26267
2
4
3121
1310
279
296
107
28
1171
1
19
2
1
44
842
61
65
109
8586
2
652
85
39
221
2
34
166
51
429
12
1
13
356
52
24213
1
7
5
2
1
2325
28925
50
7
4002
38
21
25
1
143224
5498
140
103
171931
1
2
1
6
7
10849
25
18
24
43043
98
18
1807
86
2
294
4
1
803
688
1962
21
1
457
231
1
11
41
108
275
15478
98
2
9
11303
1
26962
7104
2341
29397
16910
39
3
2668
494141
5725
55
8
4
15
297
22241
49280
120573
7
33
2
13
2
638
24
11
11
87908
4
2
4467
126
3
745
480
59
61
2
91
2
309
950
3
4
7
1
25
1
4
6
35449
106
21
4
11
1
13
315823
371
4575
12
7
1
41
2003
942
11
5
4
320
14
4411
772
1238
368
144
80
3579
24658
2
79
10
936
4
6
223
120
8065
3591
87
1
1
654
39739
10
14
1
2481
11
4023
2555
1
3415
13
31
148
127
559
99
33744
17
7
46
81
38424
1
24301
1
766
4
1
2
782
10
613
1
713
1
11963
579
248
165
493
143
38
1
3922
6501
2
1
146
39
17
3
440
9502
16
7226
12729
32
65
10
7
1
7
2
35
968
4
71
11220
1
67
22
13
12
3609
2
44
180
5
1
2084
1584
7
4774
1
35
150717
3246
19
12
5
78
22
2
623
1
2
7471
13145
46
1
2
19
2
105
407
58
13
585
91
1682
2
5110
358
2
4
15797
12
12710
198
16
56
34
1646
16
27169
171
2
10
223
7232
26724
152
4
23337
60
105
12979
44
14462
31
57
1
189
15
4
48185
9
67
459
22
362
19242
412
1156
3562
12
17
5
32
34
42
36
32
7299
9908
46080
22
86
1
489
11
1
1
24
1
1
2
2
7
387
180
12
172
22
1
4
13
9
2
153
299
8025
75
3
179
172
6942
2786
1
4906
3
83052
141
48
1362
2
1
35
233
1
2
4
513
3
378
2005
10
8313
2427
327
360
6
26717
1216
2
3
452
5
626
10
21
958
276
2219
548
9
2
160
1
38
677
3384
6
10
3
528
2297
6
178
363
67
7
24860
9
38
136
1411
3
3
42
1
230
1
1
25
430
167
48449
4649
115222
6
115
2
3
424
713
65
71
36
330
6010
2
3026
5
57
47
4324
374
42
2
82
58
2028
149
3
4
11997
7037
3048
11
1
56
54
8
123
89566
328
5820
23747
23647
34703
214
33167
4214
52
17
12552
1177
34124
3
1170
568
32
669
4
1
183
125
214
1
1
31
37185
46848
7691
26
11
53
103
183
7
1
4
5128
11
41
4
19
162
6836
9
1
2
228
327
264
67
58
35
36
48
2987
1
5
39361
170282
3
2
48
173
1
26
574
8729
13
1510
92
271
1
2
203
145944
60
570
104572
28
23427
6
1803
35
2
79
35106
19
13270
14695
421
65
911
5
28
3
1038
4
9
2
2
2
26
287
59
3
103548
64
3
1
52678
197
151
226
3
25090
6
1
145
8
7
598
372
12462
61088
1
27
14
22567
149776
1718
136
14
6
2
5157
1
11774
8397
316
5319
26
21661
1
2505
2
1343
1
583
8
3
2705
14
2
50456
15657
102
5086
75
54
6908
3
88
1
83
111
4
1
110
1
1
1
67
1264
1466
75
206
35
1
3
8397
13
10
9
4
6
416
1
25917
2
9941
10
8
8038
20
4000
2
2704
4
139
33
1
55
7036
249
6899
4
8
3
1468
341
2
205
175
5
14
1409
43
153
1
8271
3
9417
817
116
758
9
2
27
703
21
1
397
1
21962
1
31151
142
4
5
24501
38
20027
11864
127
47
97
34571
10
915
18
5
659
1
33660
12175
4
5264
1
4545
8
18404
76
1
1
3593
14
59
6
3
5
24872
1914
161
4
6
87
129059
1
1
56
1
1
6
178
10
46
1
1
13
13916
4
100
122
5
28
8
5198
2
2
6
3
1
28
9
230
4862
539
117782
8
1
1733
187
7
41
77
79
299
1
825
2
104
54
8
480071
1314
8
934
140
443
8009
17
3
11
860
17
5
1
1
8
22
8084
26773
64
1272
41
47
7
1
5634
20
416
3999
190
1
8
1
3
24
265
8236
2427
3
17553
1
1
40
1297
1229
1
11
36
2
20
14704
1
5250
28203
1
1308
1
2
551
979
10
111
1
83
25985
20461
40
582
1466
271
397
6
9
1
21483
163
4292
36426
3300
197
2
16725
1
2288
2968
4633
1
1
3
1323
1
28
804
1
18
80
7505
1
4
2
1
5
4843
39240
794
104
2
10
14
188
34023
1369
24
1
56
2
20
9
3
4
1
1
479
36
5884
56
3
7
4047
3751
214
1
5
2459
1
7
6470
1610
140
2
19
14
7
136
2881
2
1
426
221
515
5
817
1
2459
16262
1939
19
3
1
32
3
21
1622
676
102657
27
32
1
47
21759
6542
3
2156
1
6903
5
1
2
19019
1
3
17
1
3
8
4
2163
2
240
510
119
2
184
7
24
20374
10
308
3
1
101
75
1
124
17
215124
1694
17
134296
2337
66912
27090
18
142
1
1
88
37
17
97
6
1705
128
7935
65
67
8
4
3304
1
7411
2
20
396
544
1
1240
4
591
2
31
176
245
7057
32887
9
5
344146
1
224
38
2614
12643
84
1914
9628
171
30
38
38
4
6
1098
9
1
8
1284
521
3
5
21651
11
297
2
1
4
59
1
2
3139
13
1
3147
75
42
11803
35
17
11
5
1
8489
1
9
61207
4
12
3
8
16871
187
10
8
14405
7
11
7447
24
12
227149
69
3
18540
18247
3672
11435
2544
1
384
3
56
773
486
1151
1
48
274
4
2
1
364
94
712
135
35
33864
101
7
401
3744
3895
59
414
2141
100
45767
2
135
47
2
4
2019
479
21
13
1
2271
27
3699
3965
3
112354
1062
31
722
3
1
69
28
9922
41993
16396
373
24
521
3483
76413
4
20
449
6
682
27
36
351
53
4
74
8060
2
3
53
643
26
95
10
55
9
4
8
53
1273
3473
4
58
3
1320
29
3
713
11
31
1
435
19500
38
4217
275
2
36
54152
2772
14600
530
8496
1105
22
29
1378
4
2
14046
22570
1
26
1283
3257
6
3
3274
8
3
9421
7
1047
1
3
1
44150
4195
27
6
21
112301
1777
4
1
944
2
53
4
80
13
1028
30
14
8226
3
8676
71
50
88354
4
10
68
12520
3
63634
24
218
236
752
43
4
25
2100
28
3571
1
10354
1213
58
37
3
27958
39
1
1134
15
370
2258
2
40
8
5170
1
1
9213
6
2
2
1534
10343
26
467
75
42
2
4
8
221
1225
140
22
94
142
2
1
310
7791
3
6242
2
17179
2667
196
10
255
1
43
2
10847
458
5
1
19
3692
26759
1
4653
66
8
650
857
354
13857
1
274
1018
6
12745
4648
264
789
71
2
11
8820
13
52
21
27
1
122
27753
27337
1
121
34457
141
638
2436
11
46
160
1
44
4
9
3
197
729
1625
3
19
3
1
1
10
5
985
4629
9
6129
10
255
1
22
3
82154
4347
8
4
37
9
14
60
53468
247
39298
61
1178
4143
3
89217
3
1
2
217
871
3
10
14
21368
3
4671
63
24
2063
1014
213
15100
493
2
20
4
5
10578
1
44133
78
41
3
59
347
7
914
28
34
53
30
30
1
5
2
71
656
582
9
2135
799
2737
84
2
6
10
2
1
26913
1
3
1
2
51
2
5157
11954
1
34
6459
277
104867
379
1
87
44672
5
22
2886
4
2
20
42
2
3
86
18
201
110504
126
1
2
282
37
1155
134
36462
1
765
12
1163
21
2
125548
76716
32
2
1237
39
1
340
87
324
3
9
21
6
2
125
753
43828
866
2638
340
598
2
3
24
1
1
17
13510
4
112549
7
1
1
9170
11
176
2
2
5649
9
1
7
17
12
6
196
7
9247
1
3
25
379
1
41
20
74
6
31
397
9733
20
16087
4297
2
3
1354
555
10791
9
10
3601
7230
22471
3685
84
2
1494
3553
1706
5947
12
9851
51
2
2571
32
25415
153
26
69
102
5
15227
142
131
62
506
8
3
6
196
289
3
12
70
13783
17747
4047
77
8332
11
261
46
192
1
6
14220
13
10
143
7
103584
38
1889
3
8
21
330
68
1
2
106
7612
1953
39562
918
1
21
91
54
25
10146
1
11335
113
41
1
1112
20873
231
2552
2
72
62
32
1
36
2379
77
63
715
406500
7
33025
4
19
2034
135
13
1
321
3
1
2
2
11
121
3
8
757
22
2
82
1
390
39
1
6
2
216
64935
483
21
271
12961
6
17
4
134
704
3374
539
1
1006
651
7
12
374
3
199
44
69
151
15
3
172
2045
2
240
1
74
15
2
1
18
135371
114
15
33
87
3
22
8
28
75
24
33698
2
1132
15
26089
14325
276
2
6
7
31
50
2606
3
2
5
4
835
431
60
3
36
5007
139
147
63
4442
446
22
6419
43
5
24119
373
5974
6
4
12
259439
7
14
1
1
4617
4
50740
6
141
6
56
98
2930
4044
1
13643
19
10
22
22
70
4
47
230
14
5793
1596
7614
4605
37518
5050
35
402
31
4
1
6
1
11847
5
491
90
42
9175
2060
6
492
3570
8285
3875
25396
42
931
6428
2247
759
3
152
4145
118
4147
7617
1403
86
1
443
10
1
336
373
13118
6682
106171
285
4680
5823
202
1
1
602
1637
42062
3150
17
1
1165
43412
411
3
108
509
9728
3
1
284
1961
1
9
1
44
452
2019
1059
317
4
204
30409
4
1
67
5
7105
3
50538
2
21783
46
24446
73660
42
9
10
9008
20014
181
40
5871
11
21218
78
913
1
5
150
40
4
9328
1
1
2
720
99987
1
21656
44
10
64
10616
4976
29
111530
24
2
135
1347
4268
1736
4
58438
85
13
5
1
21857
769
3
29
43
99
4
879
1
8
3
685
6
1608
4
161
143
2
412
1
5
127
295
760
5527
2
56
651
2
211
8003
37
6
399
47
11699
1
28
3119
2
16292
202
12608
6
1
1491
13
32
12
1
147
21
1
707
15
3635
3
229
1723
53
39398
177
16
3
3434
1
25
279
20
1
39
1
37
932
6
7
5
1156
1051
1
3003
2828
2
163
203
14
2716
1
7325
1
980
10759
2
2
15
1
784
7823
6149
3
6
13
22
192622
8
6
8
39519
2
5
2
2081
2
1
2763
73
18
2453
3
2
113
1
1
8846
1
55
3
49294
1
135
69
3011
761
652
47
16
45
502
12
12
3
199
3
5005
141
1
139
7
8063
232
500
9
22450
2
7
260
132
2428
27
2
297
57846
626
4
193
2
3664
112
51696
50769
1316
5
1064
1
308
40433
1
107
31
33
22377
57
796
1
170
6
6
1096
3
115
7
142163
17200
21793
3
147
3
12
397824
20
1
30
125585
4
5801
5
9
102
36
3
990
119957
31
5
19
4
1872
333
15
17
1
20
1
2167
96
1112
365
24854
9
2
29
1
22342
150
8
3716
17
19885
243
6
141493
12
3
1
1
14038
66
74
132
27759
3
1108
105
83823
4788
44901
111
1
2
12
600
1118
3
19381
6
8
4
16254
190778
8
769
14
392
80209
16347
27
2
713
9855
2
11
1
33
1
35
6
1637
2535
350
293
3419
12
23
2594
64
5
2
2
275
7
705
1105
34
385
1120
15800
566
5
118
2
4
63
11489
23
45
3
65
2
1855
1855
258
15
108
20
29
26327
7
325
15179
1
65372
1
10
43
6
9
2
15
59
10
130
7
22
2
6
182
9446
2236
1199
7
4671
36
73
1
37
91
89
304
2033
362
5983
10
27
5
351
5173
1078
9
352
58
199
4
1785
4
10296
1
133
816
249
90
2129
4
461
6
25
2
1
2
86
2
1
19
21
5655
92
6
424
15
4
25
86
7742
60422
226
49911
7
51233
1313
9
16
36
1
78
3
9
7
6
107
54
108
9443
23210
12
3
222
8
207
106
2
3
1
10
178
1167
6
13
3516
10
4
1
115
1
1102
16383
195
80
3314
2
1950
75
43076
1
103
368
12
2
11217
23
3
264641
10
14850
2434
4325
2
38018
3
23996
2
38772
6201
7
2685
36207
177
1
44
69
11873
3
87
383
21
362
141
2
215
101
3053
1
20
28800
11
8
31
81
4
1
281
1
13865
19
29
46155
17
16
8
45
6
253
11
4
217
10436
20
433
148
7
2899
1167
2
11
2523
404
6
6836
27534
27
5
29018
581693
1
4
3
9
21
2
4064
9
4
243
233
8
163
62
125
35
27
2
152
15821
56
1
1283
1
3
14
2
936
1
11
1
10090
9
62
1
6
5
27
552
5
221
5
8
1308
2
190
6
26
213
4
328
5
623
21
89
77
1
5545
13
1354
56
937
4
139258
323
34
1
677
67
17
3125
3
1
7
27
6
7
3
1
8
3
4
2155
7
3
7
9
68948
12
20
3
686
1059
4
4
5
12
22
1055
1712
530
1
57107
2
20
4362
9
92
4
4103
25531
1
5
11047
12507
8
153
3095
689
328
139
50
6
1085
274
4
6056
26696
28
24152
2
115
1
9
12
4
9401
8214
1
369
18
863
2
5
746
475
5
27
8383
2768
3373
4
1
47286
8
29601
1158
3322
1
14
148159
2037
8
14791
26
721
16
6902
592
1
1
7521
47617
440
9477
714
215
6
5
38
2
11
9
8
5277
37
883
64387
10
28
8
1
15
63946
632
647
111
1
7
1
168
155
1
472
13
1
134
34
53901
7129
3
186
8699
75434
112624
3
7
2707
10
37499
1
107
25
13
2
1178
476
66
3
1
4982
16374
1723
26
196
369
793
139
83
11
7722
30
252
10569
74
582
7750
9292
2
27055
9
295
2
565
3
2485
6
11
2
555
5
778
6
2
3
196310
4596
2
15
899
1
1
6
158
190
60
86
13628
1633
3
246
46416
99
2
3
1691
4
200
3947
1586
414
6
1
235
4
600
56
10921
290
257
2
6
1290
1
2202
2
3207
448
5735
3
4250
9
2028
196
72
1
830
162
5
309
10
281
26006
16603
2
52
2605
12
1243
94
22
1
10
3113
5
1
133
15631
566
8818
10
1
159
45
20
86
3
936
1
1
141
72
15
1
41261
23
3
4281
8
56
3
3
3
31
3
32
75
2279
1
9
81
65
2138
283
16
3
1
3185
27348
35
51
30
1112
2401
20
2709
1
60
75034
16
5
1787
2037
3
47
1
1
1
14693
31987
169
1
67
1
4
11
3723
9
2
2437
7305
2585
561
10
25
45794
27
102
53586
1
58
153
1
10
6
1
2
18
62
631
1869
1
2
21
320
190
2362
272
2628
281
2444
111
2
1
2
23606
40
327
82
1
1
77
577
63
6
304
190
84
4165
9
4
44
1
4
1302
638
6
51
3355
130
1
139
1
28079
5
4684
73
702
8
16607
47
13
1
1
50
42896
1
40
99
26
144
2
76044
3040
1
162
386
7
3
15
2
226
38
39
1
1
2338
328
826
3
5197
4
52704
8
7534
2
1
1060
5
2831
154
84481
43
2
2
388
3
3
5
1
3030
1111
2
57
8
71
11
106
9
11726
6
12
6
756
44
21
21
1155
2
5
52791
275158
2
4160
1
58
26
21
76
142
10113
4
1
406
1
73054
108
744
2
63
203
7
1
5
30
7
13
17835
4
43
139
72
6562
32429
5
2
24
3
468
2
176671
38
3
961
3
16
1
11681
18053
7034
94
4
141
192
377
1
3
6
1
19
63
1
1413
1
2
9296
1
774
876
85242
2
320696
370
7
56
2766
1
81
74
52
119
356
2997
3536
15
4
144
610
54
5272
899
572
109
1
10
2
45526
19083
9
424
372
7
707
2
1
9
846
1240
4
1
421
4
59357
36
26
3866
3
1
5
138
9230
340
27
3542
20
2
50
4
2
36741
13
20852
50
40
4
3
1
1
106
1
65
230397
741
9629
52
17
427
2
2
9
6
132
2
2
1564
119
21
115
14
1
32
123
39
9
3
5
385
26
3
3
60
96305
1
24617
5
169
65301
7689
101
333
2408
4520
95933
28056
1
22771
121
1
26
2330
51
8602
11
738
1
9
55
464
1336
143
25
1
8524
22849
878
8
7460
2352
7272
372
2590
1
34
536
8
23186
15
8
1785
4883
24921
9538
12796
404
7731
114
3
40
5
14
150
297
2
9407
10
227
2
56
17677
1432
114
17
33
49
94
1
2
31
150
1
5
1
19280
1
196
33
9
1
3290
1099
2
180
581
192
2
16
1467
6462
15
1
5
7
932
131531
1
12
3731
4
6974
1
2
21
90
54
6
22
8385
290
57
8552
1751
806
319
9438
4233
3
4
8
16
1
10
7
10722
88
5016
1
17
87
18
18
5
39906
2627
325
40927
37
5
399
1
245
1590
648
1
32296
1192
28
3623
14010
6
7
1
53
10
160
88
1
23
2
476
1
12
631
3
5852
2
33
144
136
107
272
4
1
288
49
127
1
2
159
9108
21
7
62
155
9
1098
3
11973
1
118858
74
2716
15048
69
12
33
7
10429
148
1
99
134
83
18776
37
1
1
1
64286
4682
18
573
1551
1
1899
554
1
33
89
96
1041
5
56
21
20309
1
1
2
2
1120
128
10
10
71
12
3
36998
121415
598
18
136
71
2
3
2328
105
3
37
16
56
4
56458
24717
1
26
604
71
24
2
3067
46
357
1559
2
125
8
110
12
11073
403
92164
363
7
1612
13
212
19652
3
5
1
2016
28373
2
221
176
16
1
7939
21202
82382
1
1
56
1
5133
12518
1293
10
3
1
5
214
135
196
93
5
2
2
848
18467
62
3
366
208
268
39
76
1042
12
2
2
673
86999
1
38
1292
565
2
6332
2302
46
17
387
1945
264
5
31
38
97
1
2517
31
2
32
1
9
7
5154
39
600
1
2
5
76
15781
4042
15
19
4
5
1
9690
24
1
456773
82
3053
25
2
43895
5
8
16886
7
3415
121
1
775
12494
45
1599
9
69
6
21
18
4
11
9
17
1
5320
793
36
22837
868
1
30
918
426
211
34
21
1
1
2940
942
15
1
409
1
193
57
12614
257
9
32
6870
8
2989
15
963
1
234
2
22
50879
29
1
2985
960
1
7
923
135
2
2
2
1
25
24246
88
4
3
2
9739
2
1
47800
2
5
8
9
5249
135
3
279
745
1
125
55983
150
4
2
3
13
12
29
1
193
6
84733
22
1829
281
3
1531
38
47
369
18
14789
1
1
296501
1
4
2
1259
4
1
4
41
11325
11208
8
1
479
2
63
51
52504
5471
685
205
70
11
749
2
17915
1
13
61
385
2184
1
16876
8754
2036
19
7
2342
5
32
19
3
1416
1
1
40677
131
237
8188
14177
1
56814
4
3
11
76188
1337
2
1
1
330
1
1
4
22
869
2
11
3
1057
19
9
2
6
140
21
94
19
25
22
6
235
2
5
45610
24
14
427
3751
2
86
1
66
7
10
19
350
6252
19
1
4953
44
2
453
1
16
32
21
12
1356
53
105
22
96659
12
114
2970
1
1
5
18
357
2
2
4
86
72
49
763
27
7
32
1024
15862
1
7
388
24
57
194429
7
3
7
5489
25
233
2
7
16
548
201
1
14626
36
12
33
2
95
2
49162
58
79
5
1
6
13
1
67
96
6
7563
44
55220
850
4371
5
2
81
3245
101
44
3
193780
2
1
42
17
622
2
7
34
47
230
6
299
3
7315
34840
376
8
76
1
219
1
1
3761
36
4
1
1961
2
505
13
12
280
4565
1
4
2
181
144
324
23
284
2
7
9
402
29
58
55
15855
39
15
2
16551
9
90
35
12056
4
8800
1937
454
2
5690
42
81
1733
139
4244
2
105
18330
2997
127
69
1
1747
20
1015
158
2
3970
161
352
60
397
7
1
2
6425
24
9449
184
17
921
91821
291
18
144
34
17815
1
12
14
1
165
60
1
8
4768
2565
46
91
5661
741
2
7818
3532
5156
247
5
6
6
33
1
1199
45
13
1
7
13854
2
44
99834
551622
4
114305
1
86
2
2268
25
2
2
6
731
504
16090
4
6
469
738
8
10
9
5250
8
34014
3520
18
199
194
3
1
10730
4
14
28
1740
134
4
545
1
9
1
116
822
40
1201
109
66
297
820
2245
4
8926
70
1
86451
1
3
78
12
2
5325
18
14724
1
25
4663
92
18
12035
71
1
7321
1152
5
21319
517
2613
17823
1
5
14
10395
5
52
1055
2098
6
819
1
54
1
1
6695
475
1
122
381
47
1584
5534
1
25
12
1
15
3715
86
4
77
1
1
1
394
2
341
59
3
1
250
3120
33
1
190
16
136
23029
318
73
23
7
6726
57
8
1
2
14479
2513
1
349
653
22
15
3
58369
2
837
1
16
1
10704
52
105
1649
1
2
15331
66
959
4947
8
63716
734
160165
4
458
1671
7
182
1282
1
237
152
1
3
8
5
20421
695
192
1719
606
3
219
298
3340
914
17126
2
29
116
8797
36
111
365
1883
149331
158
1
110
341
11787
10352
11
1874
147
2
22
373
1
371
4
1607
9002
4
34
1667
119
293
16
17
16321
318
1198
958
100250
81
34962
328
447
32
56485
2
1391
1331
8241
29
676
13
76
1
18
1262
2
170
15523
370
115
4674
12106
599
779
2
13603
289
7074
5627
2
42
2479
3197
553
36
98
6
34566
1220
3
14
27761
2652
781
347
11
38
7
5518
2
178
8
21650
17
257
51
19
30
68
289
43726
1
165
356
4
1
20984
812
5
1380
3
4129
119
323
19
74
2
2
1
256
8
15
8
72
1
21
1660
1751
57
1
49070
132
1
34
37
7296
8
8
5
2
9436
16676
657
210
6
495
1
2554
143
5704
4
2153
6
4630
5751
70710
98
43
28
382
102671
7
30233
103
1
490
3
25435
1613
3853
1248
1
102794
52
4860
2
4
38492
4
1253
23545
55
50178
94
7
2
4
36
4068
1
49
23
374033
22
13
7300
4
81
564
2
40
711
2
79
60
1
5
94
2217
54
4775
43
47
104
54
501
8
14
199
1
13
8
60656
4
6
3
270
8
3047
18
39
72
21
504
9
804
153
9
10
13
5
95
88
5980
3199
37
1
175
6669
325
2422
69
1
2
7
28
1
1993
522
99
1
1
2
2
184
304
7
4363
430
6587
185
87
40078
156
1
205
20
18147
5295
2
18108
22
15
1
2276
1
484
29698
2
8535
1
312
11472
3
17203
1
16755
7746
1378
4475
239
4
209
23
296
23
50088
138
1729
1
350
2
1359
20
1016
51
65
3
9
2
89
390
31
5
1426
15590
36
221
34
48
3097
2
594
6
3
24037
16
3
71140
1
7
5815
1
2179
4
18
8
1678
1
4
44
469
56
959
23
1
8
36635
21
5
111294
134
1
16
21639
4742
10
102
1
38905
7
5008
9
2540
11718
8
18
866
5010
9
1731
162
11
6
793
128909
2
17857
8
3978
3
108
191
2
17
11
336
9421
2
577
2
38
655
1
111
32
239
22609
8
1942
22
2
32
1
33
51
1499
61454
1
33
463
37
23753
715
25369
185
1
3
13
9
10
17
43538
86
38
6
1
138
8386
60
6
1
3
50263
271
11303
4759
12
717
45093
15
7880
371
24652
22
441
43
3
192
1229
1
17249
82
95085
8
6606
124
5
17
4976
115
167
99
70479
16
3840
1
2
47
2
1
24
1
126
1
603
52
132
16805
6
124
2
4
44
1044
72765
5
1
484
1
4
40
7962
13
67
243
7981
52
2
209
23
15378
9534
1
127
4437
304
51
1809
402
266
14
4
26828
2
13975
2
2
93
1953
2545
5
2050
86
2
50
520
947
4202
16
84
12
144
1
611
5824
34340
8
113
11
3985
28
144
12877
22
1881
2026
19802
5836
2
1536
413
2
369
34
2
8693
48130
3
12
12637
1
25
5137
8143
104523
4
7
46
2558
309
3
5689
1
133
31
40
531
357
217
4
3
34
32
24
326
3662
3
98
6404
255
826
9
365
1
1507
7797
74
7
5786
8
12
1
13472
1107
14
48
3
55
17
1
66174
50
62
7
1
11025
1
2
31
1323
17923
375
4872
281
130
35819
3063
24
12472
6
3398
26823
1
4
27944
3
2679
257
17
564
30
7
2863
5738
893
1
574
6
675
37927
657
35503
13
8922
5
48
1
49
1
1727
10
224
13
13
359
340
13
292
94
2
1
4
4
1
36
3359
59
160
17219
57
17
1
1
65507
2384
20
23582
16
9
18
7
2272
156
7
8
19
3492
3724
4
1
25
5897
612
6
1
30
1572
557
46722
4
115
4
261
106
688
126
98
21
9
6194
9
263730
10432
239
16
10
1
37
1
96
3
1
1
2
1308
810
1
12
134640
27328
2
40
745
81
16
12
221
50
1752
6904
131
14
1
22
228
2
35
2
10
213
369
2596
9730
109
20
1782
2
8
2
3
65918
5296
1
13
2
107
8
314
3
184
15445
18
14
77828
24
3
70
24053
444
2
7
1
31937
1
1
6
1
1
31
9283
124420
1
198
3
1316
1
780
57
1
26
104
1
1
1
3
2224
1
7
113
1
1674
3
667
2
125
26812
238
1873
7130
5
38153
96
3365
1
2
320
4
3
15
57
137170
1
336
1
155239
22513
18
1709
44746
428
142
1
16
2055
1
1
56
409
41
6714
13074
9
370
30
2
185500
41
95
5935
1
6
287
78592
18
22
1
2063
4
5
1368
63
48898
1
11058
1
23
1
5
9613
1
7699
4542
11
1
1
56
1
350
1
52
43
12
8
1095
3115
31761
1
1
6954
179
6
102
121
333
5223
494
1
22
124
6104
24
26
22479
430
89304
48
2
33
10121
863
27476
76
734
5330
44
5885
1512
3494
52
41
1
15752
1111
2
67028
7
42
78
412
8849
228
17
6
14
55352
1
44
481
1
46
133
2
29
9
19
3401
2
45
3
4
7132
736
2709
4132
1
175
183
77
117
106
3
360
98
5
1
15
37164
355
65695
1
1419
6
2
3
4
52
13
1323
3
5462
1
2
54
13180
20
6840
3
19
1
18
2
12
899
15
3242
1
27130
4104
77973
1245
105
2
37
1
3624
1
61
117
1
1655
873
1
167
2
6
1637
31
32
1493
198
219
682
28
1
2
641
350
275
107
139
54
4
11
34304
292
43
4
13963
7
9
263
192
5
91
69790
4942
36
8
16
28
66
1
220
90
6
13
4
45
1
66205
5
8
2398
1265
1
78398
707
5
688
1088
2
8
2
5822
54882
1
24644
31
2956
4
1
1045
10
558
76
2336
30
51
1305
2493
1131
47126
31
1
11
6
286
3157
8
114
462
4494
155
28
53
28069
469
747
1369
63
317
5238
37
27
1
2
4247
32
17
3
26595
105
122
156
145
39
1376
55
91
3
14351
714
492
173
1
159
1
1
189
6
6234
17
2
2
144
1
3230
432
1
13
1557
2
1
51
7
6846
120
119
588
2922
16
9011
68
3
46697
55387
1
11
25
1727
138
1
20
5
15
3815
7
83
1
27592
5
388
691
68
7
5
9591
15389
13786
44
18
2073
1496
36
73
60776
10
53
2
81
3
76
41
3675
1
2
1
7
7218
177
5
342
4
278
28
5314
1
85
4
15
1
651
1607
386
1151
4
57
6
22
17
84
66
14571
2338
1
126
15
17
4
9
205
75
16
280
156
33
510
221339
2
1316
44
109
41
226528
17
4595
4
834
25063
24
650
3
33
2
3160
23
3
1
12
230
346
7
1034
26
132
2
20565
17
117033
6847
6923
139560
9
5
13434
2
1389
171
95
20
6
5455
2507
1406
189
1515
125
3
307
217
1
75
30706
1
182
5
58
30856
84
10179
37
4
422
10472
1276
46
1285
13
4
4
308
77
9659
1
165
37776
15
2
7447
2056
4
8653
1
339
10
18
67
371
3
4449
34
2556
1315
2
421
1
10569
955
639
3059
1
126
1
49
4
4
2
13
14
31
6
11902
121
227
1
149
6
5
196
308
1
140
4277
1265
1348
1
1
1387
17466
57038
244
45
5
6
203
4
1
21
49
4495
317
1
1
87
5
37
187
5988
24
11740
64
5
924
3
34613
4158
52
3
17
23093
9
116
13
55
3
15
122708
14
3413
5
80150
2
1
1
1
59
124314
39
1294
17
2
41700
6553
2725
15
426
661
8273
81987
429
493
67
2491
3
40
76
573
1
104362
40
1
183
54
75
14
194
85810
2
357
8
5
83
193
205
1846
5
7
14292
1933
45041
15791
2
8
2
51
4229
552
8204
49337
709
47
142
133
28
4
2
1
1
3
1
109
3
8333
1
322
359
57405
8
7
1284
1172
19455
473
65
3
134
1515
4
31
163
56
384
2
95
1
6604
407
7535
2044
1
1
3
123
482
13
2
30
4
8
19
88
1
7509
26766
23
791
1
36
8
59
3
1
184
35
3
29804
149
11
32
6
5
19
2
3
3927
29686
8
295
3
6
269
2880
2
61966
701
268
4718
2
3581
216
2204
27
91
101
9
572
1
28
2
44015
44
22
13
159
1
918
19
1209
3
53738
1
2
795
5
156
212
5
1010
3
3
13
26434
1017
1
3
2
1369
7
9658
28
3
33740
38
14
2
15
429
61
23
1
80
10
15
2
1767
1
1002
396
7
795
5006
1753
1
22561
2
1
13982
250
9
1
2
1
8
1
171
43
5
2
1
2672
88
7026
2
2
2
7475
419
2
7396
2116
5
1
211
12
8116
1
9861
62
53132
2711
1
817
61843
59
27
1
60268
204
37596
1
10
1
2
5748
18
163
21
6852
2602
4
251
1161
1
8167
1184
27
4187
12453
2
8
3
145
4761
47
408
29958
840
19140
129703
6
7
991
1
2
10
2
128265
3
2
1035
1
567
75
57
1
2
57
4351
386
1414
1
11
131675
46
27
97
4531
63
2097
2
23
38
1
218468
8824
1
1
101
3018
7
37056
30
1
48
4
35
17338
971
5
1
21
4022
1008
9
10050
1613
17
60
116
1645
416
3560
35
37
1
20
3
105
48
420
1786
27
21
15727
18
1
24797
1
5
9811
1
1
444
135547
810
147038
26524
66
14697
9602
39
72
243
1388
2
4
28242
94
11
9276
15236
4
4412
63
30872
4
10
138
22
1
1
4
7
5
27238
172
4269
18062
6354
2
18499
25
10399
714
18
51
221
5
9916
857
294
14
2463
1858
106
40
66
5
6
100
42
8
955
19
173
6892
1
4
1
11
8398
1312
30362
94
2
7
582
3021
186856
4
37
29
343
60
7128
12
91
8
212
2
15
4468
9
154
139
1721
19
23
2308
2
1
25422
33
14463
8
24
182
2977
23
1
28
1083
493
352
4370
666
298
31
421
431
171
5
24
1
38
2986
67
11
270
2846
205
4
5762
1
48
8433
152
583
9743
9571
103
39
217
398
1182
71
43774
2
21
5
1
7
27
292508
1
8
312
2
122
37
274
3
14316
5803
81
26974
1
1168
50
1
9
5
789
197
31
10
46
59181
275
1082
3
412
4
1
156
42
164
1371
320
1
63958
28240
5
87
1204
13
950
2
89668
3601
1
1
19
6
3
7
1
105
20627
56
53518
99
19
7
5
4
2
2
5370
12
2
451
12
1
158
10553
472
4
8
134
13
910
5390
222
7
96
11000
44
6694
1
4028
5
1
1059
445
14
26
138
4
44
215
2410
1
1429
3
388
29
1192
17347
39228
30
10399
8296
15303
4
503
1
2
1
75
2
7
5
18928
2094
28
1
4
16
9
1
25854
12
3097
593
26
3460
46
1
266
1363
870
351
84
110780
682
752
1
6765
61
5727
4
3
5
6
8
1
28
62
1
488
1510
1546
6084
1
244
2698
32
2
192
8975
7
2217
216
1
2
51
11084
224
89
1
16326
2
88
258
111
23746
4
11
1
1
2
2172
2
255
30
1
95853
1
8
1314
6
206
1
159
71
312
47
365
333
967
60473
179
127
4
6108
57770
8701
336
1
1010
22
42
3
6
8
1
43244
1
163
324
245
2003
3
5
616
1
279
23
1
27
17
267
14385
40
1357
65
24782
1
100
31
818
1803
7836
5
1
3483
62
3
378
4481
2
1
9
1
10
191
1
153957
3
5
1086
179
12729
9
3
45
1646
107
1
710
4531
255
5049
600
942
5
13
12
62
21
34
30
25997
7
100
14714
20
16
1
460
1225
1463
4
325
7
3
5460
2
1254
1788
1
18324
1
3391
168
35
119
4
1985
7
53
29
426
506
1
49
7
912
24
84
14
30
30487
1
3825
629796
59
53
4980
1087
1
3
52
24238
2
6
650
11
14
6
82
30
1185
1
1
1043
75
9
8
5
15
2
141411
8
40
545
1
8876
94
17
2341
1771
96
1
5020
13
8392
3
30180
55
419
1057
4
1271
9
72
72
26
42
1850
3
3
4353
2
1
1
134517
578
68
1
17
5094
875
18441
43
100
82789
7
208
3
54
34112
19
2790
3
6
6
205
27
486
816
1
8
10
1543
3
11
12
834
1
1
79
37
25
4
3
4725
323
3
1
8
7355
6
87
8
56
463
10
1843
1
69
3
367
11
13
2
2
289
301
1
8012
459
3
432
10629
4975
1134
127365
54
2443
1701
4405
36
320
10
156
580
3462
69
7
3
3
1
920
24
3
5
1022
12
370
36
330
263372
10100
2
43513
2
16
9
38
25
40
7132
10
7
2
7
1
34
4857
34232
964
74
49722
2
21581
20470
6991
1
2
1
2442
545
1
219
14
1
3397
121
1951
3
370
144
9
825
11755
69
13853
13
22
3
6787
32
1137
2
227
62
1
249
32
836
7
18448
156
19976
2404
5386
5
4
5
202
5
5270
451
3428
5
3
3
95
18
74
22
6
75
663
10
87
7
1218
7
1
22
25
223
9044
43941
2
2
36
1114
1
9832
10101
104
93
13962
79124
222
12221
43
46336
12
16128
2
2
4142
3
198
492
1
40995
14193
1
87
1861
1
1
9
95
10259
2
22
14
309
110
3
365
9
3054
1
9
238
22090
3
760
449
2
2
142237
1780
131
97
47
3
893
25
4
9
25
134
1
10
1
1
31
162
2
2
4
3
950
2012
81
11564
542
58
6635
3638
13
3
47
1395
41
292
26
2
25
30769
2
1
10
30449
25
2
130497
1
1045
53
1
1
3137
5106
3038
5
5
9
1
7
66
11991
27
19
7
6771
12684
6126
1609
5
17
130
1377
3
151
512
126
45846
2014
26214
2
16
41
6
693
260
473298
217
58
372
23762
26
3601
56
144
32
1
5
5573
813
23
9
18
1
9
251
126
1
1
51
1
30
4
1381
1167
10
4
1204
4
55
30
198
53
3
130
5
28706
22
48
117
7
4
5
1
1
9585
9
282
478
1132
10
1
21996
5
1225
4
129
7
4
549
6
34745
222
110
52
1865
8
160
1
567
1347
1157
151
488
52
140
57
379
1
1574
517
2
145
1
1121
103322
12042
1
4
45
12310
652
7
357
323
1
8
312
1
42
989
24
1
374
18
31
16122
1
272
1
1
1
2
4452
3
33
14
339
2137
21
718
1156
11716
1
20281
2788
37
20
6157
1819
85381
19
3
17
4
1
21
5
1
770
2662
970
2870
9963
3
49
3
1
427
9
13022
1
33858
15
97022
54
4
135
12
52
62574
1
8358
48
25
1
4
92
1130
14404
6
97
1230
362
279
4
5
3
6018
235
2
166010
1
118
31255
1
35697
1
273
9
92
14
1
5510
2301
1193
4
65
13
4
1
2
32060
8095
1
128
2939
3451
76
13
26
213646
74
3833
1509
625
3404
24
16
1
125
182
3
2
247
2696
11400
7
6
6
2928
14
12
53
10403
9
1
23
6
3
168
1
1
69
20
8
3
60
2
2
97
26454
406
5684
26485
270
115
2
39
958
1
8
29255
1
16940
6
7
4
15
1811
318
101164
1
144
8032
2
2
2944
160
3
3896
8739
1355
34167
7831
2480
3
482
24997
30
6
3
7853
21510
284
1053
7
28
1
15
4
55048
105
282
79
2
2
152
63
659
2
1439
89
2
2584
609
23
1
11936
1
15406
49
211
1
30
26
196
11518
42
3
240
28066
6
21
378
557
171
866
57
14311
25
31
17
15
122
1223
2
1
3
49
17
10422
35
40
17
1
2
735
1
2
4
1182
520
32
65912
170
81
2
1
1
275
2
49972
30
324
3
126
2
6
11
77
19
1685
1228
1192
427
24422
1
1
11737
1
178
19571
833
12
12
1
8
8
10
602
2957
15
17
14
1
4144
47
1683
20978
1
681
28
122
1526
2422
133
857
5
156219
7
6437
41
2
47938
29
23
177
158
322
1384
6
22
329736
109
78
150
1893
40
11942
2694
1
7
435
34
1
93
26207
2
5
16142
184
1562
2266
132
297
9
4
1
441
14
33
239
1
2388
917
29
12
135
307
600
5
7
226
1474
151906
82
13159
75
1436
2174
586
64
4300
2537
14961
7
3184
9
11
68574
13
50
9
73
36
2
2294
1
6
8
105
79
4491
67
2247
590
160
384
63
2
2
5
39
1
51
18147
5
2
8983
183
17
2
1
1
39776
38
2015
261
73
1
119
8
2
1989
1391
4152
6
8
39
12
48
22042
1237
2
2
28863
5
75
7
16464
1
176617
203052
1
1
551
3
22
17
35
1
1239
36968
63378
2736
73
7045
60799
18
217
605
25
22
2866
1
13885
267
3046
26
27
3
1
24
4
14
1906
3
1
16290
118
29
16
126
2
47
22478
11439
9229
218
434
11496
1688
7126
614
1
7989
179
1
152
1
104
908
39210
11
3
13660
17139
311
36
39
35
36
11
219
3
12667
16
4
25675
89
25
14
88
19246
7
116
3
3
28522
1958
4
2
13327
767
22
72
924
1028
62
7249
19
19
13
3
24
2
315
2
1
942
826
20898
6968
16323
35
5994
70
1
1
337
4
20
4871
1
2661
5780
8
4
346
683
69
50
15
84
11
1
3
151
25
8
11
18
3
804
29
1154
24028
16
8580
37585
523
799
1
120
52
2417
14
21379
2
61
17
3
1
26
1
11
487
268
5
40
10
6091
75
4
11
29211
12194
2172
1160
253
2849
200
3575
950
21
1
11184
1315
6303
3
8939
2
88
51
13559
2
1
15
2516
137614
93
963
9
116
1
7
6
2
946
1
2
4
1
2
1
9
3632
2
10
1
20819
16264
76
895
3
254
1
14
24910
14
10
945
775
86
1
1
5955
618
1339
12
22
23
1249
40
151
68164
591
4
152
149
32079
21854
33214
23494
156
331
11
1514
116
44
4
5635
43
156
100
12
1690
148
3
167
35
1
8589
56072
5
1467
1
2722
98
6
2
487
54
110
31
103
4
13
13
15511
3
1816
822
146
162
18
846
127
1
3449
91
561
1169
3
159
2
36
13
53
4841
3
5
2
7375
76
3
5
1072
21
18
12
112
5109
3
15
16
49
10
4
12
5
41
31
1367
63
13
1
7
8
11112
1
31
3769
16672
111
1
277
4
2716
200
8
17
38
6086
105779
2
1
1
66
2
7411
1
52
10
19
3
16387
1812
2252
11
120
2093
12
104720
123
4646
90
13
15600
1
96
3
114121
77
64584
6
17335
1359
1
402
10
73412
17
63
3586
206
2
1
1
29035
186
7
25
311
218
16726
1
2
41
17932
645
87865
9311
1323
4
2
1
3
5
1
1250
1
18
1
3
17
212
1
51759
1
1
654
22
161
144
226
1
19
84
4
13
1
2
3193
2
9
109
1458
22
15
2
9
1479
1
78
300
1
93
7757
1
38420
90
176
54
29
13
14984
55
18461
606
8
115
1
986
16
88
832
34
1
17151
213
6
1
1
1
7
2263
17797
46
170
8
644
2546
90935
4
25
6
45
1003
11
1
29584
18
54
132
1
8
4307
11
4
17717
4
34
105
9
57
21
1
64210
2076
29
4160
1494
20518
3
18014
11
26
366
168
5
17
37
109
3
272
465
1
41
143
1954
2
1
6710
38087
2
5047
9050
4
67
2
98
1
4
4
51
4
3
304
2
262
175
1
44
21
1
2
1
24
26
65
204
2
2534
89
60
1
14
44
73
24945
690
12
1788
2
21482
7
10
1
583
2
14
171196
23
1
3
481
11
1031
14865
49
5
3893
1
1
17
1
1
1
86495
1
12845
1
1
863
49
2054
8
17946
2094
214
464
612
1
326
125
5253
29839
172591
21
9523
13
48
4666
2
10666
1997
1099
19
33
207
3
293
35
10
213028
23
2
16
49030
17
7
1384
1
271
7793
19
35
160
1
7
68
5
1
9215
42
11
2
24035
224
13
363
57
2
1178
363
19
786
175
9
63
7
80130
9260
5
2
118
175
116
1
157
33
22828
1570
35
3592
170
766
1
6
3
547
37
64
9
209
1
198
1
799
43
21986
3
179929
85
15462
37
22181
1145
106
4
60
375
315
1
1
2
85
1
258
3
19333
3
141
2
35
21
235
1100
28
24
218
1408
4
521
49
1822
4135
2219
1
4
510
75
2867
1
24
13259
1
32
56525
866
7549
11
1
1
1062
844
6044
1921
993
137
15
21
1
6
372
1
13
1
4
23476
14504
3
2
17
2
1
18
84808
1221
159
3
57
20
95
319
878
29857
32
12949
82
3
124
25
102
29462
1
14
2
10
17191
3221
12168
38
303
3
609
6
77
38
111
12
97
65
1714
1712
12042
2
1
1
1408
24
1
5031
4
255
1
28459
2161
3
13924
5655
28
13
121
20
3
33
4
35359
3
3188
787
1
3
2428
129
2528
238
6
59
1
22407
60
382
83
2
13642
304
133
27
1855
23235
1
32
2
7462
324
3
7
19
55
1
1
4719
30
3
167
15178
2
8
435256
225
9
12
12049
11
105275
784
1
1874
12860
2
330
790
590
1
2
1
21893
295
14
9
32
1477
413
6
82
11
27
23141
410
5
5
1
84918
25
2198
2364
394
26
82
513
19
6535
9344
4
1932
2084
323
4710
15747
12
756
3
19
3
1
348
96
4
113
23329
35
2
38
1
4360
265
401
450
2
6
17
530
7
1014
8926
148
2
1
2
1
19
57
2235
413
7
250
25105
2791
56276
141
14356
160004
3376
2055
2562
245
82
2036
4178
1
3356
66
482
4
17
1
1
84
1992
1546
36
6
928
303
28
260
180
3971
462
31
47
1
835
4
2192
180
5
642
6
1495
12
6
595
59
13
1
2
13941
2
10
1
9
1
899
77
61
7
30
41
10524
181
5
620
38
10
59297
2
10
412
3096
142
2
74
59
71
5
36
16866
323471
6
156
22
1213
110
13431
723
9
599
13
8
377
3755
116
4
54
954
1
1
25
141
8
991
264598
2510
203
24
4452
4
2
3671
115
34
56892
34
27
360
11
2
1
233
65667
89
7
27
3
6
156209
1782
8
3
10
2
4
19627
2
59
57
151
145
6
6
1
197
2
200
1133
48
32930
1
9271
4
7
1
17
11
1
15
6
3
9494
6
22022
2759
18
367
1039
1975
2
17
1
581
14
1
109
4
76
12739
72176
1017
11
14
4
62
56
2
53
3517
2
7
8
37454
2225
16
2
80929
1
8
9
15
3480
28
6
4
7327
212
1223
1823
311
35515
3
26
66
783
2
383
1060
2
187
24015
33
93
2
43
17
7
112
18
872
110
34074
15
5103
10083
41530
1
5
1
17884
73
444
26063
6
559
1
2746
1
7
17
32
13
1
8
2
1
8
1797
1
8
10808
9
707
735
1
3
40196
1
129
26927
1
19176
222937
42
247
2
2
274
166
653
6
85553
3958
2
33
124
494
1
258
401
4
1
21221
1
18
3
317
30
5
74810
24
1
14
24601
9
75
1
2
55
3
488
57
554
1
4735
62
73
496
1447
2
2766
153
43
4
19112
1
16
193
7
152
6
27
178091
1
8
2395
65
79798
15651
34
19343
3
7959
4660
4
2
273
282
9
3
6191
1
2
174
72
2
75
3
55
385
97
11169
1
556
6390
14
681
8
111
12
135
6
24059
104
60
66
37501
431
46419
1
30
14
1
12
8
23
27303
2
8
42
9657
12
2
14
1
12
4480
48
4903
5
221
76
47
5394
2
873
132410
74118
122
12
605
41
236
17739
13
21
13
246
19
2
1
5
4834
2
1171
50080
7
3
3
2
1
347
9
1
432
17
53
115
1
554
11514
2
107
56
2159
1
16693
1560
16653
26981
7
318
23
3883
1
5
1646
3
5
48
6
9292
17
8
5139
6663
95
209
3283
3028
868
47
1250
11798
2612
4545
1
2
194
20
610
1
33821
1
1
26
141
1
248
12
243
27
877
16
223
6
26
4
23841
831
143
2636
10
7101
244
9
1
484
53
107872
103098
8
657
703
128
116
138385
31632
7445
2
2
19
63
11
2
2
2945
6622
2738
52
2217
32
1
191
28
5
220
1
2
167
9
1
1
7
495
14673
1
22
171
881
1
79858
7
30
658
1
487
3
586
1299
15
6
293
1
17
30353
2261
156
5
1
29139
1
28
1111
5
1
175
28
35
143
245
495
453
209
68
91
96
46608
212
2
93
23
2
74
1
1332
4
66
23
4043
3396
2285
28392
514
41070
2039
6
107
22
2
901
202
9
229
2
1
987
2
3
135
1
64
40361
4
16467
10974
48909
35
158
118
29
64
6549
33933
27
7
79
236
2
160
9
30639
1
1400
9
13
17281
642
16
19
3541
511
10
2
119
94946
3
4
3
2
134608
1537
16319
6
1
424
29
1
17490
96
53
2059
7274
113
23
1215
7682
1
1275
84
38674
51
10
658
1561
13
4
4232
83
6
1
122
12634
2
22
103
1
10522
5013
936
72
624
37
64
4
23193
10
3
199
120051
2
2
1364
27
5
358
187
4458
11977
24
1
14323
15
3
20
188
7
2
37075
1
17
11
16321
2
2
2
1
22
2
626
59
1
2
12
28
15
5
27
6
1159
203
2
4
10505
2
36
27567
163
1556
6
473
2
316
1
153
3
14701
1
3114
1
2548
4
22
298589
5
146
2
163
2
157
40
327
5
11
15673
1
2
2
1
1412
274
6
107
447
4529
290
65254
47
4
175
1
7
6
16
536
6383
7
426
3
2
1
1
140
4
191
4
2
2
58585
159
1
233
107
971
40
58403
5559
1
64
1
29
68
2
1
64151
88
52
14
1446
143
148
3
59
13
5162
53
30
3
7
265
1
3
290
17
733
2017
2
915
7907
14
6
1276
58
8
163
24
126
914
4
78
3
775
357
47
13
8
47980
72
1
11
44424
25
351
68447
633
4
1
7
21
2528
2
67
1
29751
22
6
2017
1457
31
273
5
1
4632
529
1
194
38
952
1266
12
19
5999
13155
29
5
2
59
1
4
1270
2406
1
130
1242
17
352
1
3469
1
27
200
1
5576
983
3
1
20336
1875
16
181
91
765
13
251
5076
11
6
9
2308
224
86
20
612
76
1538
65
659
3621
1
1
1
10
38
1300
483
17387
1
859
5
22
39851
196
11850
1
88
104
440
1
78
9119
37
6
55
1
15091
83596
64
1
12
3
27
10
150
70617
11
2
273
382
65603
24
1650
192
459
17
72
73
23106
56
26
29801
5
3283
32
54
17
912
29898
2
4
425
4
2
14
9507
1098
65
93
215
1
64
62
1496
14
26
3
3
166
24
6
30
1
3
35
25198
229
5
14
1
4
430
75
19145
6
13
8155
7
177
2698
9
177
809
2
5
1
541
5
2
78423
2
16
33
18648
15628
1856
4
1
9
1
19774
16
30
5717
8
2
146
2
31051
2
2
10
1358
1
161
5236
10
1
330
2697
21
39
477
2662
438
4
42050
15
1
9
9429
87087
2553
16
2
1
22
255
2235
21
61
7
6
161
996
120
1
29
17
3
10
4
58
97
1448
266
37
1547
36
273
9499
27
18
627
1
1
27052
10197
2
147
8495
4
110
21
5
32
5
1
32
1
558
137
263573
58041
12
189
9097
56
7795
7379
2
3
3534
1
425
776
6530
68230
3
28555
77
1137
1577
19
428
69
4939
5
35
4
31128
15
623
1887
3
698
41
24543
1130
43
11
2327
71
36
2024
3390
660
96
2
32
213
1
150
4
1
1919
36
55
21
1
537
1
32
74654
1314
1
1
1674
1
46
2
2840
63
44902
32
910
1250
1
7
2
58
1
13
1
496
1762
259
2
2274
7
155
2
17
51496
2
12252
4449
367
1592
412
1
17
182
22
1111
75
53
21
900
1
258
185
1776
5
1741
96
6
2904
3210
5
1
1
150
2
1
5166
64315
8
12
3408
8
10
75
1235
5
33
7
105
11385
1250
2
44366
1944
4
2535
49
24
4
2248
20
6
23
70
188172
2
1671
2
2646
31
1456
8
29329
500
811
4
9060
57
10636
1449
22
2
6
402
4
26
2
907
1
201
5
3
257844
170
1
4
81
1
406
1
1
7
1
153735
11
58006
21218
7
849
59
14
77
44
15
135
5
1
3
11092
398
650
22
17
1
1
4
5394
116
582
1
2
119
6
2
265
1
1265
84
287
101
8
12925
66
48000
7
2211
180
17
36748
60
38572
6
11
96
10008
1
86
2
424
23299
1
2730
1
1
102
2
2
1
46
5201
927
5075
8
2
515
16
41
26
137
4
2
381
3
1942
1
300
10726
8
1
14
37140
1110
253
4720
1
2
66073
25
1802
351
32
1
2
17
175
1
1
141
354
1
7
1
11234
30
221
21
13
75
26858
1
16011
2
1
1
898
24
1
264
15059
1
187
1
8
196
2
4507
1
30953
49
353
5
150
1
56
7
5
642
2788
1215
16
1497
746
357
573
3524
4
111976
408
11
2
15
6
640
2
2
58070
1
1
94485
14
1
40
1731
58
47
677
5283
1
402
250
399
1131
6
30806
13
18
2711
6
15
1118
16
945
16683
44
40
12
525
10573
45
6331
2
52
1780
1
2
1
6
213
2
46
49
83
11
550
14
5623
119
290
1
4
31
417
159
5
1079
41696
5
26474
103
10
731
4
6560
1
1
76
1
19
5102
409
186
2
1
3826
1
1
53
21
897
54
88
4
7
55
22122
981
7
1
37
65
671
13
3
2
122552
31140
32792
100263
5
2
1
113
23
3421
194750
3
33235
2
4
235
2870
138
8
45664
529
32
3
243
354
53
1475
30
197
2
88
105
17476
39
154
2
5917
5111
12651
34
10
4
1
17
14583
175
1
1594
2
3
8
674
106
18416
226
141790
74
2
142987
3
10
2
197
5
11
4
700
95
3
7
264
16596
1770
2213
73
18
34
6
4
24434
46
4
9
90
3289
6
23
1922
2
4102
1
8
31
1
2
274
97
3
295
1
954
3
1
10197
974
1004
3
12
182
1
9219
1
855
33
1
80
16185
22166
11628
8
191422
1102
67
3417
144
6
21
1
1
11594
34
37
2
26429
6
331
6
14258
13
56
356
1
1
616
2
301
4
27
6
7
6
888
3
1
56
21
2695
5
51
16
67
11
79
1531
31476
1202
1309
4201
99
7
10
598
1
2
8
2
274
5
284093
1
10614
38
108
3
1525
476
10
32354
4
4
106767
179
2
103168
279
14696
1
3
2
1223
10
39
868
21031
2
152
9235
3
5466
33
22195
1
225242
6
4593
13
26318
307
144
1
8
1
14
30500
121
1
160
177
91
1973
138
49
445
45
4496
3820
64
43
3
3
101
5
3
129
19
12
168
1
1
34
487
10
1506
91691
71
132
1510
1
15943
26
21
30708
5
1
4325
29
2697
2
595
100
1
648
4
1
6414
474
190
10
91
340
945
541
1027
18001
293
1
51
1
92893
4
4349
39576
606
2262
284
308
5
1
742
11
9
4785
986
5184
4
1
3544
410
912
25
12146
56
2501
3
18
204
1
1
465
1
3995
13
2
42
2
54
315
1404
22
75
18689
1
6486
1
1
340
2
16
1
1003
1
16
9461
71
8
83
408
1
73
1
2224
6
1169
5
1043
542
344
246
84685
19
2466
84479
54
21
17506
279
573
4
23
1510
7
9826
7
20
340
68
2
4
13
4
198
742
6
1
103
9
528
1
129
116
3488
303
1
6
25
6
30
546
91
39392
5
5746
1429
1034
1
3
7
150
3151
24
141
16897
83950
1981
75
445
29
10
1611
26892
38
2
13
27
1
1911
1
257
13
14
29626
6
2
7886
5
6
30487
5
1313
63
3
210
60499
2
1
27580
19
1
8
1
7343
10
2
1
81761
17
89
1
146
15
3
5
11
3
6308
1
2329
1
4551
104471
84
5
23497
13
45
5
5
8919
4
329
20
4635
2
16
29
10958
2
2
423
5
92
1
135
366
1
328
21
129
39728
7556
15
1
6
7
8
40
9
6
153
2388
559
140
1
37363
331
4
1
2247
162
7564
4
10
12086
11
121
11
72
1
3
2
2
16781
4223
1410
4
1
5910
51
189
73488
5571
1
342
1264
27212
1
29765
4863
27
1
59
1050
36
2
167
11840
372
5
33692
21
182
4
106
1
4
9
216
3
58
393
5
390
46
636
1186
14337
803
364
7871
2
122
3
13736
72
6
1585
64694
123
6
80799
44
6
7
31
23
12
4
1
14
202
1808
35
3
6
21
5
57358
62968
4698
85
40
4815
1
2
7
1
117999
4
292
4631
53
3
92356
5
642
3
10
7906
2142
38
7
121
6296
14
1953
124
205
66
5
8
284
3
46
402
39
20096
31
4
79
41
3
52
30
296
1
151
1
3
49101
1
22
165
2
35
2652
63639
4
47238
247
1
233
1
5
10334
6
1
2055
4
4
104
14
414
845
1
37
56
2950
14548
9
1
10
226
21
8
237
207
874
117
20
8226
16351
190
4
2775
2
23227
10
260
20
131059
1000
771
2
5093
94
3871
2507
2
1
2
2
45
33
6
9
111790
3
4001
1
15
58
140
9
4
95731
21153
4
8
4
4
354
25
371
1
44
2
22
49
26
15
791
3765
1
504
33
38
54
12
254
10231
50
574
1
404
376
15
14
327
8
61
4071
7
238
28503
4
950
19798
533
1
6248
2
5
156
20
12615
10694
546
2
3304
440
888
4538
91531
11
5
31
603
3
177
34
202
24633
4
3
320
4773
107590
3
1
2
20
16093
8
2
44
1
4
62100
15
20538
64
1391
164
2
91601
19
1878
29
37
2
12
790
17
2
17303
4
16
509
3
87
1
1
97
11
20
2
43
27
553
2
23
8
68
32284
16
1
6
36108
29
2
5
1053
6
2
352
484
563
838
1
39
19
1046
280
41075
4
3140
217
1651
1512
23
139
35860
2
73
4
743
5
4
81
1014
350
1
3
23
2763
64
12639
6
5
19
1
11213
1327
4
6304
3563
138
1213
21
159
9
1
42559
3
2
11956
3
33
291
2
3
15
46891
1
5
1021
7
3722
56
6
6
69
1
1
16917
195
13434
6632
3548
81
126
25
27
7104
487
12
4
1
233
590
1055
1
287
2
407
112300
75109
3
6
10
1
213
21644
6813
40790
907
9
17
7
1
31
13500
1
356
83
202
48
31952
9840
429
4
231
5
176
1
6
20446
120
4
84
2
5
36044
1607
2
10
1079
10
4048
13
1999
2
1
23688
1
4
697
7416
23
1
2
218
4
2
387
8669
3
6981
33518
13
25659
384
70
630
3546
1
18
6
331
255409
8
80
24
1990
6
13
196
226
85
8
13
3
54
1
21
1
103
1
3
3
14
35902
2
88
206
32
14
1
1
1
3
14995
102621
29355
57
6
416
836
1
1501
1132
4
3
7131
2
3
24
8
5
5742
12
921
70
3
238
152
7
5
2
342
1
78386
2
96
38998
83517
1
238
13993
435
1587
111
911
221
65593
2
14
3
429
16936
2
1254
4
10150
26
16944
1908
2
35
1971
274
1
281
943
92
1
7074
238
543
7
59
3
508
1019
18
22
5524
1
69
13
3
22
64
2
256
7
6
121
18
55988
78
270
116916
10
2
5
1152
400
10
29
2
1
18
1128
1
3
1642
3841
2
1811
30157
1963
8
18578
1765
21
1
8
10479
24116
2593
2
22
8
3
93
14774
252
1680
690
8431
2
5537
44
21798
5
914
1647
9
2
61
176
2
854
4859
397
1150
27604
8264
1
9
225495
5
1
628
15
6
54
7
228
32
2
2
2
23724
27
2333
5
41
28
3
23
1
5
1247
93
732
92
91
5
31
73589
3471
8
28
1
43
3
193
3
43
20378
216
292
519
1
3
341
2
151874
241
89
7
3632
16
1
10
1
1
1725
21
1
2
2
2
5
33
3673
3
168
1
5
52104
40
14
377
153
29
1
1789
17475
6634
36
39
104
390
2
23816
72
2218
7
77
835
14857
75
1
566
50
55
1748
374
6
3
10
131
4424
15
1
741
2
3
7
53
22
38
13181
11
1
2
1
1
17
34
2
107
14681
351
11172
263
98
5
5
259
2
27
282
989
248
37
39403
18
187
5
6
202
2
4909
31338
6
114
70
72447
208
154
11393
32
19
7
261185
1714
56
7566
5011
16
1
3
10
6063
8
3
2
4841
19
78
5
30
111146
576
15
5
1
156
299
19
271
1
288
90353
817
8
2
1
3122
5532
5
8475
755
58770
287
16694
11
343
1
162
1
21
3596
3
1
38763
36
271
84230
25599
14
3
3493
31
21
1057
6
70655
95
28
2
4
3193
2
61
1
21
124
6
60
56330
4
267
1415
32
180145
92
12043
6
78
13407
9065
41
7
225
3
11609
27
55
5174
11230
16
99
1201
2453
1
31807
21
37
10
54043
1187
6648
1
4
81
2
416
4
40060
3
13275
27
303
1
8
5
7
64
884
277
158
705
1634
12634
4076
67
199
15
1
1354
551
66
1271
36
4
30796
31
16814
5
12981
1
135
56
1549
10658
1
31813
29
2990
1
4
1
84
5
22
19
12078
13187
6550
1
91
1
1
2545
73572
179
25
1
6
2235
7
5
14
1
2
9
4137
22
18337
77
10
2964
13
1
2
36
400
19213
2
1318
177
84
11
4
35
1
65
471
11
1
3804
90937
1
147
1
35564
1
1
35
175
16
16
1644
1
66
13152
975
9
20009
31
6798
99
5
620
166
6
48
482
91035
25
1
10
1
3569
15583
2
2
93
1143
1
5
106
2
3
14
14
771
9413
937
2
4171
2
1
49
9747
7734
5
53924
1818
25
42
23620
51
82578
4
11
6
3
1699
23
36
128
7
477
2
2
1381
31
5
9
55
2317
71
15
16
13
1198
2
19888
119
51
58
3697
2062
80
44
2
9
4235
1
5
26
1
3
63
29
2
24
2846
3020
6
16
7269
1
571
263
4
31
30841
3
3090
1091
115
1992
62
12219
5
33
4
42
589
6106
1733
2
15
1555
864
210117
574
151
10
4691
56
80209
1
392
6
24
8412
15865
17
11517
459
25
145
8
397
4
265
1
496
2502
2
4
162
6
6594
2053
1
4384
1
252
21996
1813
9599
17226
1
15
1
1271
1
482
19111
16
14
20
3724
4851
10
18
1393
192
11
5
11
14
212
697
885
1
2195
170
50
1
63
3
1
1
65
2531
2
1
3
100
2686
3025
3
70
89
26811
188
5
808
6
283
1
14
32706
282390
10448
2166
3
643
117054
13
2
67
24
3887
37994
6419
1634
2
3
273
2
1
129
328
797
1
1090
72
7
36
2
24934
3
45
181366
32
1255
51
1273
11117
20
56
874
312
118
7
13162
407
313
6
6
30
1
33934
45
6
7323
5
235
12480
32
46
2
296
6
5
12445
614
848
67
2
63
29
219
4
217
3
1245
20
21
65
9
1
276
3090
1
3536
3
751
8
35
5
778
20
3
25
21
1827
1427
134
10
18
2
1
26255
2
752
17
20
251
13
1194
1
3088
113
1
5
1
4
299
22
164
2
11
1
10
1
16
2
526
70
478
2
10
29738
15
1
7125
879
2936
353
1
165
1581
1782
30
1996
57
2456
817
36
5
129396
5
23925
211
289
10683
1519
18396
68
13
1
53
38
2
2448
1
1069
89
8
1
9
1
7
4
61
1
5
52530
18
4
1
6
454
954
336
2
29
65
443
14
40
1511
10634
23
1645
362
22
1574
100648
6
43
80934
9856
125
541
2
7665
298
32205
4
41
3211
5
7
3905
30
1
4
67675
7419
33
566
60
130
1
15
2
45639
58935
29
6269
4
5676
1
29
19
15685
7
2194
107
3
4
116378
4
5
13
3000
22903
1
1
4
6185
64
1612
4
2
1
34508
7
29349
1669
220
2
31528
55322
14228
2
556
15
166
145
27
728
4
74
24
1878
350
27544
389
2
872
709
1
97
40092
105447
1
198
241272
365
17
14309
115
337
186
706
630
1325
6855
4
58
26
7
19
1006
10632
4
1772
5
1
1
323
25
3
178
4361
1
18261
9909
192
127
2035
497
16
496
11480
43491
1
4543
3
4
2
63493
41109
164
22021
482
1027
68679
5830
11715
3951
20
12199
8134
112
2
20
4038
109117
11
49
1528
880
35
286
3848
4
427
3314
124
50395
25116
1119
232
13052
329
2
1
424
5
15
236
12
78
5
5
10835
186
9
3
2
350
1914
166
1126
22788
1
344
1
5285
20
2544
6497
15
175
4
749
152
1
12
54
647
17
29
171
23087
14
11
56
68
130
2139
677
17514
9
686
14
2427
1
24
38
2
10593
1
305
33911
87
23
18
13203
3912
7
18
13
1101
521
87926
147
119
58
18
60
6
6
112
14
1511
1
40590
1
1
7
2
21
95
6
2
912
879
1056
34
626
2
212
2
1
1
2404
11395
7419
31
12
63
80
81
19
1
101
3
3837
1
2675
182
1
298
5997
36099
1
96
993
1
12
1
2111
2
1919
1
30319
190
7
3
56
4
2
2227
6
2
1366
7
1
60
6041
74
91
71
2
48
6
4
220
66622
15
15
7887
5
1
8
2076
46282
1
953
63
782
5271
11
2
31
1
132322
379
40948
2
346
2323
80
9
607
2
3
497
35
604
40406
1
12
701
32936
55
333
1
4
118
2340
9
102
306
6772
1
165
90552
608
17
4
1
15
2
16627
133
1
1
2
301
4
14891
1613
10
1023
82913
5
700
12
4
1
14
40
498
7
5
92
183
315
2
32
556
1962
9
1
1304
1819
87
327
1108
2371
14694
44
9
44
1
1870
13
145
6
1
27
242
2
3
42
4
30
77
29
1
134
4
13
15122
2150
556
3015
7927
50
3670
17
2
2
1
1
42763
53
8
21
1
67878
4582
13
44
2
1102
279
141
111
2950
79000
2986
12
25
2
561
2
5
2
63
12
26580
22051
1
68015
44
2
1
10669
1279
5310
14
2
10
30
1
5763
1421
11
12
22
1
9
898
55
2
5
2595
5436
87
72
70
628
3321
2321
9
15
72913
1
24014
547
268
5787
1
18
4861
17
4
44
78313
12703
44
353
3746
135
4854
7
780
857
2043
1
21
347
47
2
9
3954
3
41
26154
17
157
1973
3
20680
12
23
36
873
32
832
46
25243
14
150
18
3023
5029
62
1
35980
26
16
4
1
378
5
85
732
45
27
24
11
2
1
1874
2
30
7
1646
152358
1
4
26457
707
5
263
215
2
394
193
1
3
134
99
92
230
1
42
3
247957
2
9
17846
204
24
709
26
226
3619
70
65
188
35
1
1
108
712
378
4705
1650
126
306
406
110878
1
170113
920
4
7
207
49023
1
23193
15
812
20
19
19122
203
2
13
18
4
1
5
15
69859
496
2
1092
3
26713
49853
3
324
935
1024
11
60
1
8
12
405
45
16
49
13
17
110
852
111
3
2
6
7
527
1
8
2795
179
6
57
74
10120
30
2977
37
10
2921
9
72
117
8
19389
3718
110905
1894
1
141
2207
6
46
1
206
6483
5932
16
363
13
5
143
3310
24
25
2046
628
904
4643
115
1441
2
64
56
19821
4
381
39
6
1261
199
91982
1
21
50192
1254
71
18
1
1
311387
587
7
29630
6
352
2638
22
220
1497
119
3
139
1
12
38
48
4
157
2564
168
534
3
1962
661
655
417
11
675
869
1702
76978
2
4
61
1565
26
115
5
327
4
1
118497
1369
33
5
3819
13462
19
1
3
672
1047
1
3
33
32977
1
442
4
1
111
157
3546
4
56
2201
91
10770
1479
33599
9
5
8
98
8300
78
11
22
1
4415
1
13
101
8
97
2
199
2
17
773
1
1
9
7122
24
24
40874
128
8
21
1
486
1
356
2
6843
34
3
65
1
378
3804
4
1
92
288
23
2531
3250
10
465
356
2327
25
10
1
312
1
31
13581
36
565
256
2
2
55
2732
8
1
203
1
1
19886
469
4900
6
70
1788
2
5
4
959
10
5277
449
4
197
155
69
62
576
1
165
54234
369
2
7
2
279
9
2733
34
54
1581
96
5
70
274
25129
8
5541
33
480
1383
89
1
2
286
1645
76
1
26
2665
1
1
4
298
27545
126
1
12
4065
744
66
1
58
1722
2235
10
1
12
137058
2
50244
185
34583
7
39
205
4
3062
1
1650
2
47
1
23298
24
26
4
15
37969
1
119701
969
11405
958
3
3
17103
84
39
9659
11
90601
576
51
2
14468
297
9
39
661
2271
3930
2042
2
2
64
16
499
84
2
2912
13887
98
929
1
1
2
19
4121
11
25
1
640
47
172
1649
3
34
7
5
153
22
57
3
20
948
207
4
63293
18
244
28
1
7
36
23926
29
10508
634
194
28
36
14492
1
305
1
37
32
2
87
8
40121
3
75
2859
1
1279
29
2136
1
174
141369
1167
39
2089
4064
6
48
357
3
65
112
4570
163
21
7
5
2
1
15562
7700
1369
2
1
3877
4
101
105
697
10
17682
30590
895
2
1413
1
18
2
20213
1
3
6
310
65
14
43
133
7
11
56853
206
232
245
1
1324
18773
119
958
4235
38
373
3597
3
161
2491
2
210
200
10
477
228
23480
57
55
3
7
1
1
1
31
96
36
1
4
437
160
287
3922
485
2
14
3
5800
2
1
88853
11
105
133
4
2985
22928
7971
660
2
4
543
36
1
102
30
2
530
5
6
14
1
6598
68
3
835
4596
1
904
1807
818
109
158
9
5
10
9
666
10
34336
1037
430
15550
2
80
3
322
747
374
1613
13069
283
8
45
1
511
5
99400
144
2
2
562
395
173
1560
125
2692
14633
2
26
25290
9
268
1
1837
5
4
228
1
9
457
2
84140
1
1613
1
3954
53
14842
17
1
16
1074
39511
546
2
74
56
4
35
18445
1
1
31
790
5875
115
12
8079
1
31
2192
3693
38
76
5
3
25
90
2
7
171073
60
210
1746
197
130
1
1
55
10
20573
33400
842
21
2440
54
11
35625
2
208
14
470
1
1
1
3893
6079
2
1211
1
979
150
386
1
27
30
37413
5
6659
2
1359
2
135
1
14
5582
4
11
1
313
3
26
5
75
34050
12185
10
1
3641
1222
1
3686
2
187
359
9
1243
3009
171
256
239
1
121
18
36
644
41958
26269
34
2
1
188
8
10468
45
234
128
2
340500
11047
38
2
67720
465
2
2
1
477
15
6
1
9
57
11
66
8
610
258
1
4406
2
1
1
444
8930
22
187
141
1500
3
8
2
2713
24
3
7
5
1156
38
23
6
2
1
2
4536
177905
3055
14
664
157
113718
664
4847
21
1
23
8152
1027
2134
109725
12111
39859
1
7580
612
49
155
3974
2148
1167
1
17
29
9989
4
2
57746
13440
6
16
30
269
2
5280
93
642
2702
27
2132
2
20
162
79313
36
186
6815
2441
3
7
93
4
16
3114
291
3
520
29
36605
1
3566
511
473
7
202
3
71
4
1836
12107
13
77
67
2
1
156809
46
1449
1084
1602
59
38
3
39
1
1
56040
1
2790
20158
35
198
11
173
4
1
167514
196
1110
1938
195
1
1
161
821
2
1754
17
3
43
2715
1578
319
2
2
454
1183
93773
8386
78
17
9
210
2
5
204
2672
336
34264
1
22
1512
155
5
1
29
26556
4
1
245
17962
2
12
126281
927
52
48746
20279
10
1
8604
12
2
69
1
257
1
3
9890
359
429
766
3
24318
118
5
178
29353
56385
1
2
222
295
17
25849
7325
1
241
3
85
2
67
13
5
15889
5
31
4
2
19803
6504
2774
248
4
4
63
24
2
138
30
45
1
286
2023
1
4904
1
13
19438
3166
4
42
3
6
817
22
1202
1
971
138
62
21
58921
35
1495
12
4310
5653
183
1
93
59
72
2
1
49
26
2147
4
38
16
1
16
71698
2
8645
5
16
2
16
4
6
1
524
370
1
19
1
24
3
2
16
2
13
482
1597
2
1
51
12
7
13
441
77
7
20092
3
1
1
1325
453
1
84
10242
2
2
4
628
10
108
55
30
4
15
6071
575
6091
3
2208
911
10
1571
2
6428
5
285
2
1
46
2
43
1
3
7
2
90
9
1506
33339
5582
1
852
121
5
71329
68831
1
18
741
105
2
616
97
7
32
254
113
10
240
381
2
1
1
1
16
7
4806
28
1
1
53
20
555
1123
149
39
9909
1
1084
46
9738
307
48
1
1
5535
1
4853
1
21594
6
4
2
1752
1
11913
1
562
51965
372
7
150
1
21609
20372
6
816
9
1
315
5
609
1
5011
2
270
584
6
7869
1
2
5
32
1
8
25924
4
11
7
32
2
37
76
1
183
29218
334
24
1
70823
63
7
20
1804
201
5437
70
4
52
26049
1
15
95
91
14
11
2
1
1
4
1
1
58
11
1
666
3
3852
765
1
1
148
6
46797
191
576
39
804
69
76
8
1
1
1290
6
73
10
46269
3300
71
18
7549
17
2
1
12
3324
1
210
2
18332
167
5
2
92687
6686
1
292
11
18
4
170
4
10
563
70725
5
22
1
2163
3
45
126
3929
523
259
377
3
861
1
1
7173
276
470
13
22
1816
3056
1
5861
12976
29
1
309
12212
3
50
696
33
3130
2705
63
7476
1
29
2451
1
625
58
205
22
27934
128907
1604
3836
4
140
87
27
1
11
282
656
2
53
21
3
82
1
49
517
46
8
81
1
7
3374
65
637
2290
5482
56400
11
35048
1
511
2
25
54867
63267
1
347
759
179
80
334
51
8
7
21818
4648
4
2575
1
1
2
3
1
943
45052
2642
92
74
327
1
10
4
86649
23
1167
452103
19
85
24
21
5488
50
51197
1074
59
374
6472
10
2
1
8
1
16
1
4
3172
370
29
3
161
8219
9
119
9
1413
31
83
1035
2
9130
8
8
1369
1
282
335
138
5
5
111
37616
725
13203
4
18
23534
115
27461
23
6
41877
152254
21
937
246
4445
2548
1
38
26
6778
2
33126
3
3091
26505
158
3
51965
810
828
314
9
58
72
1615
193
39
5
55412
68490
1457
54
94
463
3
1
32
11
3261
2263
38
99
2
2911
1
1
19
607
5377
7
850
10
303
25762
16
74
22031
7
1
49431
8
3
10
239750
39910
69709
31
618
2467
3
5160
151
7
14
514
3
14
71
120
85472
1
3
8
133
4
3
2
9948
93
4
3
9
14
1
64
57
4266
52
2
3
74
3
16
111
1744
1
4953
468
4
226
55
7899
89
2526
90
4
122
1
164
170
4
5
465
4
3
78
75
344
156
40
1
12
4252
52
10963
2
4969
1
901
72
15705
86
4318
337
9
6680
64707
345
440
1
12
136
1
1
73582
4
117
38
1
28
7
116
98
11002
6282
5
1
1
5825
975
1
2
1
1672
666
3
4931
2
1
39
91
73
1
215
15
2
58980
18787
6
7
20889
24
13
7
1
9006
17
1
5
2
436
913
33
20944
13
380
4
650
7399
3468
13
25
7
12
38
1
435
10
2601
5
21
1447
2
4
77
1550
967
1
204
68
10
2723
4
4711
137
4
3
20
2825
7
74
110
5
1
1
2
1624
22
4
49
1282
1232
2
6
36
46
185
3626
1
3
784
64975
426
11
26441
2
1057
6
27801
17
6703
90
8
38584
1
1
53550
46251
79
5041
301694
18
1
89
20
409
15
5
21
105621
9
1
67
2
12
4540
1573
2881
362
50
1184
24
5957
16
6368
2
1222
45524
12
39
2
482
6
3375
1
219
13864
5382
1
4
1
46
5
2
1
103
119
23
1
4558
2022
1
90
998
64
12792
6
4
11
1
4
22541
5
279
162
198
4
8
4261
10
6
83
232
2
1
33
1171
2
3
288
34427
4
12
1
37
6969
3
43
6
1
11
132845
1
97
30114
8036
2
24959
9
10
1
45
203628
1
312
495
8
1
10473
30
10935
27
2220
40041
2
75
129375
2227
27
13
53
984
8
146
7
28830
32832
9
3
20
24236
178
773
9513
2412
4321
1088
2
206
6
9
1
4620
5
15
3
2779
61330
695
878
35928
62
1
3
102
106
2
144
9204
61012
311
4
6
766
8
2
202
9
40129
436
7
780
4686
18
1
39722
28
1624
52
35971
8
5
3
904
2
8278
64866
15
6862
4
14
2
23874
103019
13675
1
13
2
16914
3
15732
10
1
410
19808
61134
58
8639
21
8
1
29337
340
74
4130
725
673
54
8
59790
168
23
3
10
1
2
4
26270
6
532
17475
529
7
10
41
1619
1656
917
8242
319
111
37
705
3301
18
53
387
1
16
1522
98
1
20
20744
13877
3
759
1
13
14
40
6
77
17713
1667
18770
165
280
10
41
2
1
53
36
3995
8275
74
2
40
490
1
6
9819
20345
51
31
8
367
1488
1
2200
43011
1766
4
1
721
1
35
258
74525
32169
5
176
29
5
21
29654
765
26
2
1417
5
3440
8
1
3
18
62
1
9
123
4
3819
435
1681
79
788
30
4486
5020
57
36
621
1251
534
1915
2479
8
83
41
14
16
37
36
42703
403
321
3644
17
3
37
2
22006
480
3
1
2732
4
893
15157
62
88237
22057
7
10621
2
76
471
42
836
933
1844
878
681
291
98
371
558
1
121
64
3226
1
127
9219
6789
62
124
2
12
7
4
56046
2
603
1
30
9
840
4
14
161
1
7216
7515
71
52905
1966
1
13641
57
19
1
3042
3
3
1
180577
20
11
10
23
102800
267
1
120
142
6060
72
7236
291
2012
1
1
14
38087
1
7
12
36
173
5
35
84
34
246
7
19
2
1
8
97
411
3
408705
64
2984
276
65
28
9
4
34016
4
2508
15
965
1
670
17
183268
1445
21
24
21390
463
12
2
1
62
20
819
14
11
7
1202
473
144426
1517
15
142
32
628
3218
10
19
2130
9161
2410
8
88
12
526
64
4070
926
312
145
1
559
13
81971
47454
2
1
217
324
86
2
1
270
63
12481
3
78
1270
42
58
3955
426
1
8745
5143
39
7
40327
2051
38
1
6
2
33
2
851
10783
42
129
107
7162
9
1
10992
284
7
469
16
230
168
20887
28
7
174
9299
132
785
3
6
77
56
1596
510
1
10
12681
1
4084
4
92
8403
14292
1636
4
8
96
391
6
4807
1
1
394
1
92
62
4397
390
36675
80
150
13003
2654
24
2
3
9
182
143
22
25
1
1
18
211
14303
4
29
56
352
55
4
1044
4
168
2
2694
782
10
16
25
177
34472
30
1973
38948
168
552
609
29
7885
1
99
76
4742
2
42
19911
488
1294
1
5
35850
1825
1
59
56658
56
14
86
1208
37500
276
163
238
56
44
6
32809
1
19249
136
4
1
8
59
13500
2
140
5
134
3
77
51
926
15
22
255
1171
819
75055
2260
19688
2
1410
2
9
2297
208
3
8356
285
14022
680
4
14
1806
19
628
3
3
3871
2
171356
71
1356
13
42
250
9232
269
20
7
73
1954
1
203
55152
241
1789
930
180
3
345
2
40
149
199
14277
242
16
1
3009
1
9
4883
49
4
5
1
3
41
188279
5
1
15
157
1
370
2
1552
5
169
13330
6649
37
862
151045
7703
72
21
1
30465
18
2
29920
132
1
2
154
1
2122
20
76055
71
3
355
6
47
6
35
8
1
161
227
5167
34
4516
5173
2
1655
112
117
534
7
62
43
119
6
1676
7
1
2
5
62
9859
5
3
40
1
10
133
25
34
3
15481
1
2236
221
34
27
16741
5
86
1
2
2676
1552
1
33
5
36253
14
1
393
1
96
77
24670
17
5
1
571
875
49
29923
720
15936
1
10
1
872
31
1
13775
2
10
997
3
2
3182
895
765
20
23
5
1247
7
2638
2020
355
23
3
14294
1
7097
1079
3996
960
2
8328
41
136
54
579
11105
5
2
138
21
2
9
131
382
3
29402
4559
12241
19
1
107
2
5731
14316
7
2947
1457
2
2
2
1
1
918
1
5
307
2
83421
3192
55
16
11
228
1
3
11
15
3
9
1
16
14953
124
318
5
108
132
4
2336
2
21
86
527
9
302
2
1
4637
33008
133
32947
13535
26
17455
2
947
20
2
576
2
4
19493
19
50
8
445
6
149
36
751
1
13
11266
249
486
22140
428278
78224
1
1
16
601
1
3203
5822
1
2
1580
21
3
14
11
39
42
30
2
5
3
791
35
2
2
71
15830
432
35
20
1524
1309
1
1
3
49
112
66722
1
20
1494
18
280
360
13650
4862
17
55907
19447
14
84
64
25
11323
3
8751
1
2
49701
534
1
3
3
48
13884
1
287
541
2
33560
1
3272
11970
450
1
2
28
83
1
19
1
4657
4
13413
266
1
1
14
8
1707
15
8016
9805
18
107
178
1
971
9
2
410
17
1
855
15
92
1187
3
34
1
714
14277
34
656
99
16
3
1
263508
6
9
5
18
819
247
252
580
386
78
5
70
3475
2648
2
556
762
1
862
5951
7
1
47
88
22
486
2
13
134757
39
66
54402
100
43573
2
1
10726
69492
2
26
1212
2010
23
170
3
2
5
2014
1
22
4
2
352
12
135479
4999
34609
3
7296
17
34477
191
168
1579
157
8
4868
1167
2
846
572
19490
10
3628
16780
44
4
12544
26
1637
494
38256
1
2
11609
10
1913
88
60
3032
1
33066
40
1
4069
718
219
3
6638
57
518
64
166
66
3
155
2
1
2
5
734
1
2403
1
1
55
131
430
12
46250
1
7
33
112
1
3409
98
1
37
613
6
9
444
60
2
383
1055
6134
979
14
224
1127
162
115
16331
2
6
2
46548
58
1009
8
9855
8
6
5999
327
261
297
4589
50
3
2
3
538
902
16
4211
4454
689
11983
9
56
1
15281
2
1
147
86
1320
2009
197
128
1
667
44
9
14
1311
5
54
916
57
933
143
6
494
9
1
4475
115
3
326
16
24
10495
6882
3
49
259
5
5550
8
402
3
1804
52
72
731
84
49449
41
57
39
16
5
15
1824
148
4125
3
7
20836
5812
3187
1055
6
3
260
1224
595771
1
457
4607
7
1202
8451
22
1
10611
469
1
6365
1
30
2
163
92
10907
8
62
360
9
14
1
21000
386
2
41
3
4
2
6
4
11
294
196
387
39345
1
9
1
244
2
88
1
143
9
9194
1
10559
76
3288
1
358
9
1
61
2
31045
6338
1
115
3057
2541
6
1401
1105
176
80
22
1307
17
21
2294
20900
7
1
1
375
39
38
572
65
950
1
72
14
8751
299
2
12406
5
5228
7
59980
381
2208
4
27
304
2
16
2
4
25
6389
11
10210
247
3
405
40
407
8447
2
38
3
3
103
5676
318
23
8
48
2620
1
61
29
51
1
1368
3
10
34
3
1442
494
1
3
69
4482
2
6
3
1
299
3596
88
90
40
288
3
2
4
7639
21
53
17274
3
1
5
900
11356
26
149
55
7
2
124
1572
881
11
395
2034
6768
162
2
3
36
276907
4
400
229
9
1167
607
686
1
2
1
25
357
2
15
2833
166
2
6
5666
66
22
541
12114
25
7
10
5678
3700
6
117
1424
15
12451
16017
34256
10228
54
195
161
9
65
204
3154
24
470
7
11436
11
12012
9
13228
7
72
155
16590
238
1
238467
70
1872
21
5
1
280
2
11616
28500
34
3651
85
64
963
1711
30
1
123
4
118
6
2861
729
136
113
30008
229586
1844
7
17285
627
432
5
8
6
31
1
1110
16499
1
5
4
1
2
6100
60
4
33
35
158
10
4033
176
99093
94
41
319
15
3654
432
153
2
109
23
6
6843
2
1416
392
7
389
2513
570
89
1
88
1601
289
2
10
4
6332
45
5
286
157
29
1657
85494
635
6865
230
252
1
100246
273
1
2
26
8637
1
208264
9
1300
2
30
271
15
864
910
11
4
3
2862
62
3
1171
8
117
171
106
153
346
2
41025
41028
3
45
78874
924
5463
4106
47
331
3581
427
8
4
2
56
13
1
35
12243
2112
9
3
69059
212
154
156
7
1
3
112
1
2162
6122
3688
2
617
4192
12
4
2
190
1
1
35505
100
47
856
79
1
681
710
41
1973
5
2
1
5895
5149
5
21525
885
1208
1
13
108818
22513
15
265
187
34
316
1689
11778
23
1
153
237
3
16855
2
29
2
46
1
1
2607
1
66
21
1
1
1
5
4154
182
1
58
3331
14
1855
3618
509
606
26634
1
45
27388
82
26
1
15009
2
69416
16
3
17
7
1
144
615
57
44
1
93
2486
13499
80400
1
2
11
1
6352
5
129
1
1369
1
36
28
1
8
88
1
2
264
190
5
21
867
9091
6640
5
1
2
20091
175
105
5
235
1
1
113627
4
6706
3274
1998
12
8
20
743
369
491
915
5685
161
39
2
83
29
15
107
14
24198
1
11
4
2
1
263
1
415
2
66
5
1174
544
128263
123
16
32060
406
31
827
21414
3
4061
5274
32
8
4
170
1039
14119
1
103666
1891
34
16
17
8
38
21
107
3
5
62
50
50
667
7
7
34
2
2009
5
4
9
204
5
10
69
139
1
64
60
33
180
2951
6
140
155
3
1
6
7
5
4
22
31
7997
1635
1
1
349
118
46
6
3206
3
168
136
5
3
10283
935
4
46190
24070
18
4
2422
893
22
36
140
1
11
1205
61
496
1
161
493
6156
609
1812
112
3188
4029
50
12443
3
1
102
118
15
45166
24320
1
249
440
4
208
7
254
8
1
137698
9802
2
30
162
21101
13615
191
39
9
97
1
125
374
447
9069
4
1184
7
276
1274
60
317
5725
38
9
3319
2
187725
2186
32
1
775
516
265
140
1
137
2506
1
6
5
33
832
344
10
17
24
1828
13367
8
3
1
272
8
1
4092
1
140
100358
1
3453
416
6
4120
575
1519
9
173
6535
3
5900
75
1
322185
30
180
11
448
2445
74410
1848
546
608
29000
90
30
2620
171580
13
714
69
55
3
4977
133
4353
67
1625
131
8
3
2
10947
60
2
45
6970
24
3
3468
1
24
28
26
203
10829
8263
3
1
22
11342
12
5912
1
40922
2992
27
3
8475
3
1
6
29
78
13
1
1
2239
5
1142
100
1134
794
43
9517
9769
1
17
2
3
7
1
232
3
6
2
44
1
24968
1
125
30784
40
2
2
324
60131
5
18469
34
289
23745
7
4609
36
40
7935
5
2
2000
116
13
43
38410
2847
6380
3
46
79
16
44674
2052
43
702
3507
512
151
106
196
13026
23399
2680
96
2
143
1
6714
8227
40375
25
6638
773
4
721
2987
9
1
239
26
30078
7007
2
10
4429
2409
17
5
22
1
103
9975
3
98
36950
799
41
2
17
1055
13507
31
2116
87
16
99
5
275
33
28007
404
35
1
342
1
127
29278
11
4463
4
1433
10
32
776
1
59
69
12
15
1
5
5
6
5
1179
2
56
4772
230
14657
75486
1
56
1648
2
50
186
110
121
2
9610
87
37
28774
680
163
478
966
975
5
109
25503
46
1
45
161
2
29
2232
38283
370
1
94
1478
2
22
24
1
23
10
3242
2
1
433904
4890
90
8
5020
14388
23
2
14
255067
68
2967
96
4
21
8508
1
247
171
13
3
1
2
1591
29089
608
14
6
45
77186
7036
8
841
1111
1
3246
776
6
531
49
40
28
1
3
7
182
138
7
3
2797
3669
12
1547
2313
1725
558
1
2589
41457
3511
1019
6
62
3
1029
17
862
1
41428
50
8
601
147
2
1
12
29006
26
1
88
3
4
105
131
822
4618
885
7
553
150
11415
1
219
4
1
22466
1
984
1
62
23
1
9056
24495
9
2
7598
6
2
24
20
516
5225
2
44
968
25
82
25
4882
258
19
1908
1
6451
305
13
151
14331
23
5
697
11520
2
3
593
3582
819
18
22
438
18851
1818
2111
63
1
3
353
1
4
1
29
1583
1178
3
25548
3
3773
7214
3
5
18
4
9
160
33
62449
16
159
5
577
1
3
11579
1
1146
3
73
39844
145
200
3
284
15798
72
503
1
250
31
35748
58
11601
1
165725
637
55
1
6
27
25
10
17
14
7
40146
8
162
2
5
644
9
1
156
3
1455
918
7024
140
27
780
102
7
26
69
2248
188
10968
27
2
36
332
9
2
48611
132
77
12
456
1
257
92
1
13
12
2
1
184
2
1428
3
1341
36274
149
2
17
75
26
2
9
1
2
1
210
235
26
1
1157
5
198
1
3163
1
484
58
2
2
174
143
83148
3
7917
527
86435
52
25
34489
9
2
16
21
1
12135
199
38
19
1708
16893
52
10
2
48
28
408
3407
18813
48
2
184
2
17
30
22
9
18884
15499
6
953
28957
3
74
1
4
4
4066
432
75
2
1
11652
1
1
11
1
55
7693
1991
637
34
337
731
881
5116
69865
46
6
450
4
2737
74
17
2
11
9
49628
4807
2059
55
19728
1
131
51
2377
4
5594
22
1
1
51
60
16073
228
22
108641
4104
5
1
684
543
102
30
3
409
134
1048
81
1
21
15
32
403
1
1944
59
6
1
7
184
13
122
1009
119
685
8
94978
3
29
9
1
1
230
30
2081
7
4945
8215
217
8
31
256
16498
197
2
13
27810
40439
1
2
1
1
4616
157
63
1649
1
1
7
23
21
5
4
8
3
43796
1
4
1162
2
1033
31129
29
27
110
1
173
91
68368
7
1499
36
115450
1
14
272011
14
126
46
11657
11
4
6
21
17485
3471
13
7
1733
1269
4
6
38
2
3859
7181
3211
7
9
726
1
2
47451
3
475
4
30323
1
2
142
4050
15557
9
15
619
3
2
2033
74514
4689
2371
5
2920
4019
1
5
128387
398
96
30644
18423
1394
1
7102
107600
1
8511
34756
258
47
544
10
4
1160
1
83
4
1
5
86
217
226
3672
2174
4
1255
14063
1
465
137
114
45735
1
1225
2
6
1
414
291
8
399
3
216
28960
5
1
10
13223
555
2
1
31523
37
4
8
2
5438
19
202416
7
74
65
132
57960
712
3964
86
1226
9
3
3
8489
36
9
1
2
11
2003
27042
6025
8
2
1
26
165
190
2258
57
525
23014
1
4126
16
35
2
4
10537
7197
2904
30
1322
692
67462
40
197
9919
1
13245
7
2
135
2
9
1
1811
330
70
7
242
22
243
2
30208
2
125
92
2116
1
470
1
17
28
2
22
4517
1
98
52504
54
13
1907
7231
268
17
22
344
13678
9
350
2
88
6
6
1
1
113
1
5
225
289
43
26
23
2
323
3
1
124
21
57
10682
1
4
14675
15
1972
2
6576
3
2302
81
2
568
2
6
49
2
856
4512
1
1
1344
36
4
4
6
8
5212
2
3
1
22
16
3
15
24
13
1
30
1
283
862
4296
655
1193
1911
2
25434
1
1
12
4552
2066
18
217
1
499
2
295
1
2191
10300
1541
45414
10
7
1
624
23
214349
1
51
1
2802
982
516
808
22
2
509
15
9
2540
1
7885
7
297
12
1290
38278
10
250
247
18073
4
13782
709
15
1
9
9
61
2
2
767
11
21
1001
1718
40
73
164
28363
120
14
82
10
1966
2932
1438
8606
1
4
1
938
2417
1
1189
25981
93
395
8
107
16
8
87
3527
24599
1
57
475
1011
9
51
68
1
3236
64695
4250
3
549
9
63
252
29841
5
3808
4180
96
2
4
1
224
72
2
541
1467
57
30
136
24
762
512
10
3
407
33
152
36581
47871
3
153
851
16
4
472
2
106
214
15
104529
153
65
16
1
427
1
2
6
34
38
1636
2
278956
3
4
308
4378
56
1802
7171
1
1
2
3
6
312
186
31472
37
1258
12
5
38002
5
3
487
1
2
1
2
5
3
3
1
484
94808
119
4
3021
1020
9
333
56
794
1
7848
7255
50
3
19
2
67
6309
2
125504
315
60
4
26
940
56
1733
2350
12
2353
6302
1
11
2
5508
33
11
61
381
2
76
14
90
66
110
1
448
1
58
21106
2
200
787
11
119
9
7521
79
2791
170
29
3888
12
2
8685
466
6
2
1429
257
7437
250
309
34
45
164
13
1277
28
1884
30292
4
6
60813
60
1
1
170
436
14720
5
52
12538
1
1
272
667
9
36070
1644
646
2
7
2
24
49
15
47190
1
31
2
17
987
998
4914
14038
12
32
9
102
2
839
111
93
8
1
2
4
1263
29
121
457
117
38
17
29
17681
5
148
1
38
9
19
1
26
1
225
6
7761
1
3
2
7
40815
4617
25335
1
1
1933
65
474
32
55
2593
3
666
56
30042
1284
2254
5
1383
8458
10551
113
3
1
11
53
37
6
16002
2
4938
771
12
4
3405
1092
61
2
940
328
38339
5
13931
1
12
7
11
6
204
125421
28
5400
2
29776
31819
20
1997
12138
20
1
2096
38
2
2122
11301
111
6
2
59
1
9
2584
859
2886
182
753
202974
40
39
969
51
8
1
1
116507
1477
2
284
1
61
145
266
3346
4
16443
4499
27116
27
5
1
32123
6
1
3
44
53
690
673
46
32
2
373
31
36
13
2
344
161
22
1
3317
721
1
1398
1
408
3
6
2
1
4
104986
23
1
3
828
23
4
97820
37
7868
153
489
33
198
2194
813
1
6
2209
532
5
2
245
12824
5
5909
697
13
140
3
15384
9
1045
965
197
874
454
4
2439
49
407586
1
6
1
224
389
13
326
173
154
48
24
16
44517
39
43
4130
1
33
2
1
387
37
177
390
961
57
42256
108088
14
11
7
1
1
10282
2
1873
1
3
3536
4
23202
20
4
92
641
1772
290
4771
80868
7216
2
2
97
65
10
1
11
24
9
2759
75
273
1
6
2
7
244
134490
74550
3
14865
8
4
214
23
62
51
1
13621
39
29496
79039
4473
17660
1267
24
4
19
205
946
49
379
14
1456
22529
1
26
3
5892
6
10389
141
1539
76
2
1
28
145546
2
76
13
2
591
11896
760
3
1
237
2
54
30
7
5569
1
1603
1
39456
23244
4504
982
12
7
58
1
2
101
6
228
12
3
30065
18191
3766
25298
138
1371
7
7
1355
1
3
5
23
3
12198
15
1
123
4
533
133
18
74
9
24921
29
340
727
94
6
1
33447
1
36
309
1
8821
23784
2
4
29
2
23
73
286
89
30788
386
220
187
4932
440
46377
28
8
7
1
1
4862
9
2
230
1817
1
173
7131
34
4
1
29184
1
671
1
2
70570
14
11
3
62
346
165
6
24
63
35
44111
2
3
41
1017
458
1
12
2365
7
4500
79
4966
3998
9686
5625
25441
2
1174
538
1
1
9
786
147
3
24
35
1
1
1806
1
729
3
44368
13
2
832
2996
1663
137
1
356
4
2
37
3806
190
2490
25165
3
20
103
274
17
12
5
5142
2
7
633
196
70
2388
63
106
2
359
2
17
4
6
3
3
40
1
1
1598
96
129
3
14019
2495
3560
1
4
4789
120
64
1743
35675
14
17965
48
73
743
433
2
6
615
1134
4308
339
22
54549
11
23
1
9640
1
15966
17
4
9
1
160
54
2
71
33
7
1
1588
638
657
1423
6
6
1009
2301
1
18
11260
50904
2
16
378
10
61
13
54976
21
23
23
29
1
52
2
2
14199
43321
21028
3842
1
287
3
2094
1
264
36
410
198
1
5371
37
1
95
118
18
3225
1
303
1
303
3390
34
128258
2185
122
1
14
31
31
16728
34
78
1385
96
67
26
1
1
6
3
11347
170
85
1021
5
120
1
7
10229
55
3190
33
6
14
5
7
1
21
23
9407
277
161
102
65
17
5
1
6002
5194
902
44
2
961
2
5825
1
479
750
1
3838
11
3
477
11306
32
5
9
1
3
214
4
98
1384
1
5236
19
21
4
8394
214
12
1036
3
1019
8536
4394
28
4
7
14
4564
96
4
36713
1
170
1
448
6
11362
999
8
222
97
143
664
979
1
5
144
134
39562
12362
14
260
1001
2
85
8
478
4139
216
6490
2
22
38385
4
1
16766
22432
14
26
301
4
373
84
14581
160
108
3
67
151
36
882
5
20592
22
14
58
4080
3
55
6
3
18
115
1
22
442
53
29
44458
22314
40
2
784
19
4
100982
25
1
7
31
13
9312
13410
1
424660
70
241
45810
46
1
1
874
1579
53
6
223
16132
3
31
1
27
3
17
20845
193
3051
1792
2347
4
216
4009
7300
37
1
716
12266
1
7527
2
8345
3
2
7447
1
2
839
1
3
30
17
966265
193
7
2
3588
330
2
21
31
3
267
2111
53
1004
41
2568
8127
360
909
16
8
1
75
1305
124
68
16
14
5
1
2
11474
39
14067
1
334
719
21
1
2211
4
12933
69
3
2
7
12
3
665
16
1
60
185
785
5433
155
8
4745
9
1381
2395
160
94
11
137
2
268
8
2
1
20185
20644
7
6
6
1
22374
2
34530
5
24
66
30
8
3
2429
247
4
90
18
1
125
228
141
12
784
91794
3
915
1
1
154
4
7
5730
718
18
15
8
11
2750
2
1
74
3
5367
84
3665
3
3749
1
1944
30
3384
1
2866
51807
13588
108
2
3716
1247
32
73
41
3
178
474
3846
2
70916
1745
45198
195
79
168
48
6
522
59
30
12011
203
1404
114
4222
5
452
149
15
6
2
1
19410
409
25
40
6
176
482
910
5
2991
3
4
17210
15
11
108
402
389
28
40
75860
4
54990
17
16
2
2954
3334
11047
13
36
2
2386
111
6
740
1
627
5
162
87
1
3
89
1437
2
73
1
282
104
36
1788
4
119385
1333
263
847
204
23
6
442
538
10
15884
94
53
6
1044
1
155
1402
7650
41
2
3
7
11
1
60
24
4
1
151
662
3091
3
4
3
2
1
21
12632
17
43
45065
1605
6
109
1
43
1412
622
28
2
236
12
15
42
23626
18
505
4
1
1
6
1
4
1
2
44
1224
132
458
20
27
1
9644
24
8050
25
1243
12
19
11
473
72
53
7
2
702
4329
1
608
13
6
6
1511
29022
1
6935
4
4839
18
13117
46
84
10
5
73
3
592
4
215
3
6162
71315
2
185
2
1
1
41
2
19
11
2
5604
26746
10
82
584
1217
1
204
133
35
5
29079
397
6
54016
176286
16735
168
3940
1
412
378
31
3
93
1
38148
5
19375
1694
1776
110
48315
78
20
12
71
17107
41
2
5
18
4
99625
2654
5292
542
332405
299
2993
126585
2276
418
1676
185
16
12
169
2
4
11
8
1803
117
1693
11
7
3
73
4152
120492
11881
524
1
2
12
150427
99
72
165
35
2
9
102
1
3039
2402
1474
27624
3646
3
1451
18
1496
118
106
882
80
21
4510
853
22
2
373
24
90
7
8349
13145
52
5142
1634
1500
84645
5
2982
1
25
1465
3
355
8
87
835
7
28
550
2
20
1
10
1
3
834
14
411
69
1884
13
1160
40
40861
2
3598
71
367
1
1685
232
29989
287
5
112
7
12
6
853
6
5
1
9
196
8
1
16522
779
1051
1
47
2030
175
76
1709
13132
527
14
1
3255
10069
154
120
1022
16
4176
7
4
79452
11930
5
21
3
2
387
20538
7
16
12
108
1349
15
156053
2870
1271
13
57
412
3862
61
7
7730
134
5972
19
1
659
57
2
19
416
2158
9617
385
23
13
2
6
17376
2900
2
13
103
10
1457
1644
99
8
79094
1
1
7
58813
15
51983
718
1
11
346
8
36897
3
51
2
1919
3
4
2644
43
13405
295380
7641
1561
18712
1
1181
1
6356
7770
24
4
5
587
21
123
1
2
12
22
39523
485
114
2
298
2696
1
4
1
1044
6
2
47
398
30
1
2048
24751
2095
7669
19
1
2150
2
1529
18
237
19
2175
59411
1403
6
184
31733
39
58
7
1
15
214
604
61
13
8
33
1
137
2
4
5
4506
10
33
125
1277
2546
119
1
1
17
1
40
66
212
3
15
54
4872
261
817
779
62
112
2099
2
579
15
29930
119830
16
87
1355
23756
3
16
30598
29099
342
2
10099
113
1
2
388
1
201
36
1627
5700
70
25
1
2276
18807
283
104
178
2722
1158
3
82083
4
34
461
14
10
65
2
86
2
5
9
1
18
663
1
4
19205
475
125
32
8
10264
25
80785
6
1150
85
1506
1
253
4
23
12
3
43
18
1
33
1
34
574
12
132
155
3
16
1
341
9
4666
170
1659
25
4
3430
674
322
223
2936
38
28
461
1795
238
9
19
10494
132759
5
733
1
1
1098
1
43349
4
104
228
1
61752
2
3240
47444
46
160
1
842
29
1
5265
16877
296
851
1
12979
6
7696
257
4162
29367
3740
5
2
26
2642
53
23458
94
3
2307
13945
39
149
1
135786
4
4
2
184
19
60
72
65929
66
600
642
5
27
331
1
8
1
380
4534
1182
738
7442
15020
546
8161
62
4
9
2
13
39
18
328
7
1
10
1
2567
1
3
159
37
1878
22
5
5
68
1
5290
141
287
3309
11
12
8
67
1
32518
10135
26
1398
91
2
6130
46
93
265
1
38834
111
814
6572
2
8
1510
58273
1
1
11
37
319
269
49712
2
21622
2
11
2
11
7
8
39519
8
26
718
7340
10
10
136
29
600
442
237
57231
1883
50778
2
760
1102
1
26
2
136590
31
412
42
5
106
1003
3
734
3
8
411
601
9
58
86
24
1
17847
102
2
8
326
53
116
8565
1
446
56123
14155
1
3
17325
224
2687
5
2871
64972
333
1180
30673
10
131
48016
407
4799
2
4
24
31339
2
3
1
9117
17
69
13
18
3
398
14
61
44
120
1
10
5
505
2
20
4
642
49
88
20548
1
1518
28
5
1
2322
661
89
10883
701
3
229
2
55
84
1
583
11106
451
2
3900
170
880
3515
9122
12
32785
5
27
756
1
98
5501
174
2
3354
1784
4
79
1
4928
5
14
19795
537
18
327
121
26
130
1224
122
15
3
10
10
58
2
11078
2
1237
8565
6215
600
2
1
2487
1
90
1
3
15265
9043
257307
899
201
29
2
633
493
28
236
617
850
81
26
69
1
1466
1
17543
162
36
3
174
983
4
4
1
2
2
757
17
822
119
2
4
391
4
1
4
19
9
6
235
8
3025
3
1089
2
170
6
46
76
905
7478
2
12
343
1405
12
1
5198
1
23660
22
1
43075
222
356
3394
79
5
618
12
107920
6
5
8058
1
1
34
2898
12
18971
1009
191
1
115
306
642
35
12
2
15265
9248
2
10
6
134
163
21
11
128
43
5
17049
1
14596
149
288
1
172583
2442
1
9
3
2
72
2980
143
3654
21
211
60556
18
17
76
8860
235
12597
3
499
19
105
1019
23325
2
1
7
1
149
219
15
10044
319
23
24
1
2
3496
16
466
1
42
59
166263
276
9
5
6097
866
2
6
36
222
1649
1506
6
1
9877
37
5
79427
7
2
1269
4
32
10
3
13679
32
193
3
4
2
330
7864
7477
7664
386
5
54
5240
2537
1
2
1477
3
4042
234
89
47735
1664
4
1
47032
64
307
2821
2
13
38
237
66
2
1
6
38
203
216
1
52
561
172
4009
9467
1
19
4
1079
3
194
3
74
144
18754
1025
2
3
103447
367
2946
3
23
1
13
1
66
94
1
159
1
1
261
1867
1724
2
427
2
2
4
4172
119361
1
140
29
18552
24
35
5
1624
13
129
72
3
1
2
4
132
11212
8
1
1
21
123
11452
34
171
1
6
1
28
60
2
223
2
224
7924
54
12673
668
2
660
2435
5279
7
58712
28
6
2
1
103
16540
11
43
141472
20
1
21
1
12
5
93
205
6
2
2
295
5
4833
134497
684
13
42970
11
400
61
845
3
12
86
8819
20
17
4
42
9
884
746
25
58
202
86
1
1
308
11
2
21
468
2
10565
2
8
81536
353
2
584
16971
200
1
56029
11
17
6028
6377
83902
1
42
653
12
1
450
755
30
450
321
33
3255
20
6
5076
1
1
2
1
1621
2627
1
4
7
1
24986
1638
108
3141
4
6186
53
113
6
3941
1
4
223
22
239
1
1
15
65
13577
4185
266
11452
5939
2
1
3854
1
1
126
76138
61524
1
16000
299
517
2
13397
13
33
4
475
11
11437
249
2
4763
13213
34
8
45850
1215
465
344
27
7
226
2
24239
184
1
28272
2936
368
6
16
8
115
66
1
3
15975
11
10
3
6843
10403
2
19149
4
9
6033
6
244
2
115
27
7
2592
1994
47235
58608
39559
4
47
13929
3
5434
6
27926
114
56303
6
725
4
2
70
40
1
6
14
3375
4558
198
1930
2738
15
20
877
25
90
59
152
8
159
1
4
1696
671
1
332
273
32
128
6222
132
25593
1
6121
440
32
641
1
3331
41
3
1007
32
319
16
214
657
1
57202
339
44135
98701
22027
2
14
3
227
8143
3236
2
1790
154
2045
2
46
267
4772
10
6
34
26
5
960
2926
1
6
1694
1
20
134
24
2
2872
2619
5
13381
21
1
1
3012
27
1
2
1
18
1829
20
3
1
2148
2343
2
5
136
728
30130
1
19
823
50
355
1649
492
4
88
37187
725
17
43
1
1
48240
188241
41
46
4
225
1192
10
2
58
5
373
692
1410
23
43687
2
2
1455
3
71230
413
102
1
1
1
2
21269
4
77
1
40
12
18
2190
41
16
932
1
56
2
1
92
66
4
365
63
2337
8
8
2
21759
17
10
88
5
58
35997
1
6
706
240
13
10
1
13
15305
9
20
1544
5191
1
11
42
12
27
4
6158
21
2087
6517
104
12
1
5
13
3836
14595
1
9394
171
71
12
6
2
96
7
3
223
65
4
1
23
1
2
4579
14
1
3
9475
144
5
14118
20444
2
119
1
79
32870
69586
23
1034
427
12
2
2
3286
23
47
69
82
1
3
90
24
12
12044
216
32
23
15
2
14
4
98
2
24928
1
3671
45522
6
1
8
712
12802
24
99
44251
11
19219
25529
212
124
3396
6
11
1
6166
34
1523
25332
16
39
189
11
2
5430
1928
14301
12660
5467
17
4
31059
889
218
47
64638
100
19
535
4
11
1204
42
234
14
1
1
1065
8497
1
45
2650
2
1
1
1311
21
2
4
21574
107
501
24306
5
4413
7
2748
1
2604
271
1778
2474
294
25
567
5
7841
85
340940
8
2414
1
1
214
4692
4
12312
1
39
28
4
3
1
20534
99054
17
717
228
1
4
7
1174
1
11
16
2896
8
12
1
1538
2
105
981
5355
18
2
116
2
43
12802
14
203
23
9
1
4353
16
795
7225
626
15
15
36
1448
2
1032
89
1
1859
9
24
164
1833
12948
50
223
78
6
60
146
5510
43
328
16
9
110
469881
26
3
517
2916
20
563
6277
54
18
762
96
8
4
18953
6
587
2140
15
13
4
10
2
211
4
263
1
47
420
2
4
53
2
52
15
106156
493
164
5
565
28456
863
223
2
1136
4
2
69532
76
6
1
72204
43
13
81
7214
39693
346
4112
4
13887
20827
4
11
5344
171195
1
1
8078
1
446
985
112
3
6
38
3581
42
2
31
131
23
1
48
120
1
207
1
84
36820
119
1
3
5
13085
12
1302
904
30044
355
7
125
779
309
2
13
18
154
9
103
100
605
4
9663
5
3508
3
30400
7
10661
1394
1525
3933
1577
1
1
2621
996
2216
15
368
1
5270
15
10036
24
9
8
2
10081
2
5
5
4730
21
170
7
3370
2
9073
18
19
14
729
3150
39
1
26
279
207
6
24
58064
327
338
266
9703
8571
1534
12
16698
6
13
15
6433
37
2
1
93
6
4754
3411
3891
243
1
7341
59
1
7099
3601
7
9
2
17
10
190630
2846
3237
3880
21
573
9813
10
222
244
9
1550
9
11
2
3219
2142
12
611
11
242
91
1
15
164
63031
4290
103
8
450
60
21793
393
1
1
801
16
72
280
45
232
171
2
234
71
736
18
10
219
3
2070
1316
57
2
7
270952
7
3107
381
8728
2
100739
9
1
92
592
460
86
2
2
464
1
15
1612
4
138384
4373
1
11
11808
2
42
11309
5506
241
33
42
2609
41881
5012
152
114574
4
2
1
46
153198
18941
8779
13
214
15
1559
168
100
237
46
164
32161
12
1993
1
1
3
8
5
4
3
5
1206
22420
7417
2
4244
6881
1
665
2
19
1
488
1574
5
19009
1
96
4
16
1754
398
39
5
7140
23142
1
11484
1559
123
2
5
4
3140
4
1
5
3621
14
731
9
673
4877
9277
52
62154
6255
3
2
12
45
383
674
2
16192
2
5
329
162878
566
1
1767
326
22253
3
351
6968
209
6747
762
119
92
9
8991
4
2764
2
45
2
10
108
5286
267
1124
3
3
252
403
684
1528
576
2
357
1
135
436
1
189
33
34
308
27
6
3
47
26779
9
3227
1
19
6
418
33
2366
1
21
6
360
7
3
14
475
11
1117
42
462
1
238
911
42710
1
289
11
1
144
336
13
150
1176
390
12
20536
10
18
1327
133
1
17
21338
1
16
210
30277
2
1
125
13
340
4
34878
2946
4901
473
3
27
6303
345
143
69
11
122
1
381
25
48
4
1036
143
115894
42932
4
186
43443
1545
4
119
1
1
17
1
8536
6
1
47
22
1354
6344
107
47286
2
1
231
7982
60
6
1
112
305
52608
183
44
41
5983
21
314
25
8
21
6
1
1321
3
113
194
86754
11
62
9630
190
15
83
1
1830
1
14430
2380
692
5
119
4
1618
298
104
68650
7
13
1
32
21
3
3264
383
123
11
3447
114
158
8667
18493
67852
1
76556
7
10680
24219
21770
11
2
2
78
366
9428
116
33
252
2
766
5227
40
38
303
72
4908
663
9
225
1
1
692
212
8484
14
4
3322
320
3803
203
697
3
147
8527
91
3
99262
1
4813
89
11
2
2222
333
149
5667
26
68668
2
2
490
1
2
3
30
1
1
803
2
4
9
2
512
4755
2930
46
2273
21046
83
867
7677
21052
1
1
25
44693
6
78
16
69
14
196
45608
519
7
1
5686
736
1
1
6490
16
1
4
40
10925
2
79
28
6
17797
235
5
3
3
535
4
1
3040
22815
10059
1
2810
23
35
2
577
4733
139
44
80
4875
4
3
71
15563
28
110
5
125
81849
23662
248
306
134
16908
7
3
213
2
1
897
1
335
21
10
2
8830
17
1681
2
6936
34
5460
10
1
147
2
7637
29180
489
2
28
237
37327
80
72
106345
1245
582
1157
3
129505
524
4
28
19948
1
11057
242
38
22
1
227
27
114
1
18
76
1
598
51781
3
92333
16
6
12
60
492
8707
1
15228
18
17
32213
1
16
195
112591
18
1
526
197
7
20
1
23
6
25
683
24768
3
1
24
260
13
74907
2
24
10
3
3
3
87
602
46
2
1
466
2155
47670
10080
4108
46
26
1365
20
155
180
906
270
1
7
140
8
23
3
7974
7
769
421
5120
7
1
1
48
1
2288
2632
1160
14
1915
38
16
271
389
13
63574
21561
60
155437
1
3
491
4898
183
3
20
31
26
55
1505
1
5
46
49919
3
1
16
49
2
1
7
1
1714
31
46
189
589
26
2
4
3242
286
1
1
4
29198
1
2332
45
3741
1
7
5
8
14
8
1737
959
5
34645
2
128
32
7785
60
4
127
3
2
10726
1
1848
13
11
1
17
37
1
1497
433
91
19
19
16376
1
20
213
1
15
13177
921
1125
2956
321
1
58739
5
18
1
13
6
5
6773
143430
28
93
642
38
237
152
5
3105
2
3
1
2
1
22
33
40
5
9
38
19432
1623
7
28
5
16287
22
5007
631
3192
551
16
9
19
62
186
1
922
3
543
28272
1
137
23
12611
21130
768
415
5
316
4
10
23
1
1
184
2013
8
42
6
4
15
7
2292
8
13
1
68
38
1
1
4356
49
75
1
1
48819
144
1
35
178
1
39982
1
1
1299
2
19
1959
74
112
1
6839
5
2798
3
4
27
1
37
108
553
15173
4
1
10153
1193
79
66020
13218
88
40
131
2925
43566
4110
3202
108035
4
562
18
58
37
7509
65
1
91408
9
2
1253
417
11
1
13248
7
148
8
1908
41
3
1
1694
1
26
5270
17091
1
97
535
100
1
25178
69
4
142
35
120
1
109
5620
1
34
2
2606
6
1
1971
154
1
220
98
5812
349
1
206
24795
14
136
227
106
1734
595294
137
2
7960
30634
62
212779
3235
1268
34
533
5
8
1
5481
4
1007
1
6008
493
1988
1
7
38
1
204
4
1
2
264
14
5676
244
2
12
955
10234
2
28963
3
3954
8042
5
398
20
3295
1
30
38
19
307
1
204
6
211
1
18
3
3373
30
71
48
2
8
4
127
1
1
829
9
77
1
13591
9
12256
36338
13987
5688
11
708
2
1
121
8
134
809
369
5487
114
302
6123
14
8753
7035
432
2
214
2
37
1
2
1956
131
2
30
6
14
1
8796
3
32
157
383
30338
1
1923
1
41
14
4
35
4
108
3
185
2
41871
16
56
1151
1
232
1
19
1
34
104
28
1
99
677
1393
1
3211
69
8701
121
27853
4394
2597
6
39
2
4644
87121
16
19690
10
425
3032
46
1
242
94
64199
7
1
242
813
1180
46
162266
2
1
1
205
1
25
1
57572
6
26784
18
1
4
29
1
1
1356
13164
361
247
108
26
797
6246
40
15085
17
1289
127
1
132
12
1
9
30846
30779
2
1007
159
2220
21
1
414
7
104545
3429
130
1
128
289
162
8
132
5
1
367
5
1
94024
116
1272
67242
1
1
1
15795
16307
18
434
289
37
10
2
1778
4
4174
223
1
3
1
1116
67
760
8
10798
10
52
3804
8
24
2
17
5
14
236
1184
6198
33
123781
1
1675
19048
4
71
67
161
24550
1
47356
3
124
517
1
1048
12
29
25
5
20
122
4050
662
56
3245
28
239
249
192
215
484
38
660
8
9
75
3
1
1639
362
4
2
3725
12
78
779
13091
1519
7
237
21984
707
1
6
167397
1
678
17
26
3
3517
1552
15
4821
1328
3184
4
29427
4
4
4
30
45197
1
35
1605
2
1
720
18
44
290
136
11
38
8
30
66
148
19778
997
2
10
1
126
53
1
8
3
1
7
191
19
3049
4857
1
2
180
216
1714
16153
31
17
179
2
317
21688
1
54
13
5801
8
109099
26692
10
1534
12449
17763
110
11
176
10397
4418
10
2130
13
2
30
7663
14
120
99
13
3
31505
120
24828
1
32488
447
119543
622
2
41
39
13957
3
196
4
822
7
2841
10
2
44
11
24832
5
12
3664
1121
8
170
4
7
5226
26
1
248
84307
7
3879
145
307
10
94
47701
99
3
2135
144
165
879
106
13
18895
218
112
2
48
7568
17
15
6
12515
8
2
7
1383
3
39537
1
759
4
51
60
448
1
218
1680
2101
7866
729
745
300
8098
7110
85
1
6
1
517
7
2903
2
5953
2
14
1
5315
8
15
65078
293
3778
22235
13
1
6
1530
114
101
5
8
43
13625
1429
11
1
15
440
259735
73478
291
82
233
65
4
75
1
2363
822
1
3585
6061
16477
65
4
638
249
5
1
17
24
5
4
9
78660
41
24
3
4447
2
9
363
1
2580
52
17328
1
67525
20
120
35
126
14
437
1
38414
3
80
48
1177
9
5
220
236
1
2
199
793
223650
1
1
3756
147
28
69
103
5
2141
34
1229
23460
44545
20
1261
3
147895
2
329
1
12
3
4151
1
27
14864
191
9576
4219
3059
589
249
2302
19854
1
16
1
4
2
493
19918
2
543
86707
544
10
8117
6160
11946
2
117
22
5
50
283
1
32172
776
29
1
8
2
234
23674
1
3726
13
135
1
2482
2027
45
15
141503
292
1
45
8
106
9
3636
1
29
1
21
4
503
2
10
57
1
31710
165
18873
433
627
5
74
34
1
2
17
6
15
127
604
5
2
13
1975
2
1
66
344
3
1297
10
56535
6
887
3340
210
433
15
65
1459
1
1
1
7
3766
1280
2185
6
3
27
425
36308
59
7
498
1177
1
19924
14
1911
231
32
49
89
4
6
41227
10
8
3
142
325
481
9
3
117
197
2371
5
5169
41
4
1
455
17
6470
7
5841
63468
23
23
3
2215
3709
18
6
99
6580
242
13
22
43
1110
35
84
4
21
139
11952
1
2630
257
3
311
27
277
39
102
3908
1
12
851
23003
610
3268
45
7
277
992
889
6
352
6
5
59
2
383
21921
48
24
3956
305
87
9505
3
1
6
1
7
115
3
3
5
773
385
20079
86
12
4569
10
1
11
180
16223
1165
187
387
38
1861
3
7
17
1
539
1298
165825
2737
2
4
16559
2068
8
5
84555
2
1505
27
1
5
6
934
3
41
58863
2454
1
7
12030
2
143
2480
13789
3
62072
42
2
23
2
1575
5051
2419
220
3
63
6
219
48
44151
1
5
8
1
357
510
39142
11
15392
243
32
1
476
1711
35
64
40522
45
6
1
20
1
3
2
1
426
1112
2
20
2566
4
13
3864
1
52
362
340
25
1562
1
1
35501
34
2014
1
1
3
3580
16
375
12
20
16
137
52
1
1673
3
1
2
471
98452
113
36
2427
610
13
1384
66
4
15
8
1
4488
69
72625
48
1
38
6
136
1
1
11
707512
315
13
646
2495
1344
8
1
5
43
285
1
163
7
8
19
1
355
13
188
38
9
157
126
2
11
2185
7385
3412
1629
1491
175
6
624
18
5
1
65
8914
3
10
402
13
30141
247
1
19
3
1303
1
1
25
36
21
4
1
86
145
31
11934
185
1
6
78
24
351
17991
11
5712
258
16
976
2621
9376
3504
42
663
2275
2
368
3
75
154
82655
1
59
1
54743
1
1
9999
9976
17
17
1
31
1
1
111
18881
1
21
3
13
15
72
314
1
17
40
14783
2
16
204
989
15
1
585
18543
1113
1930
3
146
3
5
4192
247
228
4345
16463
1814
61
7657
330
4
47
154
4891
61
19
321
363
1
4336
25
23
56
9
45
25499
1
794
1
40
47
19
403
4
437
3
38965
1
53428
3
1033
296
7367
3305
2070
6545
1
2
1
4
24
6341
286
1
1
4
115
1
42410
2
10
1
7061
2
27
14
2
287
6
26950
1
2
1
33
113
390
15
213
273
618
8
3
3
5223
18
769
7320
4
750
211
1455
25455
8
80
66474
493
322
819
2
2715
76
210
588
648
1
1
671
2421
4
17
3
267
10
1
1
72203
5
1
80815
2626
37
38
2
1553
367
198229
26
22
29546
660
3
78
320
223
147
26712
2
17
2533
449
605
1
12
165
917
295
18269
9
4737
1321
21
3954
50597
7
46
9
112
44
203
271
23
1
23
1
7
2178
1
55
22
2
106
5006
6
20
2
2
823
12
156
5139
77867
2976
278
220
66
5218
2
18
37507
30
4
5236
199
10
34
5
9
1
2
2
1
22516
306
13
3
34
189
52
19689
10
22
2
674
1
1155
1
4329
1476
1
76
285
333
85
2820
6
2
9
33906
195
19
6341
3047
37
37
2
15148
84
10
113
373
45389
9578
73
3
26
35073
1
2
304
2
15
20
2
7
1
1
14140
1
23
6
46
86
48
10016
133
688
34
90
916
22633
8
2
1804
7
34239
2
775
36
71
9
79
3
2578
3
22
25
6
765
1
2
928
6759
11
72
6
855
3
21553
557
1691
147
31396
11
263
10
27
20921
298
2789
4
127
267
2
16
6
376
21144
132039
642
2
5
7141
31
2
9
1
5
21
1
3
99473
28048
1
4
168
2
1
4
2924
5
46
2
12
2
111
1
16118
1473
47
5
716
25340
6
1
14
3
70
46915
2
42
40184
55
303
892
27
1
12592
6226
1003
5
30
1164
407
23
2
10
10
55
2
3
1
9
1869
14
2180
3
129027
1
73
279
5
1
1
12434
4613
3
7
1836
30
107430
144
162
402
30
53
3243
5
1
52297
1
33
607
3
1
7
1
61
3
57
1
30921
1255
8
31
1092
15
1
9
8666
1
953
14
27
1
1
14568
32
121
1
32
26660
2
5363
1548
21
2
34
13
73
6
9
63488
1
1
1
15
14755
2
3
154
39
1
11
12
4
2566
2
11
38
48344
51
6233
16
32
434
15
165
33
993
2
1098
29082
11714
62
23
4745
22211
739
711
2372
70363
496
8
28096
821
12
2522
1
16312
5
8
45
266
87
1
2
181
10903
3393
13764
1381
1135
1
1
23
14938
9
527
58
1
5
56
7
1
19089
8
3
47
6
1
43856
3
930
6
3
1
2681
215
93
16
585
1316
2854
10
79
1
5429
254
307
151
21983
2626
30873
398
1245
4
24
3
14
2
394
68
131
2
110
35
2
2
30
4
4
35
1
7
2
4
38141
1
104
1328
3551
1
5622
886
2
13
7421
28
11843
2
2
17
24
9
63
1
225
17
13
23
5442
18
1
2
3
163533
7511
73
1
27
153
374
2
7
1
1
37696
74
3
1
936
751
855
2
275
1
524
197
1
19642
153
1
10154
2
1255
668532
1
22613
13
2
38
71
9
22281
371
1560
2
6496
156
338
55607
12354
84
2
10
24093
567
18
1
327
4
8
4
103995
4240
3
95
2
4930
7
4763
6
56
28
2
6127
1
262572
1
3
6
111
514
597
1
4
5602
44
1
2638
903
9997
15
949
71398
52
49
4135
274
15
347
8
36606
3
1
2
34820
2
893
3
1
43
8
8
76
267
252
9
17
4
6558
2
1
6
100
3419
2
7210
581
37
2
114
623
1
3
23
15
2
201
13
5
197
6
1
23033
2
15395
1284
4
15527
26
6
463
1219
40072
12
10
7
1
3
24
127
27704
2
59
1
2
115
35
132
12002
941
97465
1
2
5001
38
11
2
275
386
25
106
965
32562
43300
30
3
31
390
8
1449
47
1
8161
455
2
103
95
5
1
17
672
17
228
6
1
1
28
1
5791
256
4229
184
126
1
74
57
1
2
1
102
11
127
1
350
154
1647
2
41
19342
1
86
8
909
1
1577
868
1
4405
9
1
8
818
7852
49136
59
17
34001
44
292
8996
153
576
1036
16
80
1
125
2
817
201
1
3490
325
1
1
6903
5905
37
3
574
34
2
7043
16
2762
269
3
4
2
2
124
1
2
61175
3
1
1226
19348
63
340
9
20
2
2409
12913
7
9
3
1364
95
5
70351
689
1013
22790
40
12376
330
1
389
358
22
399
121
544
39
429
12
11
116
26
685
1072
1139
60
37
8
3479
1
43895
153
308
6538
231177
27185
26
475
2
1
72
22
2
7
5
10
27
58
9457
353
1
60763
1779
2556
7
52838
83
3
87
208
2192
3671
41
1082
3253
4
1
14
1
3145
135180
90
610
32
1
1494
38
2
1
1062
3
3256
335
306
5
128
3
3902
1
3
2013
119643
668
23
2
4
2
3380
4
37547
776
238
31
268
2
35
8
18
22940
2
623
529
31
1
1
1
320
58815
890
15
11
68
5
5
1224
14150
56
1519
2
1
78
153
191
171758
4
67
214
2012
31498
2
9
4
2878
12989
131
7
5
782
2866
2
47
3200
536
30
3
1
1
35
17
4173
4551
4600
7354
15234
1
1
408
2
2669
5481
12
1
4
40
2
3
30
11935
998
147
7
54
18906
106
21
1
2
458
3
8
247
73
6
3083
7
118
2
3
1
6
483
256
57910
826
432
3
12962
4
55
20
1
16
65
196
15
158
10256
1
153
2
2859
1867
10983
95
525
112
1
97
1104
56
9003
2538
1
10555
2
55
3
212
1637
4
1
17
815
185
2
7
11338
2
54
53
322
2394
2
5
19298
1
1
12
302
1
1
78
119
13
118
103
491
12
11
1
38
343
202
279
5291
4106
21
6141
46
13
93
40
6
243
44
529
21
32334
97
63
28044
10
39
1
19
114
23
1
42
1
2928
3247
32
128
207255
590
1610
154914
1
4797
34724
40
8783
166
3
3
750
5
2
24519
1
10
24
2
63
540
447
1
91
3692
16
11
298
16838
12313
2763
3187
161
4
178
551
56
1
126
13
18
96741
5
6
1
2479
1
7
13
46
23
1
2
769
556
2840
62
57
2
2
21172
81
59
2
59
1
190959
16
35
4
16487
413
11
3620
17
125
1
1827
7441
29
6
11369
188
1
458
2
128
178
13755
10
6682
8
154
5139
2
42
3
2
8262
20
87
152
2800
1445
3544
1
160
2
2
3
528
13588
1
187
32379
1
2259
23
126
32
2936
12972
46
208
3
8684
1
3
37477
1
139713
805
6
20
34
10
29728
1
13586
30213
13251
29
9
3079
1
1055
1
12523
40
6
3
7
524
748
5140
87
2
32
11564
1625
21
100009
40289
4
21
3
10
16
4
43
91
1
67
3
14655
1
104
9
2
15
93
1
22
21980
86
35834
48155
6
293
2
4
1
169
2
1566
173
145218
119
189
3038
1
6522
39600
5745
478
1920
80287
16
5
58
6
2297
2142
7474
575
2053
7
35
2
6362
261
135
22
71529
512
50222
419
11
94
1
2
5
827
8709
14
2
139
700
1
1
15
2637
3
96
35
1544
7
188
153
3264
7938
252
115397
3
3
58
38
32
392
1
3
1090
4
1051
27985
1
163
3
43566
1
3
36
8
1039
6
1
5498
1
14055
57
9
1915
70
1
457
124
2
196
14268
115243
1
1
1621
1
2
2
3
371
27905
2
3
3
51
34
448
20
5
62
8
39011
13
116
34
1456